invitation,"['information', 'presentation', 'organization']"
accept,"['acceptable', 'account', 'lace']"
say,"['stay', 'way', 'saying']"
person,"['personal', 'son', 'reason']"
happy,[]
write,"['written', 'wrote', 'withwe']"
pleased,"['pleases', 'passed', 'pleasures']"
other,"['others', 'ofthe', 'note']"
letter,"['letters', 'latter', 'letterhead']"
see,"['seem', 'use', 'secure']"
have,"['gave', 'leave', 'shared']"
offer,"['foroffer', 'office', 'offices']"
company,"['accompanying', 'woman', 'community']"
able,"['workable', 'sales', 'absolute']"
thanks,"['thank', 'think', 'thanking']"
enclosed,['enjoyed']
want,"['wait', 'warrant', 'woman']"
meeting,"['keeping', 'requesting', 'thing']"
do,['done']
time,"['times', 'timely', 'ultimate']"
how,"['show', 'shown', 'own']"
let,"['wallet', 'talent', 'lot']"
use,"['useful', 'see', 'excuse']"
tell,"['telling', 'timely']"
kind,"['find', 'kindness', 'taking']"
asking,"['taking', 'passing', 'tracking']"
week,['weekend']
contract,"['intact', 'demonstrate', 'contributed']"
call,"['small', 'wallet', 'casual']"
help,"['helpful', 'ofheld']"
writing,"['written', 'letterwriting', 'write']"
part,"['art', 'past', 'start']"
good,"['goods', 'goodwill', 'go']"
send,"['spend', 'sends', 'sent']"
brief,"['write', 'bored']"
word,"['work', 'worth', 'order']"
add,"['did', 'handled']"
personal,"['person', 'professional']"
mail,"['mile', 'small', 'formal']"
respond,"['reason', 'spend', 'responsible']"
stationery,"['presentation', 'strangers', 'sincerity']"
children,[]
thank,"['thanks', 'think', 'thanking']"
wait,"['want', 'write', 'it']"
letterhead,"['lettersdear', 'letter', 'flattered']"
great,"['relate', 'related', 'read']"
appreciate,"['appreciated', 'appreciative', 'appreciation']"
office,"['offices', 'offer', 'efficiency']"
year,"['years', 'hear', 'learn']"
speak,"['special', 'spend']"
next,"['extra', 'contexts', 'extend']"
work,"['word', 'worth', 'workshop']"
much,"['such', 'howmuch', 'lunch']"
looking,"['doing', 'taking', 'filing']"
best,['upbeat']
gives,"['gave', 'times', 'likes']"
ways,"['way', 'awards']"
way,"['ways', 'say', 'day']"
easiest,"['pleases', 'cases', 'relatives']"
letters,"['letter', 'lettersdear', 'ischletters']"
find,"['kind', 'fine', 'friends']"
membership,"['remember', 'cardmember']"
workshop,"['workshops', 'work', 'worth']"
express,"['expressing', 'interests', 'impressed']"
home,"['hope', 'hoses', 'homeless']"
equipment,"['sentiments', 'recipients', 'department']"
group,"['groups', 'generous', 'proud']"
future,"['culture', 'turned', 'figure']"
actions,"['relations', 'association', 'relationship']"
avoid,"['said', 'favor']"
busy,['bonus']
tips,"['times', 'is', 'things']"
possible,"['responsible', 'problem', 'positive']"
deal,"['model', 'ideas', 'early']"
make,"['market', 'made', 'remark']"
enthusiastic,[]
employers,"['employees', 'employee', 'implies']"
friends,"['find', 'sends']"
go,"['got', 'good']"
sentence,"['onsentencesas', 'sentiments', 'sent']"
saying,"['paying', 'annoying', 'taking']"
more,"['store', 're', 'order']"
special,"['specific', 'speak', 'technical']"
remark,"['market', 'premier', 'year']"
complimentary,"['compliment', 'compliments', 'community']"
information,"['transformation', 'invitation', 'organization']"
goodwill,"['good', 'goods']"
cases,"['case', 'increases', 'pleases']"
day,"['today', 'way', 'say']"
receiving,"['received', 'recycling', 'giving']"
sent,"['send', 'present', 'spend']"
case,"['cases', 'care', 'chaos']"
handwritten,"['written', 'write']"
e,"['re', 'ed']"
language,"['managed', 'lane']"
formal,"['formality', 'forum', 'mail']"
thoughtful,"['thought', 'delightful']"
join,"['joins', 'point', 'doing']"
generous,"['generosity', 'enormous', 'groups']"
support,"['superior', 'suppliers', 'superb']"
telling,"['tell', 'thing', 'steering']"
stories,"['store', 'sectors', 'times']"
record,"['report', 'sectors', 'respond']"
graduation,"['congratulations', 'admiration', 'organization']"
read,"['area', 'related', 'repay']"
impressed,"['passed', 'interested', 'present']"
attention,"['valentine', 'patent', 'determination']"
it,"['wait', 'gift']"
society,"['solicit', 'sincerity']"
new,['one']
wishes,"['withwe', 'wide']"
enjoyed,"['enjoy', 'enclosed']"
dynamic,[]
community,"['committee', 'company', 'account']"
hours,"['youri', 'humor', 'hoses']"
last,"['past', 'lost', 'fast']"
understand,"['stand', 'interested']"
standard,"['stand', 'star', 'start']"
minutes,"['notes', 'interests', 'movies']"
stay,"['say', 'star', 'today']"
corporate,"['report', 'comfortable']"
compliments,"['compliment', 'complimentary', 'clients']"
thought,"['thoughtful', 'enough']"
enjoy,['enjoyed']
received,"['receiving', 'excessive', 'arrived']"
know,['knowing']
sympathy,['sympathetic']
acknowledgment,"['acknowledgments', 'knowledgeable']"
order,"['word', 'more', 'graders']"
acknowledgments,"['acknowledgment', 'knowledgeable', 'compliments']"
message,['impressed']
need,"['ed', 'generated', 'turned']"
appropriate,"['appreciate', 'appreciated', 'appreciative']"
sales,"['able', 'small', 'slate']"
payment,"['payments', 'patent', 'department']"
gifts,"['gift', 'gives', 'fifth']"
hear,"['heard', 'year', 'hard']"
business,"['effusiveness', 'kindness', 'quintessence']"
payments,"['payment', 'patent', 'department']"
arrived,"['received', 'surprised', 'shared']"
made,"['make', 'model', 'market']"
gift,"['gifts', 'it', 'fifth']"
congratulations,"['graduation', 'relations', 'commendations']"
note,"['notes', 'noticed', 'wrote']"
handled,"['tangled', 'valued', 'shared']"
written,"['write', 'handwritten', 'writing']"
report,"['reprints', 'record', 'effort']"
people,"['problem', 'role', 'hope']"
several,"['clever', 'see']"
is,"['tips', 'disk']"
enough,['thought']
passed,"['pleased', 'assured', 'based']"
excuse,"['use', 'case']"
present,"['presentation', 'sent', 'testament']"
appreciation,"['appreciationjob', 'appreciative', 'appreciate']"
kindness,"['kind', 'business', 'ideas']"
thing,"['things', 'think', 'thanking']"
department,"['patent', 'payment', 'payments']"
timely,"['time', 'times', 'tell']"
one,"['done', 'son', 'own']"
sending,"['enduring', 'send', 'steering']"
customers,"['customer', 'youngsters', 'stories']"
suppliers,"['superb', 'supervisor', 'support']"
supervisor,"['superior', 'suppliers', 'superb']"
plans,"['pleases', 'pleased', 'past']"
expressing,"['express', 'passing', 'professional']"
most,"['lost', 'cost', 'movies']"
spend,"['send', 'sends', 'pen']"
organization,"['recognition', 'hospitalization', 'graduation']"
public,[]
figure,"['figures', 'future', 'picture']"
foldovers,[]
keep,"['kept', 'keeping']"
hard,"['heard', 'shared', 'hear']"
memo,"['memory', 'method']"
casual,"['soul', 'case', 'call']"
appreciated,"['appreciate', 'appreciative', 'appreciation']"
presentation,"['present', 'relations', 'appreciation']"
taking,"['tracking', 'thanking', 'asking']"
referred,"['preferable', 'regarded', 'received']"
customer,"['customers', 'store']"
knowing,"['know', 'doing', 'annoying']"
chance,"['handled', 'lane', 'lace']"
committee,['community']
today,"['day', 'told', 'stay']"
problem,"['role', 'trouble', 'possible']"
employee,"['employees', 'employers']"
store,"['stories', 'star', 'sectors']"
lettersdear,"['letters', 'letterhead', 'letter']"
leave,"['clever', 'pleases', 'pleased']"
others,"['other', 'ofthe', 'notes']"
editorial,['trivial']
responsible,"['possible', 'respond']"
extra,['next']
key,[]
talent,"['talented', 'wallet', 'valentine']"
old,"['told', 'solved', 'ofheld']"
divisions,['invitation']
has,"['chaos', 'thanks', 'hat']"
discount,['account']
learn,"['learned', 'clear', 'year']"
quality,"['ability', 'formality']"
relations,"['relationship', 'relatives', 'actions']"
done,"['one', 'donated', 'drove']"
credit,"['read', 'care', 'card']"
years,"['year', 'hear', 'easy']"
due,"['use', 'double']"
doing,"['sending', 'looking', 'knowing']"
past,"['part', 'last', 'fast']"
inconvenience,['onsentencesas']
only,[]
opportunity,['community']
such,"['much', 'lunch']"
care,"['career', 'case', 'card']"
positive,"['possible', 'point', 'appreciative']"
high,"['thing', 'right', 'things']"
coupon,"['company', 'account']"
small,"['mail', 'call', 'sales']"
return,"['turn', 'returning', 'returnthink']"
account,"['discount', 'accurate', 'encounter']"
keeping,"['keep', 'meeting', 'steering']"
newspaper,[]
continued,"['contributed', 'obtained', 'noticed']"
surprised,"['supervisor', 'purpose', 'assured']"
exceptional,"['description', 'exaggeration', 'selection']"
passing,"['passion', 'paying', 'asking']"
solution,"['selection', 'suggestion', 'suggestions']"
latter,"['letter', 'flattered', 'letters']"
memory,"['memo', 'more']"
employees,"['employee', 'employers', 'pleases']"
things,"['thing', 'think', 'thanking']"
favor,"['factory', 'forum', 'floor']"
specific,['special']
advantage,"['managed', 'average']"
advice,"['service', 'made', 'lace']"
right,"['rich', 'high', 'delight']"
little,"['latter', 'written', 'mile']"
excellent,"['excellence', 'clients']"
excessive,"['received', 'excuse', 'expressing']"
cost,"['most', 'lost', 'chaos']"
art,"['part', 'start', 'market']"
got,"['go', 'lot']"
manner,"['banner', 'man', 'managerial']"
point,"['join', 'reprints', 'positive']"
typed,['spend']
giving,"['receiving', 'having', 'filing']"
hope,"['byhope', 'home', 'op']"
performance,['performed']
returning,"['turning', 'returnthink', 'return']"
interested,"['interests', 'increases', 'impressed']"
requesting,"['meeting', 'returning', 'receiving']"
page,"['paying', 'patent', 'passed']"
son,"['shown', 'spoken', 'reason']"
reason,"['respond', 'son', 'relations']"
lot,"['lost', 'let', 'got']"
gave,"['have', 'leave', 'gives']"
re,"['rule', 'rose', 'role']"
times,"['time', 'timewish', 'timely']"
felt,"['feel', 'feels', 'relate']"
offices,"['office', 'offer', 'movies']"
turned,"['turn', 'return', 'future']"
think,"['thing', 'thank', 'things']"
grateful,"['refusal', 'great']"
feel,"['feels', 'felt', 'ofheld']"
noticed,"['note', 'obtained', 'notes']"
useful,"['use', 'successful', 'refusal']"
suggestion,"['suggestions', 'solution', 'exaggeration']"
own,"['shown', 'son', 'one']"
consider,"['corners', 'order']"
like,"['likes', 'life', 'unlikely']"
put,['puts']
habit,"['hat', 'wait', 'ability']"
meant,"['man', 'want', 'sent']"
wrote,"['write', 'written', 'rose']"
professional,"['personal', 'expressing', 'passion']"
program,"['performed', 'prompt']"
financial,['principal']
certain,['taking']
helpful,"['helpfulness', 'help', 'useful']"
seem,"['see', 'system', 'secure']"
talk,"['thank', 'thanks', 'talent']"
building,"['filing', 'doing']"
thanking,"['taking', 'thing', 'thank']"
deadline,['deal']
obliged,"['obtained', 'solved', 'double']"
desk,"['disk', 'ideas', 'dreams']"
effort,"['efforts', 'report']"
compliment,"['compliments', 'complimentary', 'clients']"
upbeat,"['suspect', 'past', 'part']"
said,"['stand', 'avoid', 'shared']"
superior,"['supervisor', 'superb', 'support']"
colleague,[]
technical,"['potential', 'special']"
service,"['secure', 'advice', 'see']"
early,"['year', 'hear', 'easy']"
flattered,"['latter', 'letterhead', 'letter']"
ideas,"['dreams', 'wide', 'easy']"
suggestions,"['suggestion', 'solution', 'exaggeration']"
performed,"['performance', 'promoted', 'chaperoned']"
award,"['awards', 'word', 'warm']"
proud,"['promoted', 'group']"
told,"['old', 'today', 'solved']"
life,"['like', 'likes', 'little']"
based,"['passed', 'send', 'pleased']"
relationship,"['relations', 'relatives', 'reflection']"
card,"['hard', 'care', 'heard']"
remember,"['cardmember', 'premier', 'membership']"
association,"['appreciation', 'passion', 'admiration']"
shared,"['hard', 'hearted', 'heard']"
admiration,"['graduation', 'dedication', 'determination']"
lost,"['lot', 'most', 'last']"
outstanding,"['sending', 'thanking', 'stand']"
happiness,['helpfulness']
attractive,"['appreciative', 'relatives', 'attaching']"
notes,"['note', 'others', 'noticed']"
anecdote,"['note', 'notes']"
hearted,"['heard', 'shared', 'hear']"
humor,"['more', 'hours']"
delight,"['delightful', 'right']"
clever,"['leave', 'clear', 'letter']"
consuming,[]
postcards,"['star', 'card']"
sends,"['send', 'spend', 'sent']"
clients,"['compliments', 'recipients', 'compliment']"
relatives,"['relate', 'relations', 'related']"
fifth,"['gift', 'sixth', 'ofthe']"
prompt,"['promoted', 'program', 'problem']"
knowledgeable,"['acknowledgment', 'acknowledgments']"
premier,"['reminder', 'remember', 'remark']"
assured,"['passed', 'treasure', 'based']"
dependable,"['preferable', 'acceptable']"
success,"['successful', 'successrealize']"
successful,"['success', 'successrealize', 'useful']"
photograph,[]
double,"['trouble', 'due', 'problem']"
woman,"['man', 'want', 'company']"
increases,"['cases', 'interests', 'interested']"
purpose,"['rose', 'surprised', 'use']"
description,"['determination', 'dedication', 'exceptional']"
sentiments,"['times', 'sentence', 'equipment']"
career,"['care', 'cardmember', 'clever']"
rule,"['role', 'trouble', 're']"
wide,"['write', 'ideas', 'withwe']"
area,"['read', 'care', 'repay']"
energy,"['scenery', 'generosity']"
promoted,"['prompt', 'performed', 'wrote']"
stand,"['standard', 'understand', 'tangled']"
easy,"['years', 'teams', 'repay']"
systems,"['system', 'teams']"
potential,"['technical', 'patent', 'special']"
recycling,"['receiving', 'telling']"
having,"['thing', 'thanking', 'things']"
justice,['use']
adult,[]
related,"['relate', 'relatives', 'read']"
factory,"['favor', 'category', 'faster']"
fine,"['find', 'office', 'filing']"
entire,"['valentine', 'sentiments', 'noticed']"
valued,"['tangled', 'handled', 'assured']"
did,['add']
delightful,"['delight', 'thoughtful', 'meaningful']"
expected,"['unexpected', 'extend', 'youexpended']"
skills,[]
branch,['rich']
lunch,"['such', 'much', 'luck']"
surgery,"['strangers', 'superb', 'secure']"
degree,[]
clear,"['learn', 'clever', 'year']"
picture,"['culture', 'turned', 'secure']"
heard,"['hear', 'hard', 'hearted']"
learned,"['learn', 'lane', 'pleased']"
genuine,"['enduring', 'valentine', 'encounter']"
secure,"['see', 'excuse', 'surgery']"
invited,[]
sincere,"['insincere', 'sincerity', 'interests']"
unexpected,"['expected', 'youexpended', 'extend']"
show,"['shown', 'how']"
trouble,"['double', 'rule', 'role']"
disabilities,['ability']
appreciative,"['appreciate', 'appreciated', 'appreciation']"
bonus,"['busy', 'fabulous', 'joins']"
contributed,"['continued', 'knowcontributions', 'contract']"
recognition,"['organization', 'appreciation', 'reflection']"
relate,"['related', 'relatives', 'slate']"
impact,"['intact', 'past', 'part']"
warm,"['award', 'awards']"
start,"['star', 'art', 'stay']"
fan,['man']
generosity,"['generous', 'sincerity', 'generated']"
token,"['spoken', 'store']"
system,"['systems', 'seem']"
slate,"['relate', 'latter', 'related']"
bored,"['word', 'read', 'more']"
paying,"['saying', 'passing', 'annoying']"
ischletters,"['letters', 'letter', 'lettersdear']"
sincerity,"['sincere', 'insincere', 'stationery']"
pleasures,"['pleases', 'pleased', 'treasure']"
turning,"['returning', 'featuring', 'turn']"
wallet,"['talent', 'let', 'want']"
intact,"['contract', 'impact', 'invitation']"
likes,"['like', 'life', 'implies']"
ordinary,"['honorary', 'today', 'order']"
strangers,"['stationery', 'tangled', 'surgery']"
encounter,"['encouragement', 'youngsters', 'volunteers']"
demonstrate,"['donated', 'contract', 'generated']"
average,['advantage']
efficiency,['office']
mile,"['mail', 'movie', 'movies']"
awards,"['award', 'word', 'ways']"
commendations,"['compliments', 'congratulations', 'relations']"
encouragement,['encounter']
extend,"['expected', 'unexpected', 'weekend']"
privileges,[]
figures,"['figure', 'future']"
speeches,['sentence']
workshops,"['workshop', 'work']"
reflection,"['selection', 'reflect', 'relations']"
bolsters,"['others', 'youngsters', 'volunteers']"
reminder,"['premier', 'remember', 'order']"
maximum,[]
insincere,"['sincere', 'sincerity']"
feels,"['feel', 'felt']"
comfortable,"['workable', 'corporate']"
effusiveness,"['business', 'helpfulness']"
exaggeration,"['determination', 'suggestion', 'graduation']"
luck,"['quick', 'lunch']"
implies,"['times', 'likes', 'compliments']"
solicit,"['society', 'sincerity']"
meaningful,['delightful']
formality,"['formal', 'quality', 'ability']"
shown,"['show', 'son', 'own']"
determination,"['dedication', 'admiration', 'description']"
reflect,"['reflection', 'selection', 'relate']"
pleases,"['pleasures', 'pleased', 'easiest']"
enormous,['generous']
generated,"['interested', 'generosity', 'related']"
turn,"['turned', 'return', 'turning']"
refusal,"['grateful', 'useful']"
teams,"['dreams', 'systems', 'easy']"
sectors,"['stories', 'store', 'selection']"
groups,"['group', 'generous', 'rose']"
solved,"['old', 'obliged', 'told']"
enduring,"['sending', 'returning', 'featuring']"
testament,"['talent', 'sentiments', 'department']"
excellence,['excellent']
puts,['put']
category,['factory']
valentine,"['talented', 'talent', 'entire']"
honorary,['ordinary']
movie,"['movies', 'more', 'mile']"
star,"['start', 'stay', 'store']"
dreams,"['teams', 'ideas', 'reason']"
acceptable,"['accept', 'dependable']"
unlikely,"['like', 'likes']"
donated,"['done', 'demonstrate', 'generated']"
nonprofit,[]
addresses,[]
celebrities,['relatives']
obtained,"['continued', 'tangled', 'obliged']"
attaching,"['thing', 'tracking', 'things']"
letterwriting,"['writing', 'letter', 'meeting']"
man,"['woman', 'meant', 'manner']"
quintessence,"['sentence', 'business']"
fast,"['faster', 'past', 'last']"
lane,"['lace', 'learned', 'slate']"
culture,"['future', 'picture', 'turned']"
regarded,"['regardset', 'garden', 'related']"
spoken,"['token', 'spend', 'son']"
dash,"['ideas', 'dreams']"
rich,"['right', 'branch']"
featuring,"['returning', 'turning', 'enduring']"
scenery,"['energy', 'sincerity', 'clever']"
reprints,"['report', 'recipients', 'point']"
movies,"['movie', 'stories', 'offices']"
interests,"['interested', 'increases', 'sincere']"
contexts,"['next', 'corners', 'contract']"
quick,"['sick', 'luck']"
trivial,['principal']
warrant,"['want', 'art']"
pen,"['spend', 'spoken', 'person']"
preferable,"['referred', 'vulnerable', 'dependable']"
rose,"['role', 'purpose', 'wrote']"
garden,"['regarded', 'regardset', 'graders']"
drove,"['rose', 'role', 'done']"
fabulous,['bonus']
patent,"['payment', 'department', 'payments']"
heartedsensationaluniquefascinatingmemorablesincerevaluablefavoriteone,[]
kindspecialwelcomegenerousoverwhelmedstunnedgraciouspleasedsuperbphrasesappreciate,[]
youri,['hours']
knowcontributions,"['contributionexpertiseit', 'contributed', 'congratulations']"
ourappreciategratitude,"['appreciated', 'appreciative', 'appreciate']"
appreciationjob,"['appreciation', 'appreciative', 'appreciate']"
foroffer,"['offer', 'order']"
complimentsdelighted,"['compliments', 'compliment', 'complimentary']"
aboutlet,"['absolute', 'able', 'adult']"
howmuch,"['much', 'how']"
likedheard,"['heard', 'letterhead']"
successrealize,"['successful', 'success']"
worth,"['work', 'word', 'workshop']"
ofheld,"['ofthe', 'old', 'told']"
regardset,"['regarded', 'garden', 'present']"
byhope,"['hope', 'home']"
returnthink,"['returning', 'return', 'turning']"
ofthe,"['other', 'others', 'ofheld']"
somedayi,['today']
withwe,"['write', 'wishes', 'written']"
timewish,"['times', 'time']"
welland,[]
youexpended,"['unexpected', 'expected']"
dedication,"['admiration', 'determination', 'description']"
andimportant,[]
contributionexpertiseit,['knowcontributions']
onsentencesas,"['sentence', 'inconvenience', 'sentiments']"
principal,"['financial', 'trivial', 'special']"
absolute,"['aboutlet', 'able', 'solution']"
treasure,"['pleasures', 'assured', 'regarded']"
sympathetic,['sympathy']
hospitalization,['organization']
bypass,"['passed', 'pleases', 'passion']"
managed,"['tangled', 'managerial', 'language']"
repay,"['read', 'easy', 'area']"
neighborhood,[]
hat,"['habit', 'has', 'art']"
recipients,"['reprints', 'clients', 'compliments']"
scholarships,[]
banner,"['manner', 'lane']"
efforts,"['effort', 'report']"
been,['extend']
cardmember,"['remember', 'career', 'membership']"
preapproved,"['regarded', 'performed']"
ultimate,"['time', 'times', 'slate']"
volunteers,"['youngsters', 'bolsters', 'encounter']"
tangled,"['managed', 'handled', 'talented']"
hoses,"['rose', 'hope', 'home']"
struggled,"['trouble', 'tangled', 'rule']"
annoying,"['saying', 'paying', 'knowing']"
boom,[]
lace,"['lane', 'slate', 'relate']"
goods,"['good', 'goodwill']"
selection,"['reflection', 'solution', 'relations']"
handiwork,"['work', 'handwritten']"
corners,"['order', 'contexts', 'consider']"
globe,[]
transformation,"['information', 'association']"
tracking,"['taking', 'thanking', 'asking']"
faster,"['fast', 'latter', 'flattered']"
accurate,['account']
method,"['told', 'memo']"
forefront,[]
market,"['make', 'remark', 'art']"
talented,"['talent', 'valentine', 'tangled']"
forum,"['formal', 'floor', 'favor']"
steering,"['turning', 'telling', 'sending']"
suspect,"['upbeat', 'superb', 'use']"
workable,"['work', 'able', 'comfortable']"
soul,"['useful', 'solved', 'double']"
kept,"['keep', 'report', 'market']"
overflowing,[]
sick,['quick']
chaos,"['has', 'cost', 'case']"
managerial,"['managed', 'manner']"
floor,"['forum', 'favor']"
accompanying,"['company', 'paying', 'annoying']"
sixth,['fifth']
graders,"['order', 'strangers', 'garden']"
weekend,"['week', 'extend']"
chaperoned,"['performed', 'shared', 'person']"
dozens,"['done', 'desk']"
helpfulness,"['helpful', 'homeless', 'effusiveness']"
ability,"['quality', 'habit', 'disabilities']"
camp,[]
youngsters,"['volunteers', 'bolsters', 'encounter']"
role,"['rule', 'rose', 'trouble']"
model,"['more', 'made', 'deal']"
joins,"['join', 'point', 'doing']"
superb,"['superior', 'suppliers', 'supervisor']"
disk,"['desk', 'is']"
filing,"['building', 'giving', 'writing']"
fascinated,"['appreciated', 'faster', 'appreciate']"
introductory,[]
brochure,['bored']
op,['hope']
ed,"['send', 'read', 'need']"
followed,[]
passion,"['passing', 'association', 'professional']"
vulnerable,['preferable']
homeless,"['home', 'helpfulness', 'hoses']"
