accept,[]
say,"['way', 'saying', 'day']"
person,"['reason', 'pen', 'expression']"
write,"['written', 'writing', 'wait']"
other,"['father', 'note', 'hear']"
letter,"['letters', 'better', 'lettermuch']"
first,"['rest', 'finalist']"
see,"['sense', 'set', 'secret']"
have,"['share', 'phrase', 'change']"
offer,"['offered', 'other', 'order']"
date,"['dates', 'late', 'paste']"
company,"['many', 'copy', 'coupon']"
look,['hooked']
thanks,"['thank', 'takes', 'thanking']"
enclosed,"['enclosing', 'enjoyed', 'envelope']"
want,"['wait', 'meant']"
job,[]
do,['does']
time,"['times', 'meantime']"
how,[]
position,"['situation', 'promotion', 'postponed']"
kind,"['mind', 'find', 'taking']"
asking,"['taking', 'thanking', 'saying']"
week,"['weeks', 'wheel']"
contract,"['correct', 'contribution', 'congratulate']"
call,"['calling', 'cancel']"
help,['wheel']
writing,"['written', 'write', 'trimming']"
contribution,"['position', 'donation', 'contract']"
expression,"['express', 'reason', 'person']"
part,"['path', 'past', 'paste']"
take,"['takes', 'taken', 'task']"
good,"['go', 'hooked']"
send,"['end', 'sent', 'sending']"
brief,"['briefly', 'write', 'drive']"
answer,"['answered', 'answering', 'unaswered']"
word,"['words', 'work', 'worse']"
respond,"['responded', 'responding', 'response']"
stationery,['situation']
same,"['stamp', 'share']"
format,"['normal', 'effort']"
thank,"['thanks', 'thanking', 'thatnot']"
wait,"['want', 'write', 'weight']"
letterhead,"['lettersdear', 'letter', 'letters']"
year,"['yea', 'hear', 'dear']"
response,"['responded', 'responsefeel', 'respond']"
next,[]
work,"['word', 'worse', 'words']"
much,['such']
best,"['rest', 'better']"
mind,"['main', 'kind', 'find']"
way,"['say', 'day']"
letters,"['letter', 'lettersdear', 'better']"
find,"['mind', 'kind', 'friends']"
difficult,[]
place,"['page', 'late', 'lack']"
express,"['expression', 'pressure', 'impressed']"
nature,"['future', 'centuries', 'assure']"
future,"['nature', 'turn', 'tree']"
avoid,"['said', 'favor']"
busy,"['busyness', 'bouts']"
better,"['letter', 'letters', 'matter']"
late,"['last', 'date', 'belated']"
apologize,"['apologies', 'apology', 'realize']"
stock,['storm']
friends,"['find', 'finish', 'end']"
go,"['got', 'good']"
sentence,"['silence', 'sent', 'sense']"
saying,"['taking', 'say', 'asking']"
more,"['move', 'worse', 'order']"
offered,"['offer', 'ordered', 'referred']"
credentials,"['greetings', 'centuries']"
experience,"['references', 'principle', 'expression']"
decision,"['mission', 'question', 'exciting']"
example,"['amplitude', 'people']"
day,"['days', 'today', 'delay']"
sent,"['set', 'send', 'present']"
case,"['care', 'paste', 'phrase']"
handwritten,"['written', 'typewritten', 'write']"
words,"['word', 'worse', 'orders']"
generous,['nervous']
apology,"['apologize', 'apologies']"
enclosing,"['enclosed', 'sending', 'knowing']"
impressed,"['pressure', 'present', 'message']"
wishes,"['wished', 'wish', 'issues']"
enjoyed,"['enclosed', 'end']"
last,"['past', 'late', 'paste']"
family,['file']
set,"['sent', 'upset', 'see']"
thought,[]
received,"['decided', 'appreciated', 'referred']"
acknowledge,"['acknowledgments', 'acknowledging']"
know,['knowing']
sympathy,['path']
weeks,"['week', 'wheel']"
order,"['orders', 'ordered', 'word']"
orders,"['order', 'ordered', 'words']"
acknowledgments,"['acknowledge', 'acknowledging']"
morning,"['organizing', 'going', 'agonizing']"
message,['impressed']
acknowledging,"['acknowledge', 'acknowledgments', 'knowing']"
apologies,"['apologize', 'apology']"
gifts,"['gift', 'guilt']"
hear,"['heard', 'year', 'head']"
business,"['busyness', 'laziness']"
made,"['homemade', 'de', 'matter']"
meantime,"['meant', 'time', 'times']"
delay,"['day', 'easy', 'dear']"
gift,"['gifts', 'guilt']"
matter,"['letter', 'father', 'better']"
birthday,['today']
note,"['notes', 'other', 'notify']"
address,"['tardiness', 'are']"
notify,['note']
collection,"['selection', 'collected', 'rejection']"
written,"['write', 'typewritten', 'handwritten']"
people,"['example', 'open', 'hope']"
item,['write']
get,"['set', 'regret', 'got']"
is,"['lis', 'wish']"
excuse,"['excuses', 'ofexcuse', 'inexcusable']"
present,"['sent', 'rest', 'upset']"
greetings,"['getting', 'feelings', 'rejection']"
dates,"['date', 'late', 'does']"
issue,"['issues', 'assure', 'leisure']"
one,"['ones', 'opener', 'moneys']"
sending,"['send', 'serving', 'scheduling']"
responded,"['respond', 'response', 'responding']"
assure,"['assumed', 'issue', 'pressure']"
many,"['main', 'company', 'meant']"
keep,[]
file,"['unfilled', 'fleur', 'feeble']"
appreciated,"['received', 'happened', 'associate']"
taking,"['thanking', 'asking', 'taken']"
current,"['correct', 'secret']"
storm,"['sector', 'visitors', 'stock']"
referred,"['references', 'ordered', 'offered']"
knowing,"['know', 'acknowledging', 'going']"
had,"['head', 'hand', 'heard']"
thinking,"['thanking', 'taking', 'hanging']"
promptness,['promotion']
today,"['day', 'told', 'holiday']"
end,"['send', 'pen', 'sending']"
long,"['longer', 'song', 'going']"
situation,"['stationery', 'position', 'obligation']"
lettersdear,"['letters', 'letterhead', 'letter']"
paper,"['appear', 'part', 'page']"
usual,"['useful', 'refusal']"
begin,"['begun', 'betting', 'going']"
sorry,"['storm', 'order']"
regret,"['secret', 'get', 'present']"
correct,"['current', 'contract', 'collected']"
due,"['de', 'overdue']"
past,"['paste', 'path', 'part']"
inconvenience,"['inconvenienced', 'convenient', 'inconsiderate']"
adjustments,[]
letting,"['getting', 'betting', 'exciting']"
only,"['onyx', 'moneys', 'lovely']"
such,['much']
dealing,"['calling', 'feelings', 'enclosing']"
continue,"['continued', 'donation', 'contribution']"
care,"['are', 'crew', 'case']"
imply,[]
coupon,"['company', 'open', 'copy']"
fault,"['faux', 'finalist', 'guilt']"
ordered,"['order', 'orders', 'offered']"
months,"['moneys', 'moment', 'ones']"
dear,"['year', 'hear', 'order']"
bad,"['had', 'belated']"
worse,"['words', 'work', 'word']"
chapter,"['paper', 'computer', 'matter']"
continued,['continue']
happened,"['happens', 'hand', 'appreciated']"
explanation,"['examination', 'donation', 'preparations']"
wish,"['wishes', 'wished', 'is']"
computer,"['chapter', 'other']"
human,"['many', 'main', 'hand']"
bound,"['bouts', 'begun']"
favor,"['major', 'avoid']"
leads,"['less', 'last', 'head']"
responsibility,"['response', 'responsefeel']"
inconvenienced,"['inconvenience', 'convenient', 'continued']"
easier,"['answer', 'sincere', 'realize']"
wheel,"['week', 'help', 'feel']"
advice,"['advised', 'made', 'have']"
question,"['tion', 'position', 'decision']"
got,"['go', 'get']"
sense,"['see', 'sensitive', 'silence']"
consistent,"['convenient', 'inconsiderate']"
half,[]
copy,"['company', 'coupon']"
filling,"['following', 'pulling', 'calling']"
days,"['day', 'today', 'delay']"
hope,"['open', 'house', 'opener']"
taken,"['take', 'takes', 'taking']"
responding,"['respond', 'responded', 'sending']"
calling,"['call', 'pulling', 'filling']"
serving,"['answering', 'sending', 'saying']"
shipping,['thinking']
issues,"['issue', 'wishes', 'passes']"
page,"['place', 'paste', 'paper']"
reason,"['respond', 'response', 'responded']"
share,"['are', 'same', 'hear']"
collected,"['collection', 'correct']"
top,['desktop']
times,"['time', 'meantime', 'takes']"
weight,"['wish', 'wait']"
cleanup,[]
going,"['agonizing', 'song', 'morning']"
feel,"['feeble', 'wheel', 'feelings']"
useful,"['usual', 'ungrateful', 'refusal']"
put,[]
open,"['pen', 'opener', 'hope']"
meant,"['meantime', 'moment', 'want']"
getting,"['letting', 'betting', 'greetings']"
typewritten,"['written', 'handwritten', 'write']"
hurt,[]
following,"['filling', 'pulling', 'knowing']"
thanking,"['thinking', 'taking', 'hanging']"
available,[]
gratitude,['amplitude']
effort,"['format', 'left']"
said,"['avoid', 'signed', 'saying']"
references,"['experience', 'referred', 'indifference']"
significant,[]
secret,"['set', 'see', 'sector']"
associate,['appreciated']
hand,"['had', 'head', 'thank']"
sensitive,"['sense', 'sent', 'intensifies']"
major,"['more', 'favor']"
schedule,"['scheduling', 'shoulder']"
convenient,"['inconvenience', 'inconvenienced', 'consistent']"
drive,"['forgive', 'received', 'discover']"
takes,"['take', 'taken', 'thanks']"
postcard,"['postcards', 'card']"
forgive,"['myselfforgive', 'drive', 'organizer']"
less,"['leads', 'laziness']"
told,['today']
house,"['hope', 'focuses', 'shoulder']"
move,"['more', 'moneys', 'moment']"
decided,['received']
card,"['care', 'postcard', 'heard']"
remember,[]
congratulate,"['ungrateful', 'contract', 'continue']"
notes,"['note', 'ones', 'does']"
newsy,"['ones', 'easy', 'notes']"
envelope,['enclosed']
stamp,"['same', 'storm']"
postcards,"['postcard', 'card']"
lovely,"['only', 'move']"
crew,"['care', 'secret']"
success,[]
father,"['other', 'matter', 'matched']"
change,"['cancel', 'hanging', 'chutney']"
achievements,[]
town,['tion']
are,"['care', 'share', 'nature']"
shoulder,"['schedule', 'order', 'house']"
overdue,"['order', 'overtaken', 'orders']"
obligation,"['position', 'donation', 'situation']"
longer,"['long', 'opener', 'one']"
advised,"['advice', 'avoid', 'wished']"
pressure,"['assure', 'impressed', 'present']"
rest,"['best', 'present', 'first']"
easy,"['newsy', 'leads', 'delay']"
upset,"['set', 'sent', 'present']"
belated,"['late', 'billed', 'better']"
briefly,['brief']
passes,"['paste', 'phrase', 'issues']"
heartfelt,['hear']
realize,"['organizer', 'apologize', 'easier']"
terrible,['trouble']
discover,['drive']
tardiness,"['tardinessslipped', 'laziness', 'address']"
valued,['assumed']
brain,"['main', 'brief', 'begin']"
appear,"['paper', 'happens', 'chapter']"
yours,"['worse', 'words', 'house']"
candidate,"['date', 'handwritten']"
head,"['heard', 'had', 'hear']"
heard,"['hear', 'head', 'had']"
answering,"['answer', 'serving', 'answered']"
cancel,"['dance', 'change', 'case']"
crafted,[]
moment,"['meant', 'months', 'sent']"
sincere,"['silence', 'signed', 'secret']"
unique,[]
trouble,['terrible']
warm,[]
turn,"['nature', 'future']"
refusal,"['usual', 'useful']"
pen,"['open', 'person', 'opener']"
selection,"['rejection', 'collection', 'sector']"
guilt,"['gift', 'gifts', 'fault']"
rejection,"['selection', 'greetings', 'collection']"
feelings,"['greetings', 'filling', 'feel']"
begun,"['begin', 'bound']"
fervent,['secret']
imagine,"['main', 'magnifies', 'signed']"
bouts,"['busy', 'aboutasleep', 'yours']"
extreme,['tree']
scheduling,"['schedule', 'sending']"
organizer,"['organizing', 'realize', 'forgive']"
wished,"['wishes', 'wish', 'finished']"
jollier,[]
magnifies,"['imagine', 'intensifies']"
intensifies,"['sensitive', 'magnifies']"
resistance,['importance']
centuries,"['nature', 'credentials']"
inconsiderate,"['candidate', 'consistent', 'sincere']"
unpardonable,[]
overwhelmed,[]
organizing,"['organizer', 'agonizing', 'morning']"
answered,"['answer', 'unaswered', 'answering']"
importance,"['fillmorethan', 'resistance']"
main,"['mind', 'many', 'imagine']"
song,"['long', 'going', 'saying']"
dance,"['cancel', 'date', 'place']"
fillmorethan,['importance']
agonizing,"['organizing', 'going', 'morning']"
shortcomings,[]
spotlight,[]
focuses,"['excuses', 'ofexcuse', 'house']"
nervous,['generous']
beautiful,[]
interesting,"['greetings', 'answering']"
does,"['ones', 'poems', 'notes']"
hanging,"['thanking', 'thinking', 'going']"
virtuous,[]
path,"['past', 'part', 'sympathy']"
pick,[]
task,"['take', 'thank', 'takes']"
pulling,"['filling', 'calling', 'following']"
finish,"['finished', 'finalist', 'friends']"
ones,"['one', 'moneys', 'does']"
correspondence,"['responded', 'responding', 'respond']"
silence,"['sincere', 'sentence', 'sense']"
forgetfulness,[]
indifference,['references']
overtaken,"['taken', 'overdue', 'take']"
examination,"['explanation', 'exciting', 'donation']"
preparations,"['explanation', 'procrastina', 'examination']"
trip,[]
immemorial,[]
scapegoat,[]
postponed,"['position', 'responded', 'respond']"
foolish,"['finish', 'lis']"
tomorrow,['borrow']
disgraceful,['ungrateful']
finished,"['finish', 'wished', 'find']"
leisure,"['pressure', 'issue', 'fleur']"
amplitude,"['gratitude', 'example']"
ungrateful,"['disgraceful', 'congratulate', 'useful']"
poems,"['ones', 'does', 'notes']"
visitors,['storm']
principle,['experience']
tolerance,"['importance', 'silence']"
deliveries,[]
unaswered,"['answered', 'answer']"
unfilled,"['billed', 'file']"
happens,"['happened', 'thanks', 'appear']"
industrial,[]
strength,['sent']
phrase,"['paste', 'passes', 'present']"
homemade,"['made', 'head', 'heard']"
chutney,['change']
excuses,"['excuse', 'ofexcuse', 'focuses']"
feeble,"['feel', 'file']"
deepens,['pen']
procrastina,"['position', 'preparations', 'promotion']"
tion,"['town', 'question', 'position']"
effusive,[]
wordsabsentmindedforgiveoverlookremissapologiesinadvertentlypardonsheepishdistressednegligenceregretsorryembarrassedhow,[]
aboutasleep,['bouts']
thatat,['thatnot']
switchintended,[]
immediatelydelayed,[]
lettermuch,"['letter', 'letters', 'letterhead']"
forembarrassing,[]
thatnot,"['thatat', 'thank', 'thanks']"
lack,['place']
ofexcuse,"['excuse', 'excuses', 'focuses']"
responsefeel,"['response', 'responded', 'respond']"
aboutreproach,[]
myselfforgive,['forgive']
tardinessslipped,['tardiness']
promotion,"['position', 'promptness', 'tion']"
exciting,"['writing', 'letting', 'getting']"
touching,"['thinking', 'thanking', 'going']"
inexcusable,"['excuse', 'excuses', 'ofexcuse']"
busyness,"['business', 'busy']"
laziness,"['tardiness', 'less', 'business']"
holiday,"['today', 'day']"
fleur,"['leisure', 'file', 'offer']"
de,"['due', 'made', 'does']"
lis,"['is', 'leisure', 'foolish']"
opener,"['open', 'pen', 'one']"
hospitalized,[]
mission,['decision']
finalist,"['finish', 'carlist', 'ministry']"
borrow,['tomorrow']
sector,"['storm', 'set', 'selection']"
warthogs,[]
betting,"['letting', 'getting', 'exciting']"
tree,"['extreme', 'regret', 'nature']"
trimming,"['writing', 'thinking']"
left,"['letter', 'effort']"
shorthanded,['openhanded']
carlist,"['finalist', 'lis']"
desktop,['top']
billed,"['unfilled', 'belated', 'file']"
normal,['format']
signed,"['sincere', 'imagine', 'send']"
guy,[]
paste,"['past', 'phrase', 'passes']"
jewelery,[]
hooked,"['look', 'hope', 'head']"
faux,['fault']
onyx,"['only', 'moneys']"
assumed,"['assure', 'issue', 'valued']"
homiletics,[]
ministry,['finalist']
edtsubject,[]
yea,['year']
boatload,[]
neglect,"['selection', 'regret', 'get']"
donation,"['tion', 'obligation', 'explanation']"
moneys,"['ones', 'one', 'months']"
fundraising,[]
matched,"['matter', 'father']"
openhanded,"['shorthanded', 'opener']"
supporters,['orders']
