invitation,"['intentions', 'indicating', 'maintain']"
say,"['says', 'way', 'saying']"
reply,"['repay', 'replied', 'friendly']"
person,"['personal', 'period', 'expression']"
happy,['happens']
write,"['written', 'wrist', 'writing']"
other,"['others', 'hear', 'further']"
letter,"['letters', 'lettersjust', 'lettersdear']"
first,"['firms', 'list', 'firm']"
see,"['seen', 'seek', 'serve']"
have,"['save', 'leave', 'chance']"
offer,"['other', 'order']"
discuss,['todiscuss']
date,"['data', 'indicate', 'stated']"
company,"['complaint', 'many', 'copy']"
name,"['same', 'unable', 'number']"
able,"['unable', 'feasible', 'mailed']"
look,['books']
enclosed,"['lose', 'envelope']"
want,"['agent', 'amount']"
job,[]
do,['drop']
time,"['times', 'longtime', 'simple']"
how,"['show', 'own', 'showing']"
let,"['lent', 'least', 'met']"
use,"['used', 'house', 'see']"
tell,[]
week,"['weeks', 'weekly', 'seek']"
extension,"['expression', 'extend', 'expensive']"
call,"['calling', 'small', 'allow']"
help,['helpful']
writing,"['rating', 'written', 'write']"
sure,"['urge', 're', 'urgent']"
requests,"['request', 'quest', 'results']"
expression,"['extension', 'expensive', 'person']"
take,"['sake', 'make', 'trade']"
try,"['trying', 'history']"
good,"['goods', 'agood', 'goodwill']"
send,"['end', 'second', 'used']"
brief,"['belief', 'write']"
word,"['words', 'work', 'order']"
personal,"['person', 'respondcall']"
mail,"['mailed', 'fail', 'small']"
respond,"['responds', 'responded', 'response']"
include,"['including', 'single', 'income']"
telephone,['tone']
number,"['numbers', 'member', 'name']"
large,"['urge', 'charges', 'care']"
check,[]
ask,['has']
same,"['save', 'sake', 'name']"
thank,"['take', 'threaten', 'thing']"
used,"['use', 'caused', 'send']"
appreciate,"['appreciated', 'appreciative', 'reactivate']"
year,"['hear', 'heard', 'clear']"
response,"['responds', 'responsible', 'responded']"
next,"['extra', 'extend', 'expect']"
work,"['word', 'words', 'worthy']"
best,"['quest', 'least', 'resort']"
way,"['say', 'pay', 'awayso']"
request,"['requests', 'quest', 'revenues']"
letters,"['letter', 'lettersjust', 'lettersdear']"
results,"['insults', 'requests', 'resort']"
place,"['placed', 'space', 'spaces']"
amount,"['amountwe', 'account', 'accounts']"
agree,"['agreement', 'care', 'aggressive']"
needs,"['need', 'intends', 'interest']"
list,"['lost', 'last', 'wrist']"
future,"['turned', 'further', 'failure']"
action,"['vacations', 'rating', 'attention']"
avoid,"['avoided', 'avoiding', 'paid']"
busy,[]
stop,['strong']
simple,"['single', 'impossible', 'stamped']"
tips,"['times', 'is']"
possible,"['impossible', 'responsible', 'possibility']"
says,"['say', 'days', 'system']"
make,"['take', 'sake', 'made']"
saying,"['saving', 'paying', 'stating']"
more,"['re', 'order', 'money']"
mention,"['attention', 'intentions', 'maintain']"
special,['youspecial']
information,"['invitation', 'cooperation']"
goodwill,"['good', 'goods', 'agood']"
sent,"['send', 'seen', 'lent']"
mailed,"['mail', 'missed', 'failure']"
words,"['word', 'orders', 'work']"
generous,['serious']
plan,"['plans', 'loan', 'pleasant']"
complete,"['complaint', 'compelled', 'comprehend']"
become,"['becomes', 'income']"
record,"['records', 'reported', 'second']"
including,"['include', 'reminding', 'indicating']"
attention,"['mention', 'attentionplease', 'intentions']"
it,"['pity', 'list']"
suggested,"['suggest', 'suggestno', 'accountsuggested']"
important,['balanceimportant']
last,"['least', 'past', 'lost']"
understand,"['understanding', 'demand']"
receive,"['received', 'reactivate', 'appreciative']"
self,"['settle', 'belief']"
give,"['given', 'negative', 'divide']"
final,"['usfinal', 'financial', 'fill']"
family,"['fail', 'failure', 'mail']"
suggest,"['suggestno', 'suggested', 'quest']"
attorney,"['attorneys', 'tone', 'money']"
loan,"['plan', 'plans', 'nolan']"
showing,"['show', 'using', 'thing']"
received,"['receive', 'retrieved', 'replied']"
know,[]
weeks,"['week', 'weekly', 'seek']"
order,"['orders', 'wonder', 'word']"
orders,"['order', 'words', 'wonder']"
message,"['messages', 'missed', 'engage']"
contact,[]
need,"['needs', 'turned', 'extend']"
payment,"['payments', 'repayment', 'nonpayment']"
previous,"['serious', 'periods', 'revenues']"
hear,"['heard', 'year', 'hearing']"
business,"['illness', 'yousince', 'fairness']"
payments,"['payment', 'paymentsdid', 'repayment']"
made,"['make', 'trade', 'models']"
delay,"['delays', 'easy', 'days']"
matter,"['matters', 'matterin', 'matterthis']"
reports,"['reported', 'resort', 'records']"
explanations,"['explanation', 'vacations', 'reputation']"
address,"['addressed', 'fairness']"
collection,"['collecting', 'collect', 'cooperation']"
serious,"['series', 'periods', 'yourseriously']"
written,"['write', 'writing', 'wrist']"
necessary,[]
people,"['replied', 'propose', 'problem']"
copies,"['choice', 'becomes', 'open']"
several,"['butseveral', 'verbal', 'serve']"
get,"['agent', 'urgent', 'met']"
reach,"['arch', 'repay', 'ready']"
arrange,"['arrangement', 'arrogance', 'arrangements']"
is,"['wish', 'tips', 'list']"
enough,['encourage']
serve,"['serves', 'service', 'services']"
serves,"['serve', 'services', 'series']"
excuse,"['use', 'caused', 'used']"
present,"['represents', 'recent', 'sent']"
additional,['action']
announcements,"['announces', 'announce', 'arrangements']"
files,"['illness', 'fill', 'failure']"
inquiries,['inspire']
statement,"['statements', 'installment', 'stated']"
negative,"['reactivate', 'give', 'ineffective']"
tone,"['none', 'money', 'attorney']"
thing,"['trying', 'taking', 'rating']"
items,"['terms', 'intends', 'interest']"
provide,"['providing', 'produce', 'remove']"
forward,[]
department,"['repayment', 'payment', 'payments']"
sending,"['standing', 'reminding', 'send']"
customers,"['customer', 'customeroverdue', 'numbers']"
responded,"['respond', 'response', 'responds']"
illness,"['files', 'fairness', 'business']"
plans,"['plan', 'planplease', 'past']"
announces,"['announce', 'announcements', 'avenues']"
interest,"['intends', 'terms', 'needs']"
form,"['firm', 'firms', 'forgot']"
fill,"['full', 'fail', 'bill']"
indicating,"['indicate', 'invitation', 'pointing']"
many,"['company', 'money', 'means']"
messages,"['message', 'means']"
records,"['record', 'reports', 'words']"
keep,[]
continuing,"['continue', 'costing', 'concerning']"
appreciated,"['appreciate', 'appreciative', 'reactivate']"
taking,"['stating', 'thing', 'standing']"
recent,"['present', 'urgent', 'repayment']"
current,"['urgent', 'recent', 'credit']"
customer,"['customers', 'customeroverdue', 'stern']"
had,"['heard', 'heads', 'has']"
chance,"['choice', 'reluctance', 'charges']"
today,"['days', 'delay']"
billing,"['bullying', 'bill', 'calling']"
problem,"['possible', 'prompt', 'people']"
glad,"['leads', 'placed']"
agreement,"['agree', 'agent', 'arrangement']"
end,"['send', 'second', 'remind']"
seen,"['see', 'sent', 'send']"
means,"['remains', 'reasons', 'many']"
beginning,"['begin', 'reminding', 'sending']"
lettersdear,"['letters', 'letter', 'lettersjust']"
addressed,"['address', 'aggressive', 'adverse']"
leave,"['levels', 'save', 'have']"
others,"['other', 'terms', 'orders']"
understanding,"['understand', 'standing', 'youstanding']"
expect,"['respect', 'protect', 'predict']"
few,[]
responsible,"['response', 'responds', 'possible']"
extra,"['next', 'trade']"
begin,"['beginning', 'given']"
using,"['single', 'saying', 'saving']"
up,['lump']
sorry,"['history', 'order', 'carry']"
complaint,"['company', 'complete', 'plan']"
has,"['heads', 'had', 'ask']"
full,['fill']
invoice,"['notice', 'indicate', 'income']"
credit,"['creditor', 'predict', 'yourcredit']"
cooperation,"['population', 'collection', 'information']"
due,"['use', 'produce', 'overdue']"
difficulties,"['difficulty', 'ineffective']"
doing,"['losing', 'showing', 'sending']"
past,"['last', 'youpast', 'pleasant']"
purchased,"['purchase', 'pursue', 'caused']"
such,[]
continue,"['continuing', 'construed', 'costing']"
terms,"['items', 'others', 'matters']"
care,"['charges', 'carried', 're']"
high,"['thing', 'right']"
indicate,"['indicating', 'invoice', 'date']"
notice,"['invoice', 'choice', 'sticker']"
small,"['mail', 'call', 'allow']"
return,"['turn', 'turned', 'featuring']"
months,"['tomonth', 'monthly', 'others']"
account,"['accounts', 'accountwe', 'accountit']"
reputation,"['population', 'explanation', 'explanations']"
partial,['art']
maintain,"['mention', 'invitation', 'pointing']"
respect,"['expect', 'present', 'response']"
choice,"['notice', 'copies', 'chance']"
resolved,"['remove', 'responded', 'respond']"
further,"['other', 'others', 'future']"
intentions,"['attention', 'mention', 'intends']"
services,"['service', 'serves', 'series']"
damage,"['message', 'arrange', 'same']"
assume,"['sum', 'sure', 'same']"
lose,"['lost', 'loss', 'house']"
explanation,"['explanations', 'reputation', 'population']"
wish,"['wrist', 'is']"
least,"['last', 'leads', 'pleasant']"
friendly,"['friend', 'reply', 'ready']"
leads,"['least', 'heads', 'last']"
lawyer,"['law', 'year']"
advantage,"['damage', 'arrange', 'date']"
fail,"['family', 'mail', 'fill']"
pay,"['repay', 'way', 'say']"
advice,"['divide', 'service', 'invoice']"
right,"['oversight', 'high', 'write']"
little,"['settle', 'written', 'list']"
excellent,"['recent', 'collect', 'lent']"
failure,"['fail', 'files', 'fairness']"
purchase,"['purchased', 'pursue']"
art,"['partial', 'alerted']"
allow,"['allowed', 'call', 'small']"
firm,"['firms', 'form', 'first']"
fairness,"['illness', 'failure', 'address']"
typed,['stamped']
matters,"['matter', 'matterthis', 'matterin']"
copy,"['company', 'photocopy', 'copies']"
pointing,"['providing', 'writing', 'protecting']"
stating,"['standing', 'taking', 'saying']"
days,"['delays', 'says', 'today']"
carry,"['vary', 'carried', 'care']"
hope,"['open', 'house', 'copies']"
calling,"['call', 'billing', 'collecting']"
shipping,"['slapping', 'showing', 'using']"
hearing,"['featuring', 'hear', 'thing']"
statements,"['statement', 'payments', 'installment']"
given,"['give', 'negative', 'begin']"
costs,"['lost', 'loss', 'costing']"
procedures,"['produce', 'proceedings', 'schedules']"
line,"['like', 'single', 'losing']"
bill,"['fill', 'billing']"
caused,"['used', 'use', 'excuse']"
re,"['urge', 'sure', 'more']"
times,"['time', 'tips', 'longtime']"
loss,"['lost', 'lose', 'costs']"
delays,"['delay', 'days', 'models']"
oversight,['right']
bureau,"['urge', 'sure']"
met,"['merit', 'moment', 'method']"
turned,"['turn', 'return', 'future']"
unable,"['able', 'youreasonable', 'dependable']"
friend,"['friendly', 'remind', 'end']"
feel,"['feelings', 'weekly', 'levels']"
own,"['how', 'showing']"
consider,"['wonder', 'confident', 'conscience']"
like,"['line', 'dislike', 'little']"
wonder,"['order', 'consider', 'orders']"
open,"['hope', 'person', 'moment']"
numbers,"['number', 'customers', 'member']"
program,"['paragraph', 'prompt']"
financial,"['final', 'official', 'usfinal']"
trying,"['turning', 'thing', 'try']"
helpful,['help']
concerned,"['concerning', 'construed', 'uponcredit']"
obliged,['belief']
confidence,"['confident', 'conscience', 'convenience']"
sake,"['take', 'save', 'same']"
references,"['reverses', 'revenues', 'prefer']"
protect,"['protecting', 'predict', 'recent']"
law,['lawyer']
money,"['tone', 'none', 'more']"
ignored,"['ignore', 'income']"
legal,"['lastlegal', 'leave', 'least']"
schedule,['schedules']
service,"['services', 'serve', 'serves']"
income,"['ignore', 'become', 'sinceto']"
population,"['reputation', 'obligations', 'explanation']"
aware,"['care', 'write', 'large']"
aggressive,"['agree', 'addressed']"
reported,"['reports', 'resort', 'record']"
effective,"['ineffective', 'affected', 'reactivate']"
insistent,"['insist', 'installment', 'intentions']"
house,"['use', 'used', 'lose']"
reasons,"['response', 'responds', 'respond']"
disappointed,"['appreciated', 'slapping']"
remember,"['member', 'reminder']"
lost,"['loss', 'lose', 'list']"
outstanding,"['youstanding', 'standing', 'delayoutstanding']"
period,"['periods', 'periodact', 'person']"
member,"['remember', 'number', 'numbers']"
envelope,['enclosed']
postage,"['postcards', 'stated']"
postcards,['postage']
books,"['look', 'goods']"
mistaken,"['take', 'sake', 'make']"
official,"['financial', 'original', 'final']"
prompt,"['opt', 'protect', 'propose']"
paid,"['unpaid', 'avoid', 'placed']"
dependable,"['unable', 'acceptable']"
success,['spaces']
second,"['send', 'record', 'end']"
announce,"['announces', 'announcements', 'none']"
space,"['spaces', 'place', 'placed']"
paragraph,['program']
division,['invitation']
worthy,"['monthly', 'work', 'word']"
overdue,"['order', 'customeroverdue', 'orders']"
single,"['using', 'simple', 'saying']"
privacy,"['periodact', 'pay']"
accounts,"['account', 'accountwe', 'accountit']"
longer,"['anger', 'longtime', 'wonder']"
charges,"['care', 'large', 'arguments']"
vary,['carry']
monthly,"['months', 'tomonth', 'money']"
easy,"['youeasy', 'repay', 'ready']"
pleasant,"['least', 'present', 'plan']"
direct,"['recent', 'respect', 'protect']"
debt,"['debtor', 'direct']"
transferred,['transfer']
expenses,"['expensive', 'reverses', 'revenues']"
face,"['space', 'place', 'spaces']"
poor,['ofyour']
justice,"['sticker', 'yousince', 'notice']"
ineffective,"['effective', 'negative', 'affected']"
circumstances,"['remittance', 'reluctance']"
construed,"['continue', 'concerned']"
owed,['allowed']
pursue,"['purchase', 'use', 'purchased']"
realize,"['replied', 'realizewithout', 'belief']"
none,"['tone', 'nolan', 'money']"
original,"['official', 'final']"
placed,"['place', 'space', 'spaces']"
did,['divide']
save,"['same', 'sake', 'have']"
forget,"['forgot', 'forgetful', 'urgent']"
background,[]
prefer,"['references', 'present']"
carried,"['care', 'carry', 'retrieved']"
goals,"['legal', 'goods']"
history,"['histories', 'sorry', 'satisfactory']"
definite,['indicate']
confident,"['confidential', 'confidence', 'consider']"
clear,"['dueclear', 'year', 'hear']"
seek,"['see', 'week', 'seen']"
arrangements,"['arrangement', 'arguments', 'arrange']"
heard,"['hear', 'heads', 'had']"
suited,"['suggested', 'stated', 'stamped']"
delinquent,"['paymentdelinquent', 'delinquentposition']"
levels,"['leave', 'serves', 'several']"
satisfactory,"['satisfying', 'history', 'attorney']"
electrical,[]
agency,"['agent', 'many']"
strong,"['stern', 'trying', 'turning']"
convenience,"['conscience', 'confidence', 'correspondence']"
reminding,"['remind', 'sending', 'removing']"
moment,"['unemployment', 'months', 'met']"
drop,"['do', 'prompt']"
show,"['how', 'showing']"
longtime,"['longer', 'time', 'negative']"
data,"['date', 'damage']"
schedules,"['schedule', 'sheets', 'procedures']"
appreciative,"['appreciate', 'appreciated', 'reactivate']"
system,"['semi', 'says']"
paying,"['saying', 'trying', 'taking']"
turning,"['trying', 'featuring', 'turn']"
extend,"['extension', 'end', 'intends']"
privileges,[]
reminder,"['reminders', 'remind', 'reminderprompt']"
turn,"['turned', 'return', 'turning']"
acceptable,"['noticeunacceptable', 'accountbe', 'dependable']"
featuring,"['turning', 'hearing', 'trying']"
repay,"['reply', 'ready', 'pay']"
goods,"['good', 'agood', 'goodwill']"
method,"['met', 'mention']"
feelings,"['feel', 'proceedings']"
pick,[]
correspondence,"['responded', 'respond', 'confidence']"
tomorrow,[]
happens,"['happy', 'has']"
lack,"['place', 'placed']"
balance,"['balancevalued', 'place', 'arrogance']"
rating,"['ratingat', 'writing', 'stating']"
series,"['services', 'serves', 'service']"
collect,"['collection', 'collecting', 'complete']"
stated,"['stamped', 'suited', 'status']"
remind,"['reminder', 'reminding', 'reminders']"
reminders,"['reminder', 'remind', 'remains']"
unpaid,['paid']
losing,"['costing', 'using', 'doing']"
accounting,"['accountit', 'account', 'accounts']"
status,"['stated', 'statements', 'tactics']"
stamped,"['stated', 'same', 'typed']"
settle,"['stated', 'see', 'little']"
ignore,"['ignored', 'income', 'invoice']"
insist,"['insistent', 'insults', 'inspire']"
standing,"['youstanding', 'outstanding', 'stating']"
attorneys,"['attorney', 'matters', 'tone']"
arrears,"['arrearsreview', 'embarrass', 'orders']"
nonpayment,"['payment', 'payments', 'repayment']"
costing,"['losing', 'stating', 'continuing']"
affected,"['affects', 'effective', 'alerted']"
object,"['protect', 'collect', 'best']"
retrieved,"['received', 'reactivate', 'replied']"
attempts,"['attempt', 'statements', 'matterthis']"
firms,"['firm', 'first', 'form']"
statistical,[]
models,"['orders', 'delays', 'more']"
predict,"['credit', 'protect', 'uponcredit']"
quest,"['request', 'requests', 'suggest']"
courteous,['yourseriously']
intends,"['intentions', 'needs', 'items']"
forgetful,"['forget', 'forgot']"
optimistic,[]
descriptive,"['sodespite', 'effective']"
encourage,"['enough', 'engage', 'urge']"
sticker,"['justice', 'stern', 'notice']"
gentle,"['agent', 'urgent', 'settle']"
saving,"['saying', 'stating', 'using']"
overlooked,[]
becomes,"['become', 'customers', 'income']"
urgent,"['urge', 'current', 'agent']"
conscience,"['confidence', 'convenience', 'yousince']"
propose,"['response', 'pursue', 'prompt']"
divide,"['did', 'advice', 'provide']"
weekly,"['week', 'weeks', 'seek']"
semi,"['system', 'series', 'remind']"
lump,['up']
sum,['assume']
stern,"['strong', 'turn', 'sticker']"
arguments,"['arrangements', 'agent', 'payments']"
obligations,"['population', 'explanations', 'vacations']"
providing,"['provide', 'removing', 'pointing']"
trade,"['take', 'made', 'transfer']"
possibility,"['possible', 'impossible']"
agent,"['get', 'urgent', 'gentle']"
avoiding,"['avoid', 'saving', 'providing']"
opt,"['prompt', 'youpast']"
avoided,"['avoid', 'avoiding', 'mailed']"
responds,"['respond', 'response', 'responded']"
represents,"['present', 'reports', 'reverses']"
belief,"['brief', 'replied', 'realize']"
compelled,"['comprehend', 'complete', 'collect']"
sheets,"['serves', 'series', 'see']"
threaten,"['greatest', 'trade', 'thank']"
ready,"['repay', 'easy', 'friendly']"
avenues,"['revenues', 'announces']"
demand,"['remind', 'end', 'understand']"
endear,"['reminder', 'wonder', 'reminders']"
tactics,"['vacations', 'status', 'action']"
insults,"['results', 'insist']"
bullying,"['billing', 'calling', 'using']"
sarcasm,['spaces']
arrogance,"['arrange', 'balance', 'arrangement']"
verbal,"['several', 'butseveral']"
wrist,"['write', 'written', 'writing']"
slapping,"['shipping', 'saying', 'saving']"
produce,"['provide', 'periodact', 'period']"
tarnish,['establish']
arch,['reach']
pseudo,"['used', 'send']"
puzzled,['placed']
comprehend,"['compelled', 'complete']"
scratching,"['rating', 'stating', 'thing']"
heads,"['leads', 'heard', 'has']"
libelous,[]
tactful,['status']
histories,"['history', 'series']"
inspire,"['insistent', 'inquiries', 'insist']"
anger,"['longer', 'arrange', 'transfer']"
pity,['it']
helplessness,['illness']
missed,"['mailed', 'message', 'used']"
periods,"['period', 'periodact', 'serious']"
vacations,"['action', 'explanations', 'invitation']"
stubborn,"['turn', 'stern']"
confidential,"['confident', 'confidence', 'official']"
attempt,"['attempts', 'statement', 'attention']"
safeguard,[]
embarrass,['arrears']
adverse,"['reverses', 'addressed', 'orders']"
unemployment,"['repayment', 'moment', 'nonpayment']"
reverses,"['revenues', 'references', 'adverse']"
feasible,"['failure', 'fail', 'able']"
experiencing,"['protecting', 'expression', 'reducing']"
merit,"['met', 'matterin', 'write']"
reducing,"['reminding', 'sending', 'protecting']"
creditor,"['credit', 'yourcredit', 'uponcredit']"
debtor,['debt']
forgot,"['forget', 'forgetful', 'form']"
drawn,[]
photocopy,['copy']
spaces,"['space', 'place', 'placed']"
duephrasesaccount,[]
dueclear,"['clear', 'delay']"
nextaccounts,"['accounts', 'account', 'accountwe']"
receivablestatement,"['statement', 'statements']"
periodact,"['period', 'periods', 'protect']"
uponcredit,"['credit', 'predict', 'yourcredit']"
recordamount,"['record', 'amount', 'records']"
oweddamaging,[]
yourcredit,"['credit', 'uponcredit', 'creditor']"
youstanding,"['outstanding', 'standing', 'delayoutstanding']"
ratingat,"['rating', 'writing', 'stating']"
paymentdelinquent,"['delinquent', 'paymentsdid']"
ofyour,"['poor', 'form']"
accountbe,"['accountwe', 'account', 'accounts']"
sodespite,['descriptive']
agood,"['good', 'goods', 'goodwill']"
tomonth,"['months', 'monthly', 'moment']"
agobehind,[]
paymentsdid,"['payments', 'payment', 'repayment']"
respondcall,"['respond', 'responds', 'responded']"
todiscuss,['discuss']
youeasy,"['easy', 'youpast', 'youreasonable']"
planplease,"['plans', 'attentionplease']"
byescaped,['stamped']
attentionplease,"['attention', 'planplease', 'intentions']"
usfinal,"['final', 'using', 'financial']"
opportunitypressing,[]
reminderprompt,"['reminder', 'reminders', 'remind']"
remittancehave,['remittance']
youreasonable,"['responsible', 'unable', 'youeasy']"
paymentarrangementhow,"['arrangement', 'arrangements']"
payablereduce,"['produce', 'alerted']"
balanceimportant,"['important', 'balance']"
resolveresolve,"['reverses', 'resolved']"
matterthis,"['matters', 'matterin', 'matter']"
matterin,"['matter', 'matters', 'matterthis']"
arrearsreview,['arrears']
accountit,"['account', 'accounting', 'accounts']"
yourseriously,"['serious', 'courteous', 'youspecial']"
delinquentposition,['delinquent']
butseveral,"['several', 'verbal']"
lettersjust,"['letters', 'letter', 'lettersdear']"
yousince,"['sinceto', 'justice', 'conscience']"
replied,"['realize', 'resolved', 'reported']"
lastlegal,"['legal', 'last']"
stepsletterhow,['letter']
awayso,"['way', 'says', 'days']"
creditmail,"['credit', 'creditor', 'yourcredit']"
todaystandingmust,"['delayoutstanding', 'youstanding', 'outstanding']"
youspecial,"['special', 'yourseriously']"
suggestno,"['suggest', 'suggested']"
activity,['reactivate']
accountsuggested,"['suggested', 'accounts', 'accountwe']"
sinceto,"['yousince', 'single', 'income']"
unpleasantnessofficial,[]
noticeunacceptable,['acceptable']
delayoutstanding,"['youstanding', 'outstanding', 'understanding']"
balancevalued,['balance']
customeroverdue,"['customer', 'customers', 'overdue']"
accountwe,"['accountbe', 'account', 'amountwe']"
youpast,"['past', 'youeasy', 'opt']"
amountwe,"['amount', 'accountwe', 'accountbe']"
sendingusperhaps,['sending']
realizewithout,['realize']
delaysentencesafter,[]
remains,"['remind', 'reminders', 'reasons']"
engage,"['encourage', 'message', 'name']"
impossible,"['possible', 'responsible', 'possibility']"
installment,"['statement', 'insistent', 'statements']"
affects,"['affected', 'effective']"
remittance,"['remittancehave', 'reluctance', 'reminder']"
allowed,"['allow', 'owed', 'mailed']"
reactivate,"['receive', 'appreciate', 'received']"
resort,"['reports', 'reported', 'record']"
greatest,"['request', 'threaten', 'requests']"
reluctance,"['remittance', 'chance', 'reputation']"
expensive,"['expenses', 'extension', 'expression']"
revenues,"['avenues', 'reverses', 'request']"
urge,"['urgent', 'sure', 're']"
difficulty,['difficulties']
reclassifying,['satisfying']
authorized,[]
according,"['accounting', 'avoiding', 'concerning']"
proceedings,"['providing', 'protecting', 'procedures']"
arrangement,"['arrangements', 'arrange', 'arguments']"
remove,"['resolved', 'removing', 'receive']"
establish,['tarnish']
plumbing,['using']
nolan,"['plan', 'none', 'loan']"
associatesfrom,[]
alerted,"['reported', 'affected', 'stated']"
concerning,"['concerned', 'continuing', 'convenience']"
repayment,"['payment', 'payments', 'nonpayment']"
satisfying,"['saying', 'stating', 'satisfactory']"
protecting,"['protect', 'collecting', 'reducing']"
collecting,"['collection', 'collect', 'costing']"
removing,"['remove', 'remind', 'reminding']"
transfer,"['transferred', 'trade', 'anger']"
dislike,"['like', 'divide']"
lent,"['let', 'sent', 'pleasant']"
