say,"['stay', 'salty', 'way']"
reply,"['relay', 'replace', 'play']"
person,"['personal', 'permission', 'salesperson']"
write,"['written', 'winter', 'handwrite']"
pleased,"['displeased', 'placed', 'passed']"
other,"['note', 'leather', 'hear']"
letter,"['letters', 'better', 'leather']"
first,"['rest', 'list', 'affairs']"
see,"['seen', 'speed', 'serve']"
have,"['wave', 'save', 'leave']"
offer,"['offers', 'office', 'offices']"
discuss,"['issues', 'dis']"
details,"['deal', 'dealers', 'dealt']"
date,"['dates', 'dated', 'late']"
company,"['complain', 'complaint', 'companies']"
name,"['names', 'same', 'unable']"
questions,"['accusations', 'reservations', 'relations']"
able,"['unable', 'sale', 'tangible']"
look,"['locks', 'locked']"
enclosed,"['enclose', 'enclosing', 'unlocked']"
want,"['wants', 'meant', 'antag']"
meeting,"['expecting', 'meet', 'renting']"
do,"['dog', 'done', 'does']"
time,"['overtime', 'longtime', 'titles']"
how,"['show', 'own', 'alsohow']"
let,"['left', 'lenti', 'least']"
position,"['positive', 'situation', 'condition']"
use,"['used', 'abuse', 'useful']"
tell,"['tells', 'spell', 'hotel']"
asking,"['taking', 'making', 'wasting']"
week,"['weeks', 'weekly']"
call,"['calls', 'caller', 'called']"
help,"['helpful', 'hotel', 'unhelpful']"
come,"['home', 'consumer', 'complete']"
writing,"['waiting', 'rating', 'written']"
sure,"['sue', 'ensure', 'insured']"
expression,"['professional', 'permission', 'expecting']"
part,"['party', 'parts', 'parent']"
take,"['taken', 'make', 'trade']"
good,"['gold', 'go']"
send,"['end', 'used', 'sent']"
brief,"['write', 'refer', 'price']"
state,"['stayed', 'statement', 'take']"
personal,"['person', 'personalized', 'professional']"
mail,"['mailed', 'mailing', 'small']"
respond,"['responding', 'response', 'reasons']"
include,"['included', 'incur', 'incident']"
telephone,['phone']
number,"['numbers', 'numbered', 'consumer']"
large,"['are', 'charge', 'page']"
check,"['checks', 'thick', 'click']"
ask,"['asked', 'was', 'has']"
secretary,"['necessary', 'stay']"
handwrite,"['write', 'written', 'handled']"
stationery,"['situation', 'stating', 'state']"
same,"['spam', 'save', 'sale']"
children,"['child', 'clean']"
thank,"['think', 'take', 'threaten']"
used,"['use', 'send', 'speed']"
letterhead,"['lettersdear', 'letter', 'letters']"
great,"['get', 'eat', 'regret']"
appreciate,"['appreciated', 'appreciation', 'appropriate']"
office,"['offices', 'offer', 'official']"
year,"['years', 'yearly', 'yard']"
response,"['responsible', 'respond', 'reasons']"
next,"['text', 'neat', 'honest']"
month,"['months', 'amount', 'most']"
work,"['words', 'patchwork', 'wonder']"
much,"['such', 'touch', 'match']"
best,"['rest', 'least', 'object']"
mind,"['find', 'kinds', 'making']"
way,"['was', 'say', 'pay']"
request,"['frequent', 'rest', 'resources']"
letters,"['letter', 'lettersdear', 'better']"
results,"['rest', 'respects', 'regulations']"
find,"['mind', 'kinds', 'found']"
difficult,['inefficient']
place,"['placed', 'replace', 'replaced']"
schools,"['school', 'chose', 'choosing']"
clubs,"['clasp', 'calls']"
offers,"['offer', 'offices', 'orders']"
amount,"['account', 'month', 'months']"
assistance,"['instances', 'assurance', 'insistence']"
particular,[]
receipt,"['receipts', 'receive', 'receives']"
tax,"['taxes', 'fax']"
home,"['hope', 'come', 'phone']"
equipment,"['equivalent', 'shipment', 'frequent']"
list,"['lists', 'lies', 'last']"
group,"['groups', 'crop', 'generous']"
action,"['reactions', 'section', 'national']"
avoid,"['avoiding', 'paid']"
suppose,"['oppose', 'supplies', 'response']"
events,"['vent', 'decent', 'preventive']"
reservations,"['relations', 'reactions', 'operations']"
better,"['letter', 'letters', 'settle']"
tips,"['tulips', 'types', 'steps']"
possible,"['responsible', 'problem', 'accessible']"
late,"['last', 'date', 'leather']"
deal,"['dealt', 'federal', 'details']"
make,"['marked', 'take', 'made']"
go,"['good', 'gone', 'gold']"
sentence,"['sent', 'seen', 'insistence']"
more,"['store', 're', 'order']"
mention,"['attention', 'compensation', 'section']"
marked,"['make', 'asked', 'mailed']"
special,"['specialize', 'serial', 'spell']"
information,"['confirmation', 'incorporation', 'inform']"
cases,"['case', 'phrases', 'changes']"
parties,"['parts', 'patients', 'part']"
phone,"['one', 'honest', 'telephone']"
car,"['care', 'card', 'clear']"
general,"['generated', 'several', 'federal']"
receiving,"['receive', 'rectifying', 'receives']"
third,"['hard', 'trade', 'think']"
sent,"['spent', 'set', 'vent']"
case,"['cases', 'care', 'purchase']"
party,"['part', 'parts', 'pay']"
mailed,"['mail', 'marked', 'called']"
e,['re']
words,"['orders', 'work', 'yours']"
generous,"['groups', 'dangerous', 'serious']"
apology,"['apologies', 'policy']"
meet,"['met', 'meeting', 'meant']"
plan,"['plants', 'play', 'place']"
enclosing,"['enclose', 'enclosed', 'choosing']"
room,['prompt']
complete,"['incomplete', 'incompetent', 'complaint']"
record,"['recourse', 'report', 'recommend']"
read,"['lead', 'trade', 'replaced']"
attention,"['mention', 'attentionexpect', 'intentions']"
parents,"['parent', 'parts', 'patients']"
it,"['unit', 'list', 'item']"
county,"['country', 'community', 'account']"
new,"['news', 'one', 'few']"
important,"['incompetent', 'improvement']"
community,"['county', 'country', 'communication']"
resource,"['resources', 'recourse', 'ensure']"
responsibilities,"['responsible', 'response', 'reasonable']"
last,"['least', 'past', 'list']"
understand,"['understanding', 'misunderstanding', 'misunderstandings']"
receive,"['receives', 'received', 'receiving']"
addition,"['edition', 'action', 'condition']"
perform,"['form', 'performanceas', 'programs']"
minutes,"['mistakes', 'items', 'interest']"
publication,"['production', 'communication', 'remobilization']"
self,"['spell', 'useful', 'settle']"
give,"['given', 'negative', 'silver']"
production,"['product', 'protection', 'products']"
family,"['ability', 'mail', 'file']"
suggest,"['issues', 'guests', 'sue']"
attorney,"['stationery', 'store', 'money']"
set,"['sent', 'spent', 'use']"
appointment,"['apartment', 'disappointed', 'investment']"
stay,"['say', 'stayed', 'today']"
corporate,"['corporation', 'incorporation', 'coordinated']"
reference,"['refer', 'experienced', 'emergency']"
received,"['receive', 'receives', 'receiving']"
know,['known']
weeks,"['week', 'weekly', 'fees']"
confirmation,"['information', 'condition', 'conditions']"
order,"['orders', 'ordered', 'ordering']"
orders,"['order', 'ordered', 'words']"
contact,"['contacts', 'contracts', 'contacted']"
need,"['speed', 'numbered', 'conveyed']"
appropriate,"['inappropriate', 'appreciate', 'appreciated']"
sales,"['sale', 'smaller', 'save']"
payment,"['parent', 'apartment', 'parents']"
apologies,"['apology', 'policies', 'lies']"
refer,"['refuse', 'reference', 'reflect']"
previous,"['serious', 'recourse', 'products']"
hear,"['year', 'hard', 'hearing']"
business,"['businesses', 'abusive', 'using']"
made,"['make', 'trade', 'model']"
cards,"['card', 'car', 'postcards']"
delay,"['delays', 'relay', 'play']"
matter,"['matters', 'material', 'manner']"
reports,"['report', 'efforts', 'response']"
note,"['none', 'noticed', 'other']"
merchandise,"['mechanism', 'purchase', 'exercise']"
exception,"['section', 'explanation', 'description']"
handled,"['hundreds', 'happened', 'canceled']"
address,"['addressed', 'addressing', 'unaddressed']"
collection,"['objection', 'section', 'protection']"
serious,"['toserious', 'series', 'services']"
written,"['write', 'writing', 'handwrite']"
necessary,['secretary']
report,"['reports', 'repair', 'regret']"
people,"['resolve', 'replace', 'problem']"
item,"['items', 'write', 'it']"
printed,"['oriented', 'write', 'promised']"
copies,"['copied', 'companies', 'choices']"
several,"['serial', 'general', 'federal']"
get,"['great', 'set', 'regret']"
arrange,"['arrangements', 'warranties', 'large']"
replacement,"['replace', 'replaced', 'agreement']"
short,"['show', 'hour', 'store']"
is,"['dis', 'wish', 'tips']"
serve,"['served', 'service', 'services']"
passed,"['pleased', 'asked', 'purchased']"
documents,"['documentation', 'adjustments', 'decent']"
files,"['file', 'titles', 'offices']"
dealt,"['deal', 'eat', 'health']"
dates,"['date', 'updates', 'rates']"
appreciation,"['appreciate', 'appreciated', 'protection']"
courtesy,"['courteous', 'court', 'course']"
statement,"['settlement', 'misstatements', 'state']"
negative,"['legislative', 'neat', 'give']"
thing,"['think', 'watching', 'matching']"
items,"['item', 'titles', 'minutes']"
involved,"['invoice', 'violated', 'resolved']"
asked,"['ask', 'passed', 'marked']"
touch,"['untouched', 'such', 'much']"
issue,"['issues', 'sue', 'assume']"
provide,"['proverb', 'produce', 'promised']"
department,"['departments', 'departmental', 'apartment']"
one,"['none', 'gone', 'done']"
customers,"['numbers', 'come', 'customerstandardscall']"
complaints,"['complaint', 'complain', 'complaining']"
hotel,"['tell', 'note', 'hope']"
conditions,"['condition', 'confirmation', 'options']"
changes,"['chances', 'exchange', 'charge']"
price,"['mispriced', 'service', 'provide']"
fax,['tax']
called,"['caller', 'call', 'calls']"
most,"['cost', 'month', 'costs']"
mailing,"['making', 'mail', 'willing']"
immediate,"['indicate', 'median', 'medical']"
interest,"['winter', 'integrity', 'rest']"
form,"['forms', 'inform', 'perform']"
many,"['mean', 'company', 'money']"
keep,[]
hard,"['had', 'yard', 'hear']"
file,"['files', 'titles', 'single']"
appreciated,"['appreciate', 'appreciation', 'appropriate']"
taking,"['making', 'asking', 'stating']"
shipment,"['spent', 'equipment', 'sent']"
catalog,"['capital', 'antag']"
property,"['prompt', 'proverb', 'appropriate']"
current,"['rent', 'correct', 'occurred']"
progress,"['programs', 'protest', 'problems']"
making,"['taking', 'asking', 'parking']"
had,"['hard', 'has', 'ham']"
chance,"['chances', 'changes', 'exchange']"
lists,"['list', 'listings', 'visits']"
today,"['told', 'stay', 'days']"
problem,"['problems', 'problemknow', 'possible']"
agreement,"['disagreement', 'replacement', 'statement']"
contracts,"['contacts', 'contact', 'contacted']"
end,"['send', 'ends', 'refund']"
seen,"['see', 'sent', 'send']"
behavior,['misbehavior']
visits,"['lists', 'limits', 'list']"
store,"['strewn', 'true', 'sure']"
situation,"['substitution', 'stating', 'stationery']"
embarrassment,"['arrangements', 'department']"
experienced,"['reference', 'printed', 'expense']"
means,"['mean', 'meant', 'median']"
supplies,"['supply', 'suppose', 'lies']"
lettersdear,"['letters', 'letterhead', 'letter']"
addressed,"['unaddressed', 'address', 'distressed']"
medical,"['median', 'material', 'medicines']"
leave,"['wave', 'save', 'pleased']"
usual,"['useful', 'mutual', 'sale']"
understanding,"['misunderstanding', 'understand', 'misunderstandings']"
expect,"['expecting', 'respects', 'reflect']"
supply,"['supplies', 'unhappy', 'suppose']"
few,['new']
permission,"['omission', 'person', 'missing']"
responsible,"['response', 'responsibilities', 'reasonable']"
expense,"['inexpensive', 'depends', 'sense']"
key,['likely']
begin,"['bringing', 'going', 'given']"
using,"['string', 'single', 'buying']"
up,[]
adjustment,"['adjustments', 'judgment', 'statement']"
error,"['perform', 'inferior', 'prior']"
sorry,"['history', 'worrying', 'store']"
regret,"['great', 'report', 'get']"
claim,"['claims', 'claimed', 'aim']"
claims,"['claim', 'claimed', 'clasp']"
correct,"['incorrect', 'corrected', 'ordercorrect']"
complaint,"['complaints', 'complain', 'complaining']"
policy,"['policies', 'plastic', 'apology']"
refund,"['refunded', 'found', 'returned']"
products,"['product', 'produce', 'production']"
has,"['was', 'ham', 'had']"
product,"['products', 'produce', 'production']"
relations,"['regulations', 'reactions', 'reservations']"
unhappy,"['supply', 'happen']"
invoice,"['invoices', 'noticed', 'involved']"
done,"['one', 'none', 'gone']"
credit,"['predict', 'carpet', 'receipt']"
years,"['year', 'yearly', 'yard']"
due,"['use', 'sue', 'produce']"
happen,"['happened', 'appealing', 'unhappy']"
repair,"['repaired', 'pair', 'report']"
past,"['part', 'last', 'plastic']"
purchased,"['purchase', 'pursue', 'passed']"
emergency,"['reference', 'agency', 'experienced']"
damaged,"['damage', 'damages', 'dismayed']"
adjustments,"['adjustment', 'documents', 'arguments']"
deny,"['dozen', 'delay', 'design']"
only,"['money', 'policy', 'online']"
complain,"['complaint', 'complaints', 'complaining']"
bringing,"['origin', 'original', 'begin']"
such,"['much', 'touch', 'switch']"
continue,"['online', 'condition', 'conditions']"
believe,['leave']
care,"['car', 'are', 'charge']"
positive,"['position', 'postage', 'restrictive']"
high,"['thing', 'right', 'having']"
indicate,"['immediate', 'invoice', 'date']"
wrong,"['writing', 'worrying', 'young']"
dissatisfied,"['satisfied', 'identified', 'distressed']"
problems,"['problem', 'problemknow', 'protest']"
companies,"['copies', 'company', 'components']"
replace,"['replaced', 'place', 'replacement']"
consumer,"['number', 'counselor', 'numbers']"
small,"['smaller', 'sale', 'mail']"
return,"['returned', 'turn', 'restaurant']"
ordered,"['order', 'orders', 'repaired']"
defective,"['effective', 'helpdefective', 'ineffective']"
free,"['fees', 'feel', 'fresher']"
months,"['month', 'points', 'amount']"
account,"['county', 'amount', 'country']"
appears,"['years', 'parts', 'appealing']"
machine,"['matching', 'imagine', 'watching']"
incorrect,"['correct', 'corrected', 'ordercorrect']"
instances,"['insurances', 'insurance', 'insistence']"
reasonable,"['responsible', 'resolve', 'reasons']"
bad,"['board', 'had', 'bag']"
mix,[]
resolve,"['resolved', 'resolving', 'removed']"
choice,"['choices', 'chose', 'office']"
resolved,"['resolve', 'removed', 'resolving']"
intentions,"['attention', 'mention', 'termination']"
services,"['service', 'series', 'devices']"
identified,"['oriented', 'dissatisfied', 'satisfied']"
damage,"['damages', 'damaged', 'manager']"
surprised,"['surprising', 'promised', 'mispriced']"
assume,"['issue', 'sue', 'passed']"
happened,"['happen', 'handled', 'chipped']"
solution,"['resolution', 'situation', 'section']"
employees,['players']
explanation,"['relations', 'exception', 'mention']"
wish,"['is', 'withit', 'switch']"
slip,"['slips', 'tulips']"
true,"['rude', 'truck', 'trade']"
least,"['last', 'let', 'eat']"
angry,"['anger', 'many', 'manager']"
rude,"['true', 'trade', 'refunded']"
unpleasant,"['thatunpleasant', 'least', 'plants']"
approach,"['approval', 'appropriate']"
specific,"['specialize', 'special']"
steps,"['tips', 'mistakes', 'types']"
expecting,"['expect', 'meeting', 'expectationsmay']"
inconvenienced,"['convenience', 'confidence', 'conveyed']"
businesses,"['business', 'witnesses', 'issues']"
pay,"['play', 'party', 'way']"
advice,"['devices', 'advocate', 'service']"
satisfied,"['dissatisfied', 'satisfaction', 'identified']"
right,"['flight', 'high', 'frightened']"
little,"['titles', 'settle', 'written']"
excellent,"['excel', 'decent', 'replacement']"
inappropriate,"['appropriate', 'appreciate', 'appreciated']"
exchange,"['changes', 'charge', 'chance']"
cost,"['costs', 'most', 'court']"
purchase,"['purchased', 'pursue', 'phrases']"
manner,"['manager', 'anger', 'matter']"
sense,"['see', 'ensure', 'sent']"
play,"['pay', 'plan', 'players']"
tells,"['tell', 'types', 'taxes']"
matters,"['matter', 'letters', 'rates']"
copy,"['crop', 'company', 'photocopy']"
stating,"['stealing', 'taking', 'string']"
missing,"['omission', 'mailing', 'listing']"
days,"['delays', 'today', 'delay']"
outlet,"['outset', 'let', 'protest']"
hope,"['open', 'home', 'thathope']"
banking,"['taking', 'making', 'asking']"
taken,"['take', 'taking', 'make']"
responding,"['respond', 'resolving', 'renting']"
design,"['desire', 'addressing', 'leasing']"
dangerous,"['anger', 'generous', 'groups']"
young,"['yours', 'wrong', 'using']"
calling,"['call', 'willing', 'pulling']"
back,['feedback']
issues,"['issue', 'sue', 'noises']"
hearing,"['earrings', 'cheating', 'having']"
type,"['types', 'stayed']"
given,"['give', 'vent', 'negative']"
page,"['postage', 'place', 'large']"
costs,"['cost', 'most', 'loss']"
appealing,"['recordsappealing', 'stealing', 'snapping']"
charge,"['care', 'changes', 'large']"
satisfaction,"['satisfactory', 'unsatisfactory', 'situation']"
checks,"['check', 'reaches', 'choices']"
ensure,"['sure', 'insured', 'sense']"
officials,"['official', 'offices', 'originals']"
line,"['online', 'like', 'life']"
bill,['billfold']
re,"['are', 'true', 'sure']"
settlement,"['statement', 'settle', 'misstatements']"
regulations,"['relations', 'reactions', 'regulatory']"
obtain,"['taking', 'objection', 'stating']"
damages,"['damage', 'damaged', 'names']"
loss,"['less', 'locks', 'lists']"
corporation,"['incorporation', 'corporate', 'operations']"
insurance,"['insurances', 'instances', 'assurance']"
delays,"['delay', 'days', 'relay']"
bureau,"['bureaus', 'sure', 'read']"
offices,"['office', 'offers', 'officials']"
met,"['meet', 'meant', 'set']"
fact,"['facts', 'act', 'face']"
was,"['wants', 'way', 'has']"
objection,"['object', 'section', 'protection']"
unable,"['able', 'unfavorable', 'undesirable']"
think,"['thing', 'thick', 'thank']"
opinion,"['options', 'position', 'omission']"
going,"['coming', 'onizing', 'locking']"
feel,"['free', 'fees', 'federal']"
noticed,"['note', 'invoice', 'unlocked']"
school,"['schools', 'such', 'sold']"
useful,"['usual', 'use', 'unhelpful']"
own,"['known', 'one', 'how']"
judgment,"['student', 'adjustment', 'adjustments']"
like,"['likely', 'line', 'life']"
wonder,"['order', 'winter', 'orders']"
put,"['putting', 'product', 'dispute']"
earrings,"['hearing', 'arriving', 'regarding']"
open,"['opener', 'hope', 'spent']"
meant,"['mean', 'means', 'met']"
course,"['recourse', 'yours', 'court']"
numbers,"['number', 'numbered', 'names']"
getting,"['stating', 'renting', 'putting']"
willing,"['writing', 'waiting', 'pulling']"
professional,"['unprofessionalism', 'expression', 'personal']"
financial,"['financing', 'official', 'principal']"
trying,"['string', 'thing', 'worrying']"
certain,"['creating', 'clean', 'cheating']"
seems,"['see', 'series', 'seen']"
helpful,"['unhelpful', 'help', 'useful']"
concerned,"['conveyed', 'canceled', 'contacted']"
building,"['buying', 'willing', 'pulling']"
coming,"['going', 'cummings', 'complain']"
dozen,"['open', 'done', 'does']"
following,"['willing', 'pulling', 'locking']"
kinds,"['mind', 'find', 'ends']"
chose,"['course', 'choice', 'schools']"
deadline,"['line', 'earlier', 'dealers']"
available,"['able', 'unfavorable']"
desk,"['does', 'sides', 'dates']"
confidence,"['confident', 'convenience', 'inconvenienced']"
wants,"['want', 'was', 'plants']"
found,"['refund', 'loud', 'find']"
names,"['name', 'same', 'numbers']"
resources,"['resource', 'recourse', 'ensure']"
parent,"['parents', 'rent', 'part']"
health,"['healthcare', 'dealt', 'eat']"
child,"['children', 'chipped', 'third']"
protection,"['protesting', 'production', 'reactions']"
money,"['one', 'only', 'none']"
counselor,"['consumer', 'course', 'country']"
legal,"['legible', 'lead', 'deal']"
recommend,"['remedy', 'record', 'common']"
switch,"['switched', 'sixth', 'withit']"
waiting,"['writing', 'wasting', 'watching']"
service,"['services', 'serve', 'forservice']"
investment,"['improvement', 'appointment', 'statement']"
basis,"['bait', 'emphasis', 'business']"
environment,"['entertainment', 'improvement', 'equipment']"
oriented,"['printed', 'coordinated', 'corrected']"
activities,"['quantities', 'authorities', 'titles']"
choosing,"['coming', 'enclosing', 'schools']"
increase,"['case', 'pictures', 'licenses']"
student,"['sent', 'spent', 'judgment']"
affairs,"['first', 'unfair', 'offers']"
less,"['loss', 'lies', 'sales']"
chipped,"['happened', 'child', 'happen']"
aware,"['are', 'wave', 'care']"
representatives,"['misrepresentation', 'preventive', 'restrictive']"
effective,"['ineffective', 'defective', 'helpdefective']"
told,"['sold', 'gold', 'withhold']"
life,"['line', 'like', 'lies']"
mean,"['meant', 'means', 'median']"
subject,"['subjective', 'object', 'objection']"
reasons,"['response', 'relations', 'reactions']"
disappointed,"['disapprove', 'appointment', 'inappropriate']"
card,"['cards', 'car', 'yard']"
act,"['fact', 'facts', 'eat']"
outstanding,"['understanding', 'stating', 'putting']"
news,"['new', 'names', 'honest']"
personalized,"['personal', 'realized', 'person']"
postage,"['page', 'state', 'positive']"
postcards,"['cards', 'postage', 'card']"
photographs,"['photocopies', 'programs', 'graphics']"
individual,['initial']
points,"['profits', 'patients', 'plants']"
returned,"['return', 'refunded', 'refund']"
official,"['officials', 'office', 'financial']"
prompt,"['property', 'protest', 'profits']"
knowledgeable,"['acknowledgements', 'legible']"
board,"['bad', 'yard', 'hard']"
paid,"['pair', 'repaired', 'avoid']"
lead,"['read', 'pleased', 'legal']"
policies,"['policy', 'apologies', 'offices']"
known,"['know', 'own', 'none']"
inform,"['informs', 'form', 'forms']"
facts,"['fact', 'act', 'tactics']"
laws,"['last', 'lawyers', 'least']"
section,"['action', 'reactions', 'objection']"
are,"['care', 're', 'large']"
hour,"['yours', 'short', 'occur']"
division,"['edition', 'advertising', 'omission']"
leasing,"['asking', 'wasting', 'listing']"
lower,"['lawyers', 'other', 'order']"
parking,"['taking', 'paying', 'paving']"
rent,"['parent', 'vent', 'sent']"
federal,"['feel', 'deal', 'several']"
description,"['exception', 'section', 'edition']"
improvement,"['investment', 'government', 'incompetent']"
single,"['using', 'string', 'silver']"
listing,"['listings', 'string', 'eliciting']"
forms,"['form', 'informs', 'inform']"
common,"['recommend', 'community', 'coming']"
communication,"['condition', 'community', 'confirmation']"
reaches,"['replace', 'replaced', 'receives']"
programs,"['progress', 'programming', 'perform']"
wide,"['write', 'sides', 'wonder']"
matching,"['watching', 'machine', 'thing']"
court,"['courtesy', 'course', 'county']"
rest,"['rent', 'best', 'results']"
included,"['include', 'insured', 'involved']"
canceled,"['chance', 'called', 'concerned']"
emphasis,"['phrases', 'basis']"
preventive,"['representatives', 'receive', 'receives']"
moved,"['removed', 'more', 'resolved']"
direct,"['directories', 'incorrect', 'desire']"
dated,"['date', 'updated', 'dates']"
putting,"['stating', 'pulling', 'getting']"
fees,"['free', 'feel', 'weeks']"
yard,"['year', 'hard', 'card']"
face,"['fact', 'place', 'facts']"
remarks,"['years', 'reimburse', 'repair']"
mistakes,"['instances', 'take', 'misstatements']"
unsatisfactory,"['satisfactory', 'mustunsatisfactory', 'satisfaction']"
relevant,"['rent', 'reflect', 'replacement']"
having,"['paving', 'hearing', 'thing']"
gone,"['one', 'none', 'done']"
misunderstandings,"['misunderstanding', 'understanding', 'understand']"
ineffective,"['effective', 'defective', 'helpdefective']"
parts,"['part', 'parties', 'parents']"
misbehavior,['behavior']
pets,"['parents', 'types', 'spent']"
incident,"['incidentit', 'inefficient', 'confident']"
accusations,"['action', 'reactions', 'questions']"
adult,"['dust', 'dull', 'auto']"
likely,"['like', 'key', 'line']"
threats,"['threaten', 'tenants', 'thatdoes']"
pursue,"['purchase', 'use', 'sue']"
material,"['serial', 'matter', 'medical']"
manager,"['anger', 'manner', 'antag']"
persuasive,"['personalized', 'pursue', 'permission']"
distressed,"['distressing', 'addressed', 'displeased']"
realized,"['repaired', 'personalized', 'specialize']"
promised,"['surprised', 'provide', 'profits']"
none,"['one', 'note', 'gone']"
switched,"['switch', 'withhold', 'write']"
original,"['originals', 'origin', 'official']"
label,"['late', 'able', 'place']"
guarantee,"['guarantees', 'warranties', 'arrange']"
occurred,"['occur', 'ordered', 'current']"
placed,"['place', 'replaced', 'replace']"
refuse,"['refer', 'refunded', 'recourse']"
bought,[]
save,"['wave', 'same', 'sale']"
automobile,[]
yours,"['course', 'hour', 'recourse']"
library,['itinerary']
travel,"['trade', 'wave', 'true']"
match,"['matching', 'much', 'machine']"
advertising,"['addressing', 'ordering', 'division']"
degree,"['regret', 'desire', 'ordered']"
operations,"['options', 'corporation', 'relations']"
summary,"['smart', 'say']"
history,"['store', 'sorry', 'satisfactory']"
organizations,"['operations', 'conditions', 'regulations']"
indulge,"['single', 'due']"
confident,"['confidence', 'incident', 'correspondent']"
clear,"['clean', 'car', 'caller']"
resolution,"['solution', 'resolving', 'relations']"
compensation,"['mention', 'operations', 'documentation']"
government,"['overtime', 'improvement', 'environment']"
arrangements,"['arguments', 'arrange', 'agreement']"
veterinary,"['itinerary', 'verify']"
occur,"['occurred', 'soccer', 'hour']"
unit,"['it', 'community', 'unfair']"
satisfactory,"['unsatisfactory', 'satisfaction', 'mustunsatisfactory']"
answering,"['string', 'asking', 'unanswered']"
agency,"['agencies', 'emergency', 'page']"
desire,"['undesirable', 'ensure', 'direct']"
excel,"['excellent', 'feel', 'exchange']"
hundreds,"['undeserved', 'handled', 'unaddressed']"
convenience,"['inconvenienced', 'confidence', 'correspondence']"
plastic,"['past', 'last', 'place']"
enclose,"['enclosed', 'enclosing', 'recourse']"
contacts,"['contracts', 'contact', 'contacted']"
regarding,"['hearing', 'earrings', 'creating']"
show,"['how', 'alsohow', 'short']"
longtime,"['time', 'legitimate', 'overtime']"
manufacturers,"['manufacturer', 'minutes', 'matters']"
data,"['date', 'dealt', 'dates']"
schedules,"['scheduling', 'schools']"
system,['item']
paying,"['paving', 'parking', 'playthings']"
reflect,"['elected', 'defects', 'respects']"
generated,"['general', 'accelerated', 'aggravated']"
turn,"['return', 'returned', 'trying']"
groups,"['group', 'generous', 'dangerous']"
spoken,"['spent', 'broken', 'suppose']"
quick,"['pick', 'truck', 'thick']"
principal,"['financial', 'special', 'initial']"
neighborhood,['neighbors']
efforts,"['reports', 'forms', 'report']"
sixth,"['switch', 'switched']"
ability,"['salty', 'family']"
model,"['more', 'made', 'deal']"
feelings,"['meeting', 'fees', 'feel']"
imagine,"['magazines', 'machine', 'origin']"
scheduling,"['shelving', 'schedules', 'stealing']"
does,"['done', 'desk', 'thatdoes']"
pick,"['thick', 'quick', 'price']"
pulling,"['willing', 'putting', 'calling']"
finish,"['foolish', 'wish', 'find']"
correspondence,"['correspondent', 'responding', 'respond']"
foolish,"['flight', 'finish']"
opener,"['open', 'wonder', 'one']"
left,"['let', 'lenti', 'least']"
balance,"['blanket', 'place', 'alone']"
rating,"['creating', 'writing', 'wasting']"
series,"['services', 'service', 'serious']"
settle,"['settlement', 'state', 'titles']"
affected,"['effective', 'elected', 'ineffective']"
object,"['objection', 'subject', 'subjective']"
predict,"['credit', 'product', 'products']"
courteous,"['courtesy', 'court', 'course']"
weekly,"['week', 'weeks', 'feel']"
arguments,"['arrangements', 'parents', 'departments']"
trade,"['travel', 'true', 'take']"
avoiding,"['avoid', 'paving', 'having']"
threaten,"['threats', 'thathope', 'thatdoes']"
tactics,"['facts', 'contacts', 'reactions']"
sarcasm,[]
produce,"['produced', 'product', 'products']"
tactful,"['factual', 'deceitful', 'act']"
anger,"['manager', 'angry', 'manner']"
photocopy,"['photocopies', 'copy', 'photographs']"
reluctance,"['replace', 'replaced', 'chance']"
rates,"['dates', 'warranties', 'updates']"
receives,"['receive', 'received', 'receipts']"
calls,"['call', 'caller', 'called']"
titles,"['items', 'files', 'settle']"
local,"['calm', 'call', 'official']"
dispute,"['issue', 'disaster', 'disappointed']"
auto,"['adult', 'action']"
apartment,"['department', 'parent', 'departments']"
sale,"['sales', 'save', 'same']"
complaining,"['complain', 'complaint', 'complaints']"
taxes,"['tax', 'take', 'thatdoes']"
serial,"['special', 'several', 'material']"
flight,"['right', 'frightened', 'foolish']"
documentation,"['documents', 'compensation', 'mention']"
slips,"['slip', 'tulips', 'tips']"
sue,"['sure', 'issue', 'use']"
regulatory,"['regulations', 'relay', 'relations']"
agencies,"['agency', 'chances', 'receives']"
associations,"['accusations', 'situation', 'reactions']"
directories,"['direct', 'recourse', 'receives']"
country,"['county', 'community', 'account']"
departments,"['department', 'departmental', 'apartment']"
contacted,"['contact', 'contacts', 'contracts']"
handbook,"['handbooks', 'thank']"
renting,"['creating', 'rating', 'rent']"
lamp,"['clasp', 'claim', 'claims']"
bag,"['bad', 'blaming', 'banking']"
bracelet,"['reflect', 'replacement', 'accelerated']"
necklace,"['replace', 'replaced', 'place']"
ham,"['has', 'had', 'aim']"
buying,"['using', 'building', 'trying']"
approval,"['approach', 'disapprove', 'appropriate']"
typewriter,"['write', 'winter']"
tulips,"['tips', 'slips', 'slip']"
capital,"['catalog', 'carpet']"
quantities,"['activities', 'authorities', 'titles']"
drawers,"['drawer', 'lawyers', 'dealers']"
blochif,[]
alone,"['one', 'sale', 'none']"
millions,"['willing', 'mailing', 'omission']"
multifoods,[]
tangible,"['legible', 'able', 'inedible']"
conveyed,"['concerned', 'need', 'inconvenienced']"
accessible,"['responsible', 'possible', 'accuse']"
spell,"['tell', 'special', 'self']"
ordering,"['order', 'worrying', 'orders']"
unkempt,[]
noisy,"['noises', 'invoices']"
incompetent,"['incomplete', 'complete', 'investment']"
legislative,"['legislation', 'negative', 'legitimate']"
unfair,"['affairs', 'unit', 'pair']"
pending,"['renting', 'responding', 'regarding']"
overpriced,"['price', 'overtime', 'surprised']"
misleading,"['missing', 'leasing', 'misunderstanding']"
bait,"['it', 'basis', 'obtain']"
neighbors,"['neighborhood', 'nior']"
attacks,[]
unfavorable,"['unable', 'undesirable', 'available']"
restrictive,"['receive', 'resource', 'receives']"
undeserved,"['served', 'unanswered', 'undesirable']"
reprimands,[]
undesirable,"['unable', 'desire', 'unfavorable']"
factual,"['fact', 'tactful', 'facts']"
inefficient,"['insufficient', 'incident', 'incidentit']"
witnesses,"['businesses', 'issues', 'distressed']"
inaccuracies,"['insurances', 'insurance', 'pictures']"
misstatements,"['statement', 'settlement', 'mistakes']"
incomplete,"['complete', 'incompetent', 'incorrect']"
column,"['county', 'common', 'coming']"
airlines,"['airline', 'earliest', 'parties']"
origin,"['original', 'originals', 'bringing']"
termination,"['recriminations', 'attention', 'permission']"
receipts,"['receipt', 'receives', 'reports']"
warranties,"['warrantyit', 'parties', 'arrange']"
guarantees,"['guarantee', 'warranties', 'rates']"
pictures,"['policies', 'interest', 'increase']"
invoices,"['invoice', 'noises', 'offices']"
photocopies,"['photocopy', 'copies', 'photographs']"
assurance,"['insurance', 'insurances', 'assistance']"
subjective,"['subject', 'objection', 'effective']"
phrases,"['rates', 'purchase', 'emphasis']"
abuse,"['abusive', 'use', 'accuse']"
recriminations,"['termination', 'relations', 'reactions']"
blaming,"['leasing', 'banking', 'building']"
smart,"['summary', 'smaller', 'part']"
exaggerations,"['reservations', 'operations', 'explanation']"
emotional,"['national', 'semiannual', 'resolution']"
outbursts,['outset']
aim,"['claim', 'ham', 'claims']"
vent,"['events', 'sent', 'rent']"
antag,"['want', 'manager', 'data']"
onizing,"['going', 'avoiding', 'condition']"
bluff,[]
lawyers,"['players', 'lawmakers', 'laws']"
inexpensive,"['expense', 'ineffective']"
limits,"['lists', 'visits', 'claims']"
accuse,"['abuse', 'use', 'course']"
lies,"['list', 'line', 'like']"
unprofessionalism,['professional']
cheating,"['creating', 'hearing', 'rating']"
stealing,"['stating', 'shelving', 'taking']"
misrepresentation,"['representatives', 'reservations', 'compensation']"
creating,"['cheating', 'rating', 'renting']"
hint,"['think', 'thing', 'shipment']"
fresher,"['free', 'refer', 'refuse']"
chances,"['chance', 'changes', 'choices']"
calm,"['call', 'local', 'claim']"
salesperson,"['person', 'suspension', 'personal']"
insufficient,"['inefficient', 'incident', 'incidentit']"
mispriced,"['price', 'surprised', 'overpriced']"
dull,['adult']
blanket,"['balance', 'plants', 'let']"
reactions,"['relations', 'regulations', 'action']"
disaster,"['dispute', 'displeased', 'date']"
resolving,"['resolve', 'responding', 'resolution']"
arriving,"['earrings', 'paving', 'having']"
string,"['trying', 'wasting', 'stating']"
decent,"['excellent', 'events', 'documents']"
components,"['companies', 'complaints', 'correspondent']"
numbered,"['number', 'numbers', 'need']"
bulleted,"['bullets', 'elected']"
originals,"['original', 'origin', 'officials']"
supporting,"['snapping', 'shopping', 'string']"
subsequent,"['frequent', 'equipment', 'equivalent']"
copied,"['copies', 'companies', 'choice']"
advocate,"['advice', 'date', 'violated']"
yugoslavian,[]
proverb,"['provide', 'property', 'prior']"
ends,"['end', 'send', 'depends']"
lawmakers,"['lawyers', 'players', 'matters']"
listings,"['listing', 'lists', 'string']"
edition,"['addition', 'condition', 'section']"
handbooks,['handbook']
addressing,"['address', 'distressing', 'addressed']"
specialize,"['special', 'specific', 'realized']"
disagreement,"['agreement', 'statement', 'misstatements']"
licenses,"['line', 'lies', 'policies']"
updated,"['updates', 'dated', 'date']"
yearly,"['year', 'years', 'earlier']"
updates,"['updated', 'dates', 'date']"
click,"['pick', 'like', 'thick']"
shopping,"['snapping', 'supporting', 'overlapping']"
fraud,"['rude', 'read', 'trade']"
financing,"['financial', 'running', 'banking']"
national,"['action', 'emotional', 'mention']"
bureaus,"['bureau', 'courteous', 'refuse']"
medicines,"['median', 'minutes', 'medical']"
drugs,['dust']
devices,"['services', 'advice', 'service']"
exercise,"['expense', 'merchandise', 'experienced']"
airline,"['airlines', 'line', 'mailing']"
baggage,"['damage', 'bag']"
dealers,"['deal', 'earlier', 'drawers']"
online,"['line', 'continue', 'one']"
spam,['same']
junk,['ju']
likeshocked,"['locked', 'unlocked']"
appalled,"['called', 'appreciated', 'happened']"
dismayed,"['stayed', 'displeased', 'damaged']"
withhold,"['told', 'switched']"
protest,"['protesting', 'rest', 'profits']"
homeowner,"['homeowners', 'opener', 'home']"
insured,"['ensure', 'insurance', 'sure']"
outset,"['outlet', 'use', 'set']"
crop,"['copy', 'group', 'prompt']"
clarify,"['clear', 'claim', 'verify']"
relay,"['reply', 'delay', 'delays']"
avenue,"['ensure', 'wave', 'vent']"
violated,"['late', 'involved', 'advocate']"
protesting,"['protest', 'protection', 'renting']"
mimeographed,[]
wasting,"['waiting', 'watching', 'string']"
produced,"['produce', 'product', 'products']"
elected,"['reflect', 'replaced', 'bulleted']"
legislation,"['legislative', 'regulations', 'relations']"
disapprove,"['disappointed', 'approval', 'inappropriate']"
asterisks,"['series', 'serious', 'matters']"
bullets,"['bulleted', 'outlet', 'guests']"
sides,"['series', 'wide', 'lies']"
legitimate,"['longtime', 'legislative', 'little']"
aggravated,['generated']
honest,"['phone', 'one', 'homeowners']"
eliciting,"['listing', 'listings', 'receiving']"
choices,"['choice', 'copies', 'offices']"
legible,"['tangible', 'legislative', 'legal']"
neat,"['eat', 'next', 'negative']"
wordsactioninaccuratemisprintresolveadjustmentinadequatemisquoterestoreagreed,[]
uponinappropriatemisrepresentedshort,[]
sightedcompensationincidentmissingslipshodconcernedincompletemisstatementthoughtlessdamagedinconsistentmistakeuncooperativedefectiveinconvenientmisunderstand,[]
unfortunateingdisagreementincorrectnonfunctioningunfoundeddisappointedinexperiencedoff,[]
advisedmisinterpretedrepayunwarrantedimpolitemisleadingreplacephrasesa,[]
ordercorrect,"['correct', 'incorrect', 'corrected']"
recordsappealing,['appealing']
helpdefective,"['defective', 'effective', 'ineffective']"
thatdoes,"['thathope', 'thatunder', 'threats']"
performanceas,"['performanceinform', 'perform']"
customerstandardscall,['customers']
attentionexpect,['attention']
soonhas,"['months', 'has']"
expectationsmay,"['expecting', 'exaggerations', 'operations']"
thathope,"['thatdoes', 'hope', 'threaten']"
aboutregister,[]
toserious,"['serious', 'series', 'operations']"
omission,"['missing', 'permission', 'opinion']"
problemknow,"['problem', 'problems']"
thatunder,"['thatdoes', 'stationery', 'handled']"
warrantyit,['warranties']
thatunpleasant,"['unpleasant', 'thatunder']"
incidentit,"['incident', 'inefficient', 'insufficient']"
mustunsatisfactory,"['unsatisfactory', 'satisfactory', 'satisfaction']"
performanceinform,['performanceas']
withit,"['switch', 'written', 'writing']"
disconcerting,"['concerned', 'misunderstanding', 'supporting']"
displeased,"['pleased', 'distressed', 'speed']"
dis,"['is', 'radios', 'dispute']"
forturbed,"['returned', 'ordered']"
offended,"['refunded', 'oriented', 'affected']"
byyou,"['yours', 'young']"
lenti,"['let', 'vent', 'sent']"
reimbursed,"['reimburse', 'returned', 'repaired']"
forservice,"['service', 'services', 'serve']"
alert,"['let', 'caller', 'smaller']"
tosentencesanything,[]
speed,"['see', 'served', 'used']"
spirit,"['profits', 'printed', 'predict']"
abusive,"['abuse', 'business', 'silver']"
ju,['junk']
nior,"['prior', 'inferior', 'neighbors']"
soccer,['occur']
players,"['lawyers', 'play', 'years']"
mutual,"['usual', 'factual', 'mail']"
oppose,"['suppose', 'postage', 'options']"
weapons,"['reasons', 'wants', 'response']"
repaired,"['repair', 'replaced', 'realized']"
replaced,"['replace', 'placed', 'place']"
corrected,"['correct', 'incorrect', 'oriented']"
misunderstanding,"['misunderstandings', 'understanding', 'understand']"
suspension,"['salesperson', 'compensation', 'questions']"
rectifying,"['receiving', 'renting', 'creating']"
earliest,"['earlier', 'airlines', 'series']"
options,"['operations', 'opinion', 'conditions']"
reimburse,"['reimbursed', 'recourse', 'refuse']"
feedback,['back']
respects,"['expect', 'results', 'rest']"
restaurant,"['return', 'returned']"
recourse,"['course', 'resource', 'refuse']"
leather,"['letter', 'late', 'letters']"
patchwork,['work']
billfold,['bill']
itinerary,"['veterinary', 'stationery', 'library']"
depends,"['ends', 'expense', 'departments']"
insistence,"['instances', 'assistance', 'sentence']"
running,"['renting', 'using', 'unlocking']"
programming,"['programs', 'regarding']"
watching,"['matching', 'wasting', 'waiting']"
entertainment,"['environment', 'settlement', 'government']"
pair,"['repair', 'part', 'paid']"
broken,"['spoken', 'rent', 'open']"
clasp,"['claims', 'laws', 'last']"
gold,"['told', 'sold', 'good']"
silver,"['single', 'smaller', 'several']"
overlaying,"['overlapping', 'worrying', 'ordering']"
gemstone,"['gone', 'response', 'store']"
initial,"['individual', 'national', 'principal']"
earlier,"['earliest', 'dealers', 'airline']"
verify,"['veterinary', 'clarify']"
correspondent,"['correspondence', 'respond', 'responding']"
removed,"['moved', 'resolved', 'remedy']"
wave,"['save', 'have', 'leave']"
radios,"['relations', 'reactions', 'dis']"
caller,"['called', 'call', 'smaller']"
stayed,"['stay', 'state', 'dismayed']"
buy,['buying']
deceitful,"['decent', 'tactful', 'receipt']"
graphics,['photographs']
text,"['next', 'outset', 'outlet']"
unanswered,"['undeserved', 'answering', 'served']"
unaddressed,"['addressed', 'address', 'undeserved']"
departmental,"['department', 'departments', 'apartment']"
semiannual,"['emotional', 'serial']"
served,"['serve', 'service', 'undeserved']"
guests,"['questions', 'get', 'arguments']"
eat,"['neat', 'meant', 'least']"
salty,"['say', 'stay', 'sale']"
inedible,"['legible', 'indulge', 'undesirable']"
transmit,[]
unhelpful,"['helpful', 'useful', 'help']"
prior,"['proverb', 'perform', 'pair']"
coordinated,"['oriented', 'corporate', 'contacted']"
paving,"['paying', 'having', 'parking']"
median,"['mean', 'medical', 'meant']"
incur,"['insured', 'include', 'pictures']"
profits,"['points', 'protest', 'promised']"
winter,"['write', 'interest', 'wonder']"
remobilization,"['relations', 'resolution', 'recriminations']"
accelerated,"['generated', 'elected', 'canceled']"
overtime,"['time', 'overpriced', 'government']"
dog,['do']
frightened,"['right', 'oriented', 'flight']"
outdoors,['yours']
snapping,"['shopping', 'appealing', 'supporting']"
authorities,"['quantities', 'parties', 'activities']"
cummings,"['coming', 'using']"
manufacturer,"['manufacturers', 'manager']"
defects,"['defective', 'reflect', 'respects']"
types,"['type', 'tips', 'pets']"
homeowners,"['homeowner', 'opener', 'honest']"
insurances,"['insurance', 'instances', 'assurance']"
coverage,"['overlaying', 'overlapping', 'overtime']"
integrity,"['interest', 'winter']"
surprising,"['surprised', 'supporting', 'using']"
distressing,"['distressed', 'addressing', 'string']"
substandard,[]
substitutions,"['substitution', 'situation', 'associations']"
substitution,"['substitutions', 'situation', 'publication']"
inferior,"['inform', 'nior', 'informs']"
smaller,"['small', 'caller', 'sale']"
equivalent,"['equipment', 'frequent', 'events']"
remedy,"['removed', 'recommend', 'reimbursed']"
incorporation,"['corporation', 'information', 'corporate']"
spent,"['sent', 'shipment', 'set']"
tenants,"['threats', 'wants', 'meant']"
frequent,"['request', 'equipment', 'subsequent']"
loud,"['found', 'locked']"
noises,"['noisy', 'invoices', 'issues']"
alsohow,"['show', 'how']"
drawer,"['drawers', 'lawyers', 'dealers']"
locking,"['unlocking', 'locks', 'going']"
cabinet,"['complaint', 'chance', 'carpet']"
function,"['action', 'section', 'production']"
claimed,"['claim', 'claims', 'placed']"
locks,"['locked', 'loss', 'look']"
unlocking,"['locking', 'unlocked', 'enclosing']"
mechanism,"['merchandise', 'means', 'changes']"
unlocked,"['locked', 'untouched', 'unlocking']"
locked,"['unlocked', 'locks', 'likeshocked']"
overlapping,"['overlaying', 'snapping', 'shopping']"
shelving,"['scheduling', 'stealing', 'having']"
sold,"['told', 'gold', 'resolved']"
informs,"['inform', 'forms', 'form']"
truck,"['true', 'touch', 'thick']"
refunded,"['refund', 'returned', 'refuse']"
patients,"['parties', 'parents', 'departments']"
condition,"['conditions', 'confirmation', 'edition']"
carpet,"['care', 'parent', 'credit']"
vacuumed,[]
plants,"['plan', 'parents', 'complaints']"
thick,"['think', 'pick', 'truck']"
dust,"['drugs', 'adult', 'guests']"
magazines,"['imagine', 'minutes', 'machine']"
playthings,"['paying', 'watching', 'thing']"
strewn,"['store', 'string', 'student']"
untouched,"['touch', 'unlocked', 'noticed']"
healthcare,['health']
physician,[]
worrying,"['ordering', 'trying', 'writing']"
clean,"['clear', 'plan', 'mean']"
acknowledgements,"['knowledgeable', 'arrangements']"
