accept,"['account', 'face']"
say,"['way', 'saw', 'sat']"
pleasure,"['pleased', 'plaque', 'assure']"
person,"['personal', 'reason', 'expression']"
happy,"['happen', 'happier', 'happiest']"
write,"['written', 'writing', 'wide']"
pleased,"['pleasure', 'learned', 'pleasing']"
other,"['weather', 'term', 'note']"
letter,"['letters', 'latter', 'letterhead']"
first,"['fair', 'interest', 'visit']"
see,"['use', 'sue', 'speedy']"
have,"['share', 'shared', 'having']"
offer,"['offered', 'office', 'goalsoffer']"
company,"['many', 'compare', 'woman']"
questions,"['reservations', 'milestones', 'reasons']"
delighted,"['delight', 'youdelighted', 'delightful']"
enclosed,"['enclose', 'close', 'enjoyed']"
want,"['wanted', 'went', 'wait']"
job,"['jobs', 'joy']"
do,"['done', 'does']"
time,['simple']
how,"['shown', 'own']"
let,"['talent', 'letter', 'get']"
use,"['used', 'sue', 'see']"
tell,"['thrill', 'estall']"
contract,"['contexts', 'contents', 'congratulate']"
call,"['calls', 'called', 'calm']"
help,"['held', 'health']"
come,"['comes', 'home', 'compare']"
writing,"['waiting', 'written', 'predicting']"
wedding,"['weddings', 'sending', 'doing']"
expression,"['expressions', 'express', 'professional']"
part,"['art', 'parent', 'past']"
take,"['gotake', 'tape', 'talk']"
evening,"['seeing', 'depending', 'sending']"
good,"['goodwill', 'go']"
send,"['sends', 'end', 'sender']"
brief,"['write', 'price', 'bring']"
word,"['world', 'words', 'work']"
add,"['adds', 'did', 'admired']"
personal,"['person', 'professional', 'optional']"
respond,"['response', 'reason', 'reasons']"
include,"['included', 'concluded', 'inside']"
ask,['has']
stationery,"['cautionary', 'reputation']"
same,"['share', 'sales', 'named']"
wait,"['want', 'waiting', 'write']"
used,"['use', 'send', 'guessed']"
letterhead,"['lettersdear', 'letter', 'letters']"
great,"['greatest', 'get', 'real']"
office,"['offer', 'confidence', 'offered']"
year,"['years', 'hear', 'dear']"
response,"['responsible', 'respond', 'reasons']"
next,"['contexts', 'newest', 'expect']"
month,"['smooth', 'moment', 'most']"
work,"['word', 'worse', 'world']"
much,['workmuch']
looking,"['long', 'closing', 'going']"
best,"['bet', 'es', 'newest']"
fair,"['first', 'admire']"
way,"['say', 'day']"
letters,"['letter', 'lettersdear', 'latter']"
find,"['fine', 'friends', 'remind']"
difficult,"['difficulties', 'diffident']"
clubs,"['club', 'close', 'calls']"
express,"['expression', 'expressions', 'process']"
needs,"['newest', 'needed', 'news']"
home,"['hope', 'come', 'women']"
speech,"['speeches', 'speedy', 'see']"
seeing,"['sending', 'feeling', 'evening']"
group,"['grow', 'vigorous', 'proud']"
future,"['turn', 'cure']"
intend,"['wanted', 'end', 'written']"
avoid,['said']
events,"['event', 'recent', 'achievements']"
simple,"['implies', 'imply', 'time']"
reservations,"['relationship', 'questions', 'expectations']"
possible,"['responsible', 'problem', 'problems']"
late,"['latter', 'latest', 'last']"
apologize,[]
deal,"['detail', 'real', 'dear']"
make,"['makes', 'take', 'mark']"
friends,"['find', 'sends', 'remind']"
go,"['grow', 'good', 'goal']"
more,"['worse', 'store', 'order']"
obligatory,[]
special,"['hospital', 'speech']"
offered,"['offer', 'concerned', 'served']"
congratulatory,"['congratulate', 'congratulations', 'congratulationsmany']"
information,"['confirmation', 'innovation', 'inspiration']"
goodwill,['good']
weddings,"['wedding', 'sending', 'settings']"
car,"['card', 'carry', 'cards']"
day,"['today', 'way', 'say']"
receiving,"['receive', 'received', 'surviving']"
honor,"['honors', 'poor', 'shown']"
sent,"['went', 'send', 'sends']"
case,"['close', 'cards', 'calls']"
mailed,"['married', 'raised', 'called']"
e,['es']
formal,"['normal', 'form', 'real']"
words,"['word', 'worse', 'world']"
thoughtful,"['thoughtfulness', 'thought', 'thoughts']"
support,"['short', 'superb']"
complete,"['couples', 'compare', 'come']"
liked,"['live', 'line', 'life']"
record,"['red', 'respond', 'word']"
tape,"['take', 'paper', 'topped']"
graduation,"['reduction', 'education', 'congratulations']"
read,"['red', 'real', 'area']"
impressed,"['impressive', 'yourimpressed', 'process']"
attention,"['affection', 'determination', 'flattering']"
detail,"['deal', 'estall', 'dealing']"
parents,"['parent', 'departments', 'part']"
it,['wait']
society,[]
banquet,"['plaque', 'bet']"
new,"['news', 'newest', 'few']"
education,"['reduction', 'reputation', 'graduation']"
wishes,"['wish', 'wildest', 'wide']"
enjoyed,"['enjoy', 'enclosed', 'joy']"
important,"['importance', 'impact', 'opportunity']"
last,"['latest', 'past', 'late']"
understand,['devastated']
receive,"['received', 'receiving', 'excessive']"
held,"['help', 'heard', 'child']"
love,"['live', 'level', 'close']"
loan,"['long', 'woman']"
thought,"['thoughts', 'thoughtful', 'thoughtfulness']"
enjoy,"['enjoyed', 'joy']"
received,"['receive', 'preceded', 'receiving']"
know,[]
sympathy,[]
acknowledgment,['announcement']
confirmation,"['information', 'recognition', 'inspiration']"
order,"['word', 'more', 'dear']"
expressions,"['expression', 'express', 'professional']"
divorce,['admire']
appropriate,"['appreciates', 'appreciated', 'approach']"
sales,"['same', 'small', 'share']"
payment,"['parent', 'parents', 'department']"
gifts,[]
hear,"['heard', 'year', 'hard']"
business,['guess']
arrived,"['married', 'carrier', 'arrival']"
made,"['make', 'makes', 'mailed']"
cards,"['card', 'car', 'awards']"
congratulations,"['congratulating', 'congratulationsmany', 'congratulatory']"
note,"['notes', 'none', 'other']"
close,"['enclose', 'enclosed', 'closeness']"
sender,"['send', 'sends', 'see']"
collection,"['collective', 'election', 'reflection']"
written,"['write', 'writing', 'little']"
people,"['problem', 'couples', 'hope']"
get,"['great', 'let', 'bet']"
process,"['progress', 'express', 'products']"
short,"['support', 'store', 'shown']"
enough,['thought']
announcements,"['announcement', 'achievements']"
occasion,"['occasions', 'circumcision']"
appreciation,"['appreciates', 'appreciated', 'recognition']"
negative,['creative']
issue,"['sue', 'assure', 'assured']"
department,"['departments', 'departmental', 'parent']"
went,"['want', 'sent', 'women']"
sending,"['seeing', 'depending', 'send']"
customers,"['comes', 'come']"
contents,"['contexts', 'clients', 'contract']"
announcement,"['announcements', 'acknowledgment']"
changes,"['chance', 'happiness', 'things']"
price,"['prizes', 'service', 'process']"
called,"['call', 'calls', 'mailed']"
most,"['month', 'smooth', 'moment']"
assure,"['assured', 'issue', 'pleasure']"
interest,"['sincerest', 'newest', 'sincere']"
organization,"['organizations', 'organizational', 'ordination']"
form,"['formal', 'normal', 'fervor']"
public,"['published', 'publications']"
many,"['man', 'company', 'woman']"
messages,['sales']
foldovers,"['love', 'does', 'discoveries']"
keep,[]
hard,"['heard', 'shared', 'hear']"
memo,['memory']
appreciated,"['appreciates', 'appreciation', 'appropriate']"
taking,"['thinking', 'things', 'naming']"
recent,"['recipient', 'event', 'relevant']"
progress,"['process', 'express', 'problems']"
chance,"['changes', 'have', 'hand']"
thinking,"['think', 'thingsin', 'things']"
needed,"['needs', 'preceded', 'fledged']"
bring,"['bearing', 'big', 'bright']"
wanted,"['want', 'watched', 'intend']"
today,"['day', 'told']"
problem,"['problems', 'possible', 'poems']"
end,"['send', 'sends', 'sender']"
long,"['loan', 'looking', 'closing']"
employee,"['employees', 'complete', 'imply']"
store,"['more', 'worse', 'short']"
qualified,"['quality', 'life']"
lettersdear,"['letters', 'letterhead', 'letter']"
medical,['chemical']
named,"['same', 'engaged', 'admired']"
paper,"['newspaper', 'tape', 'part']"
expect,"['expertise', 'expectations', 'express']"
few,['new']
responsible,"['response', 'possible', 'respond']"
begin,"['begins', 'bearing', 'engineer']"
talent,"['parent', 'let', 'payment']"
wonderful,"['wondering', 'achievementwonderful']"
products,"['productive', 'process', 'proud']"
has,"['hat', 'ask', 'changes']"
quality,"['ability', 'qualified']"
done,"['none', 'does', 'donedone']"
credit,"['red', 'predicting', 'creativity']"
years,"['year', 'remarks', 'hear']"
happen,"['happened', 'happier', 'happy']"
difficulties,['difficult']
doing,"['going', 'adopting', 'wedding']"
past,"['part', 'last', 'pianist']"
opportunity,['important']
dealing,"['deal', 'sailing', 'hearing']"
imply,"['simple', 'implies', 'employee']"
positive,"['productive', 'possible', 'politics']"
high,"['things', 'having', 'bright']"
problems,"['problem', 'poems', 'process']"
fault,[]
small,"['estall', 'call', 'sales']"
account,"['accounts', 'cousin', 'accept']"
visited,"['visit', 'raised', 'intend']"
dear,"['year', 'hear', 'deal']"
carrier,"['married', 'arrived', 'carry']"
reputation,"['reduction', 'education', 'expectations']"
worse,"['words', 'work', 'word']"
newspaper,"['paper', 'newsevery', 'news']"
continued,"['concluded', 'concerned', 'recognition']"
sound,"['sun', 'send', 'respond']"
surprised,"['raised', 'yourimpressed', 'married']"
happened,"['happen', 'happiness', 'happinessgood']"
latter,"['flattery', 'letter', 'late']"
memory,"['memo', 'more']"
employees,"['employee', 'implies']"
wish,['wishes']
things,"['thingsin', 'think', 'thinking']"
makes,"['make', 'take', 'remarks']"
big,"['bring', 'bright', 'bearing']"
approach,['appropriate']
reduction,"['education', 'reputation', 'reflection']"
little,"['littlest', 'latter', 'written']"
excessive,"['receive', 'received', 'impressive']"
art,"['part', 'warmth', 'sat']"
matters,"['latter', 'letters', 'rates']"
published,"['public', 'pleased', 'used']"
carry,"['car', 'carrier', 'card']"
bright,"['bring', 'big', 'delight']"
hope,"['home', 'topped', 'happen']"
performance,"['perseverance', 'importance']"
hearing,"['bearing', 'cheering', 'having']"
reason,"['reasons', 'respond', 'response']"
visit,"['visited', 'division', 'limit']"
share,"['shared', 'same', 'hear']"
line,"['live', 'life', 'fine']"
think,"['thinking', 'things', 'thingsin']"
going,"['growing', 'doing', 'solving']"
own,"['shown', 'grown', 'won']"
term,"['other', 'letter', 'latter']"
professional,"['expression', 'personal', 'expressions']"
financial,[]
took,[]
concerned,"['continued', 'concluded', 'sincere']"
competition,"['computerization', 'collection', 'recognition']"
talk,"['take', 'talent', 'taking']"
raised,"['surprised', 'red', 'mailed']"
available,['valuable']
confidence,"['continued', 'office']"
gratitude,[]
said,"['avoid', 'shared', 'raised']"
parent,"['parents', 'part', 'payment']"
health,"['hat', 'weather', 'real']"
child,"['held', 'thrilled', 'chemical']"
recipient,"['recent', 'clients']"
hand,"['hard', 'heard', 'happened']"
p,[]
c,[]
h,[]
major,"['more', 'mark']"
waiting,"['writing', 'wait', 'sailing']"
service,"['served', 'deserve', 'price']"
merger,"['manager', 'more']"
ideas,"['wildest', 'wide', 'does']"
unfortunate,"['uncomfortable', 'congratulate']"
award,"['awards', 'awkward', 'word']"
proud,"['products', 'sound', 'group']"
told,"['world', 'today', 'topped']"
admire,"['admired', 'admiration', 'divorce']"
life,"['live', 'line', 'liked']"
reasons,"['reason', 'response', 'respond']"
feeling,"['feelings', 'seeing', 'evening']"
relationship,"['reservations', 'reputation', 'reflection']"
anniversaries,[]
celebrate,['late']
card,"['cards', 'car', 'hard']"
live,"['love', 'line', 'life']"
married,"['arrived', 'mailed', 'carrier']"
remember,[]
commercial,[]
shared,"['share', 'hard', 'heard']"
admiration,"['graduation', 'determination', 'inspiration']"
warmth,"['warm', 'warmest', 'watch']"
outstanding,"['sending', 'putting', 'stunning']"
happiness,"['happiest', 'happinessgood', 'happier']"
happier,"['happiest', 'happen', 'happiness']"
productive,"['products', 'positive', 'reduction']"
congratulate,"['congratulatory', 'congratulating', 'congratulations']"
notes,"['note', 'none', 'news']"
birthdays,"['births', 'birth']"
anecdote,"['note', 'notes', 'adopt']"
affection,"['reflection', 'election', 'reduction']"
delight,"['delighted', 'delightful', 'youdelighted']"
news,"['new', 'newest', 'notes']"
bar,"['bear', 'car', 'art']"
grow,"['grown', 'growth', 'glow']"
happiest,"['happiness', 'happier', 'happen']"
mark,"['make', 'remarks', 'makes']"
colleagues,['collective']
sends,"['send', 'end', 'sender']"
clients,"['contents', 'achievements', 'recipient']"
front,"['month', 'grown', 'first']"
thoughts,"['thought', 'thoughtful', 'thoughtfulness']"
admired,"['admire', 'named', 'shared']"
bear,"['bar', 'year', 'hear']"
ranks,"['remarks', 'branches', 'rates']"
assured,"['assure', 'pleasure', 'issue']"
success,"['successes', 'successful', 'successrejoice']"
successful,"['success', 'successes']"
birth,"['births', 'birthdays', 'first']"
baby,[]
engagement,"['engaged', 'government', 'department']"
event,"['events', 'recent', 'went']"
opening,"['depending', 'sending', 'evening']"
double,"['problem', 'indulge', 'couples']"
adoption,"['adopting', 'adopt', 'optional']"
woman,"['women', 'won', 'man']"
achievements,"['achievementred', 'achievementwonderful', 'events']"
arrival,"['arrived', 'reveal']"
division,"['visit', 'circumcision']"
increases,"['sincerest', 'sincere', 'reasons']"
optional,"['emotional', 'adoption', 'conventional']"
couples,"['complete', 'comes', 'people']"
accounts,"['account', 'contexts', 'contents']"
travels,"['rates', 'reveal']"
wide,"['wildest', 'write', 'ideas']"
area,"['real', 'read', 'share']"
energy,['sender']
development,"['develop', 'department', 'departments']"
included,"['include', 'concluded', 'enclosed']"
world,"['word', 'words', 'work']"
engaged,"['engagement', 'named', 'end']"
depending,"['sending', 'opening', 'evening']"
sign,"['spin', 'seeing', 'cousin']"
red,"['read', 'shared', 'served']"
pleasant,"['pleasing', 'pleased', 'past']"
pregnant,"['pregnancies', 'parent', 'parents']"
women,"['woman', 'won', 'moment']"
putting,"['reputation', 'settings', 'outstanding']"
volume,"['home', 'come']"
face,"['office', 'chance', 'accept']"
remarks,"['mark', 'years', 'ranks']"
poor,"['honor', 'honors']"
relevant,"['recent', 'pregnant', 'pleasant']"
having,"['hearing', 'things', 'taking']"
ethics,['things']
dramatic,[]
ingenuity,"['inventory', 'infertility']"
real,"['reveal', 'read', 'deal']"
manager,"['merger', 'man']"
s,['es']
none,"['note', 'done', 'notes']"
fine,"['line', 'find', 'office']"
did,"['add', 'admired']"
delightful,"['delight', 'delighted', 'youdelighted']"
background,[]
religious,[]
yours,"['youread', 'years', 'worse']"
skills,['pills']
engineer,['begin']
branch,"['branches', 'born']"
publications,"['public', 'expectations', 'education']"
industry,['duty']
degree,"['deserve', 'dear']"
comes,"['come', 'customers', 'home']"
conventional,"['optional', 'sensational', 'emotional']"
organizations,"['organization', 'organizational', 'ordination']"
indulge,"['inside', 'double']"
government,"['moment', 'engagement', 'department']"
heard,"['hear', 'hard', 'shared']"
occur,"['cure', 'yours']"
learned,"['pleased', 'rewarded', 'pleasure']"
level,"['reveal', 'love', 'live']"
enclose,"['enclosed', 'close', 'closeness']"
moment,"['women', 'month', 'government']"
sincere,"['sincerest', 'interest', 'increases']"
latest,"['late', 'last', 'rates']"
expertise,"['expectations', 'expect', 'express']"
bonus,"['born', 'yours']"
recognition,"['reduction', 'organization', 'confirmation']"
impact,"['past', 'part']"
warm,"['warmth', 'warmest', 'award']"
awards,"['award', 'awkward', 'words']"
speeches,"['speech', 'selected']"
reflection,"['election', 'reduction', 'affection']"
luck,['blocks']
implies,"['simple', 'imply', 'impressed']"
shown,"['own', 'how', 'sound']"
determination,"['ordination', 'admiration', 'computerization']"
turn,['future']
man,"['many', 'woman', 'manager']"
contexts,"['contents', 'next', 'contract']"
hat,"['sat', 'health', 'has']"
ability,"['disability', 'quality', 'fertility']"
superb,"['sue', 'support']"
feelings,"['feeling', 'seeing', 'evening']"
importance,"['important', 'performance', 'impact']"
does,"['done', 'poems', 'notes']"
poems,"['problems', 'process', 'problem']"
promotion,"['promotions', 'emotional', 'recognition']"
normal,"['formal', 'real', 'goal']"
remind,"['red', 'end', 'respond']"
optimistic,[]
inspire,"['inside', 'inspiring', 'inspiration']"
photocopy,[]
greatest,"['rates', 'great', 'latest']"
rates,"['greatest', 'latest', 'travels']"
calls,"['call', 'called', 'case']"
sue,"['issue', 'use', 'superb']"
departments,"['department', 'departmental', 'parents']"
emotional,"['optional', 'sensational', 'promotion']"
calm,"['call', 'calls', 'called']"
legislation,"['recognition', 'inspiration', 'election']"
running,"['stunning', 'bring', 'naming']"
departmental,"['department', 'departments', 'parent']"
served,"['service', 'deserve', 'speedy']"
election,"['reflection', 'collection', 'reduction']"
securing,"['seeing', 'surviving', 'surpassing']"
congratulating,"['congratulations', 'congratulate', 'congratulationsmany']"
perseverance,"['performance', 'pregnancies']"
births,"['birth', 'birthdays']"
smooth,"['month', 'most']"
fertility,"['infertility', 'creativity', 'ability']"
infertility,"['fertility', 'ingenuity']"
biological,[]
heartiest,"['happiest', 'greatest', 'latest']"
warmest,"['warmth', 'warm', 'heartiest']"
joy,"['enjoy', 'joyful', 'job']"
thrilled,"['thrill', 'child']"
brilliant,"['ability', 'aboutthrilling']"
terrific,[]
watched,"['watch', 'wanted', 'weather']"
accomplishment,['complete']
sheehysome,[]
begins,"['begin', 'burdens', 'bearing']"
adds,"['add', 'cards', 'awards']"
glow,"['grow', 'grown', 'go']"
landmarks,"['remarks', 'mark']"
successes,"['success', 'successful', 'successrejoice']"
sweetness,['closeness']
thoughtfulness,"['thoughtful', 'thoughts', 'thought']"
occasions,"['occasion', 'reasons']"
honors,"['honor', 'poor']"
prizes,"['price', 'process', 'parents']"
club,['clubs']
jobs,['job']
milestones,['questions']
christening,"['writing', 'sending', 'stunning']"
circumcision,"['occasion', 'division']"
mitzvah,[]
communion,"['cousin', 'recognition', 'competition']"
ordination,"['organization', 'innovation', 'graduation']"
selected,"['speeches', 'election']"
limit,"['elicit', 'visit']"
pleasing,"['pleasant', 'surpassing', 'pleased']"
consists,"['contexts', 'contents', 'accounts']"
clipping,['closing']
bearing,"['hearing', 'bring', 'bear']"
closing,"['cousin', 'long', 'looking']"
flattery,"['latter', 'flattering', 'letter']"
watch,"['watched', 'warmth', 'weather']"
uncomfortable,['unfortunate']
duty,"['industry', 'debut']"
compare,"['come', 'company', 'complete']"
sun,"['sound', 'sue']"
spin,"['sign', 'piano', 'offspring']"
associates,['appreciates']
promotions,"['promotion', 'emotional']"
collective,"['collection', 'creative', 'complete']"
naming,"['taking', 'having', 'waiting']"
surpassing,"['securing', 'pleasing', 'surviving']"
goal,"['go', 'normal', 'gotake']"
speedy,"['speech', 'served', 'see']"
inventory,"['ingenuity', 'victory']"
cautionary,"['stationery', 'education', 'congratulationsmany']"
elicit,"['limit', 'delight']"
surviving,"['securing', 'receiving', 'surpassing']"
upheaval,[]
premature,"['pleasure', 'remarks', 'appreciates']"
multiple,[]
pills,"['skills', 'calls']"
born,"['bring', 'bonus', 'branch']"
disability,['ability']
hospital,"['special', 'optional', 'hesitate']"
drink,"['think', 'ranks', 'doing']"
guess,"['guessed', 'success', 'progress']"
burdens,['begins']
devastated,"['hesitate', 'understand']"
reveal,"['real', 'level', 'travels']"
bet,"['best', 'let', 'get']"
adopt,"['adoption', 'adopting', 'anecdote']"
cure,"['acquire', 'occur', 'future']"
pregnancies,"['pregnant', 'appreciates', 'branches']"
adopting,"['adoption', 'doing', 'adopt']"
inside,"['inspire', 'landslide', 'visited']"
politics,"['positive', 'publications']"
closeness,"['close', 'sweetness', 'enclose']"
settings,"['things', 'seeing', 'sending']"
m,[]
l,[]
congratulationsmany,"['congratulations', 'congratulatory', 'congratulating']"
muchonhappinessachieved,['happinesscheerful']
goalsoffer,['offer']
sincerest,"['sincere', 'interest', 'newest']"
estall,"['small', 'detail', 'tell']"
happinesscongratulationsan,"['congratulationsmany', 'congratulations', 'withoutcongratulations']"
impressive,"['impressed', 'yourimpressed', 'excessive']"
achievementred,"['achievements', 'achievementwonderful']"
dayanother,['other']
successrejoice,"['successes', 'success']"
expectationssharing,['expectations']
happinesscheerful,"['happiness', 'muchonhappinessachieved', 'happinesscongratulationsan']"
cheering,"['hearing', 'seeing', 'feeling']"
newssignificant,[]
valuable,['available']
contributioncontinued,"['contributionwarm', 'continued']"
successsuccessspectacular,[]
gotake,"['take', 'tape', 'talk']"
withoutcongratulations,"['congratulations', 'congratulationsmany', 'congratulating']"
youdelighted,"['delighted', 'delight', 'delightful']"
youread,"['read', 'yours', 'yourimpressed']"
newsevery,"['newspaper', 'deserve', 'news']"
happinessgood,"['happiness', 'happiest', 'happened']"
sensational,"['emotional', 'conventional', 'organizational']"
joyful,['joy']
aboutthrilling,"['brilliant', 'thrill']"
newswishing,[]
workmuch,"['work', 'much']"
yourimpressed,"['impressed', 'impressive', 'surprised']"
achievementwonderful,"['achievementred', 'achievements', 'wonderful']"
thingsin,"['things', 'thinking', 'settings']"
awe,['saw']
donedone,"['done', 'anecdote']"
welljoins,[]
contributionwarm,"['contributioncontinued', 'cautionary']"
es,"['s', 'news', 'e']"
teemsentencesbaxter,[]
chiropractic,['contract']
littlest,"['little', 'latest', 'wildest']"
woodley,[]
splendid,"['sending', 'send', 'sends']"
triumph,[]
organizational,"['organization', 'organizations', 'ordination']"
benefited,[]
creativity,"['creative', 'fertility', 'credit']"
weather,"['watched', 'watch', 'other']"
sailing,"['waiting', 'solving', 'dealing']"
grass,"['reasons', 'progress', 'greatest']"
feet,"['event', 'recent', 'newest']"
preceded,"['received', 'needed', 'receive']"
topped,"['told', 'tape', 'hope']"
won,"['women', 'woman', 'own']"
piano,"['spin', 'pianist']"
develop,"['development', 'level', 'reveal']"
pianist,"['past', 'piano', 'parent']"
thrill,"['thrilled', 'tell', 'aboutthrilling']"
rewarded,"['read', 'learned', 'preceded']"
creative,"['creativity', 'negative', 'receive']"
solving,"['sailing', 'going', 'doing']"
inspiration,"['inspiring', 'information', 'intuition']"
sat,"['say', 'saw', 'hat']"
diffident,['difficult']
debut,['duty']
guessed,"['guess', 'used', 'successes']"
awkward,"['award', 'awards']"
offspring,"['inspiring', 'opening', 'closing']"
grown,"['grow', 'growing', 'own']"
computerization,"['competition', 'organization', 'organizations']"
growth,"['grow', 'grown', 'growing']"
wildest,"['wide', 'ideas', 'wishes']"
expectations,"['expectationssharing', 'reputation', 'election']"
innovation,"['information', 'ordination', 'inspiration']"
stunning,"['running', 'sending', 'outstanding']"
discoveries,"['sincerest', 'foldovers']"
fervor,['form']
cousin,"['closing', 'couples', 'account']"
branches,"['branch', 'pregnancies', 'rates']"
deserve,"['served', 'service', 'newsevery']"
plaque,"['banquet', 'acquire', 'late']"
landslide,['inside']
campaigned,"['campaign', 'mailed']"
victory,['inventory']
distinguished,[]
newest,"['news', 'needs', 'interest']"
blocks,['luck']
saw,"['say', 'sat', 'awe']"
fledged,['needed']
chemical,"['medical', 'child']"
struggles,[]
acquire,"['cure', 'plaque', 'assure']"
flattering,"['flattery', 'latter', 'letter']"
concluded,"['included', 'include', 'continued']"
vigorous,['group']
inspiring,"['inspiration', 'inspire', 'offspring']"
campaign,"['campaigned', 'company']"
hesitate,"['devastated', 'hospital']"
growing,"['grown', 'going', 'grow']"
appreciates,"['appreciated', 'appreciation', 'appropriate']"
intuition,"['inspiration', 'ordination', 'innovation']"
predicting,"['reduction', 'writing', 'appreciation']"
wondering,"['wonderful', 'writing', 'wedding']"
