say,"['says', 'day', 'summary']"
person,"['personal', 'personnel', 'version']"
write,"['writer', 'written', 'wrote']"
pleased,"['toplease', 'placed', 'lead']"
other,"['others', 'father', 'note']"
letter,"['letters', 'letterhead', 'lettersdear']"
first,"['firms', 'list', 'isat']"
see,"['sheet', 'use', 'sheets']"
have,"['share', 'shared', 'change']"
offer,"['office', 'offices', 'other']"
discuss,"['discussed', 'issues']"
details,"['dental', 'deal', 'ideas']"
company,"['accompany', 'accompanying', 'many']"
name,"['names', 'same', 'sample']"
questions,"['question', 'requesting', 'requesti']"
look,"['book', 'looking']"
enclosed,"['enclosure', 'thatenclosed', 'enclosures']"
grant,"['great', 'want', 'grateful']"
want,"['wanted', 'water', 'meant']"
meeting,"['repeating', 'marketing', 'greetings']"
job,[]
do,[]
time,"['trite', 'title', 'estimates']"
how,['own']
let,"['talent', 'set', 'lot']"
position,"['silicon', 'consideration', 'conditions']"
use,"['used', 'usage', 'house']"
informal,"['formal', 'information', 'informationas']"
tell,"['well', 'telling']"
application,"['applications', 'appreciation', 'qualifications']"
week,['weak']
extension,"['expression', 'attention', 'version']"
contract,"['contracts', 'contact', 'control']"
call,"['called', 'fall', 'small']"
help,"['held', 'helpful', 'health']"
come,"['become', 'welcome', 'cover']"
writing,"['written', 'write', 'bring']"
sure,"['survey', 'square', 'ensure']"
proposal,"['purpose', 'purposes', 'personal']"
repeat,"['repeating', 'respect', 'great']"
expression,"['impressions', 'extension', 'version']"
part,"['parts', 'past', 'separate']"
try,['factory']
good,[]
send,"['end', 'used', 'sent']"
brief,"['ref', 'write', 'trite']"
word,"['words', 'work', 'order']"
state,"['statement', 'estimates', 'estimated']"
personal,"['person', 'personalize', 'personnel']"
mail,"['mailed', 'main', 'mailing']"
include,"['includes', 'wince', 'enclosure']"
telephone,['phone']
number,['name']
large,"['largest', 'are', 'page']"
check,"['checks', 'deck', 'thick']"
ask,"['asked', 'has']"
stationery,"['state', 'attorney', 'installation']"
same,"['sample', 'sase', 'name']"
thank,"['thanked', 'think', 'arethank']"
used,"['use', 'send', 'usage']"
letterhead,"['lettersdear', 'letter', 'letters']"
great,"['grant', 'get', 'repeat']"
requested,"['request', 'requesti', 'requesting']"
office,"['offices', 'offer', 'confidence']"
year,"['years', 'hear', 'dear']"
response,"['responding', 'respect', 'reports']"
speak,['weak']
next,['expect']
month,"['amount', 'other', 'meant']"
work,"['word', 'words']"
looking,"['look', 'long', 'enclosing']"
best,"['belt', 'object', 'budget']"
book,"['look', 'booklets', 'broker']"
mind,"['main', 'find', 'making']"
gives,"['give', 'given', 'gets']"
request,"['requesti', 'requested', 'requesting']"
letters,"['letter', 'lettersdear', 'letterhead']"
results,"['presents', 'presumptuous', 'relate']"
find,"['mind', 'fine', 'friends']"
contributions,"['contribute', 'conditions', 'airconditioners']"
amount,"['month', 'count', 'county']"
assistance,['assistant']
agree,"['agreed', 'are', 'career']"
inquire,"['required', 'square', 'liquid']"
needs,"['need', 'deeds', 'needed']"
equipment,"['requirements', 'shipments', 'recipient']"
list,"['lists', 'listed', 'last']"
future,"['further', 'turn', 'sure']"
action,"['nation', 'association', 'application']"
busy,['buying']
tips,"['twins', 'is', 'titles']"
possible,['considerable']
deal,"['dental', 'dear', 'dean']"
usage,"['use', 'used', 'sase']"
says,"['say', 'sase', 'sales']"
make,"['makes', 'marked', 'marks']"
enthusiastic,[]
friends,"['find', 'reads', 'files']"
more,"['move', 'order', 'major']"
mention,"['mentions', 'mentioned', 'mentioning']"
listed,"['list', 'lists', 'little']"
marked,"['make', 'marks', 'makes']"
required,"['requested', 'requirements', 'revised']"
remark,"['marks', 'reader', 'marked']"
complimentary,"['enclosingcomplimentary', 'complete', 'comments']"
credentials,"['rental', 'dental', 'presidents']"
experience,"['experienced', 'references', 'referenced']"
interview,"['internet', 'interior', 'interest']"
information,"['informationas', 'informal', 'nation']"
employment,"['employed', 'employees', 'payment']"
phone,"['one', 'telephone', 'hope']"
day,"['today', 'say']"
receiving,"['receive', 'received', 'repeating']"
sent,"['set', 'send', 'salient']"
case,"['sase', 'clauses', 'close']"
handwritten,"['written', 'write']"
mailed,"['mail', 'valued', 'smiley']"
e,['en']
language,"['languagehow', 'manager', 'usage']"
formal,"['informal', 'form', 'forms']"
words,"['word', 'orders', 'work']"
senior,"['sensors', 'editor', 'sending']"
research,"['reach', 'respect']"
generous,['generate']
enclosing,"['enclosed', 'enclosure', 'mentioning']"
complete,"['completed', 'completion', 'complimentary']"
telling,"['selling', 'spelling', 'tell']"
become,"['come', 'welcome']"
regular,"['return', 'remark', 'relate']"
deck,"['desk', 'check', 'direct']"
read,"['ready', 'reads', 'reader']"
impressed,"['pressure', 'impressions', 'interested']"
attention,"['mention', 'mentions', 'nation']"
anniversary,"['necessary', 'bannister']"
it,"['list', 'item', 'isat']"
county,"['count', 'amount', 'control']"
dental,"['rental', 'deal', 'details']"
suggested,"['requested', 'used']"
new,"['one', 'few']"
patient,"['patience', 'salient', 'payment']"
wishes,"['wish', 'sheets', 'issues']"
assistant,"['assistance', 'isat', 'association']"
important,"['impact', 'improvement']"
hours,"['yours', 'house', 'course']"
discussed,"['discuss', 'discovered', 'dissect']"
last,"['past', 'list', 'lasting']"
understand,"['stand', 'interested']"
receive,"['received', 'receiving', 'recipient']"
package,"['packet', 'page', 'pages']"
held,"['help', 'field', 'household']"
give,"['gives', 'given', 'arrive']"
excited,"['expected', 'received', 'explained']"
editor,"['senior', 'directors', 'withfor']"
manuscript,['manuscripts']
draft,"['data', 'great', 'grant']"
attorney,"['stationery', 'factory']"
packet,"['package', 'placed', 'impact']"
materials,"['material', 'commercial', 'medical']"
set,"['sent', 'sheet', 'use']"
appointment,"['investment', 'instrument', 'internet']"
twins,"['wish', 'town', 'tips']"
corporate,"['corporations', 'report', 'reports']"
thought,['rough']
explaining,"['explain', 'planning', 'explained']"
received,"['receive', 'receiving', 'revised']"
know,['knock']
order,"['orders', 'reader', 'word']"
orders,"['order', 'words', 'reader']"
morning,"['opening', 'molding', 'mentioning']"
message,"['usage', 'impressed']"
contact,"['contract', 'contracts', 'count']"
need,"['needs', 'needed', 'deed']"
sales,"['samples', 'sample', 'signals']"
payment,"['payments', 'patient', 'employment']"
gifts,"['gift', 'gets', 'fits']"
manuscripts,['manuscript']
hear,"['year', 'hair', 'dear']"
business,"['outlines', 'using']"
payments,"['payment', 'shipments', 'pamphlets']"
gift,"['gifts', 'it']"
birthday,['today']
reports,"['report', 'records', 'response']"
note,"['notes', 'notget', 'wrote']"
close,"['enclosed', 'course', 'enclosure']"
address,"['addresses', 'are']"
written,"['write', 'handwritten', 'writer']"
necessary,['anniversary']
report,"['reports', 'repeat', 'corporate']"
people,"['open', 'hope']"
applications,"['application', 'qualifications', 'appreciation']"
routine,"['outlines', 'outside', 'wrote']"
item,"['items', 'write', 'trite']"
copies,"['hopes', 'accompanies', 'covers']"
agreed,"['agree', 'shared', 'marked']"
samples,"['sample', 'sales', 'pamphlets']"
several,['see']
review,"['reviewed', 'revised', 'interview']"
get,"['gets', 'great', 'agent']"
reach,"['research', 'read', 'area']"
advertisement,"['advertisementdirect', 'department', 'easements']"
arrange,"['range', 'average', 'large']"
replacement,"['easements', 'agreement', 'settlement']"
short,"['sheet', 'share', 'humor']"
is,"['wish', 'tips', 'list']"
present,"['presents', 'presidents', 'sent']"
additional,"['adjudication', 'additionaldescribes', 'direction']"
greetings,"['repeating', 'meeting', 'getting']"
documents,"['document', 'comments', 'development']"
files,"['titles', 'offices', 'less']"
consideration,"['consultation', 'considerable', 'considered']"
dates,"['desk', 'data', 'graduate']"
occasion,['position']
describe,"['describes', 'descriptive']"
reader,"['read', 'ready', 'reads']"
explain,"['explained', 'explaining', 'plans']"
appreciation,"['application', 'applications', 'variations']"
statement,"['statements', 'settlement', 'state']"
items,"['item', 'terms', 'titles']"
involved,[]
asked,"['based', 'ask', 'marked']"
department,"['payment', 'patient', 'separate']"
one,"['phone', 'own', 'new']"
sending,"['send', 'selling', 'seeking']"
shipments,"['payments', 'sheets', 'equipment']"
customers,"['covers', 'clauses', 'cute']"
submissions,"['submission', 'impressions', 'questions']"
conditions,"['airconditioners', 'contributions', 'recommendations']"
changes,"['change', 'exchange', 'chance']"
plans,"['pleased', 'past', 'last']"
requirements,"['equipment', 'required', 'easements']"
foreign,"['original', 'forgotten', 'orient']"
fax,"['faxes', 'faxed', 'faxing']"
called,"['call', 'valued', 'rolled']"
mailing,"['making', 'main', 'mail']"
résumés,['résumé']
interest,"['interested', 'internet', 'interesting']"
form,"['forms', 'formal', 'firm']"
many,"['main', 'company', 'meant']"
records,"['recorded', 'directors', 'seconds']"
keep,[]
casual,"['crucial', 'catalog', 'case']"
mentioned,"['mention', 'mentions', 'mentioning']"
shipped,"['shipper', 'shipping', 'shipments']"
catalog,"['catalogs', 'tailor', 'casual']"
revised,"['reviewed', 'review', 'required']"
completed,"['complete', 'completion', 'complimentary']"
referred,"['referenced', 'references', 'reviewed']"
patience,"['patient', 'piece', 'experience']"
prepared,"['related', 'read', 'pleased']"
progress,"['properties', 'programmer', 'program']"
making,"['marketing', 'main', 'mailing']"
had,"['ad', 'shared', 'has']"
chance,"['change', 'changes', 'exchange']"
needed,"['need', 'needs', 'amended']"
bring,"['buying', 'writing', 'rolling']"
lists,"['list', 'listed', 'less']"
wanted,"['want', 'water', 'thanked']"
today,"['day', 'birthday', 'study']"
agreement,"['agree', 'agent', 'replacement']"
contracts,"['contract', 'contact', 'contributions']"
end,"['send', 'en', 'sending']"
long,"['looking', 'enclosing', 'strong']"
experienced,"['experience', 'referenced', 'expected']"
résumé,['résumés']
qualified,"['magnified', 'quality', 'qualifications']"
sample,"['samples', 'same', 'sales']"
literature,"['intermediate', 'interpret', 'little']"
lettersdear,"['letters', 'letterhead', 'letter']"
medical,"['material', 'materials']"
others,"['other', 'terms', 'notes']"
paper,"['papers', 'appear', 'shipper']"
papers,"['paper', 'parts', 'pages']"
expect,"['expected', 'expecting', 'respect']"
few,['new']
key,[]
talent,"['salient', 'table', 'agent']"
using,"['buying', 'sign', 'sending']"
old,"['cold', 'rolled', 'molding']"
forgotten,"['written', 'foreign', 'foot']"
reviewed,"['review', 'revised', 'required']"
products,"['product', 'producer', 'produced']"
has,"['had', 'ask', 'phrases']"
product,"['products', 'producer', 'produced']"
quality,['qualified']
full,['fall']
years,"['year', 'hear', 'dear']"
installation,"['administration', 'nation', 'consultation']"
past,"['part', 'last', 'pleasant']"
vacuum,[]
damaged,"['magnified', 'marked', 'mailed']"
terms,"['items', 'others', 'letters']"
believe,[]
high,['highlight']
small,"['mail', 'fall', 'call']"
return,"['turn', 'regular']"
free,"['feel', 'agree', 'review']"
control,"['count', 'contract', 'contracts']"
dear,"['year', 'hear', 'dean']"
powerful,[]
tool,[]
errors,"['sensors', 'reports', 'records']"
respect,"['repeat', 'expect', 'present']"
continued,"['contribute', 'obtained', 'constitutes']"
further,"['father', 'other', 'writer']"
services,"['service', 'vice', 'supervisory']"
sound,"['send', 'seconds', 'study']"
focus,"['yours', 'house', 'hours']"
memory,"['memorable', 'summary', 'more']"
employees,"['employed', 'employment', 'samples']"
wish,"['wishes', 'dish', 'twins']"
weak,"['week', 'speak', 'remark']"
makes,"['make', 'marks', 'marked']"
effect,"['effective', 'expect', 'reflection']"
mentioning,"['mention', 'mentions', 'mentioned']"
specific,['specialist']
expecting,"['expect', 'repeating', 'meeting']"
managing,"['making', 'morning', 'margins']"
similar,['smiley']
advice,"['vice', 'advance', 'service']"
question,"['questions', 'requesting', 'requesti']"
little,"['title', 'titles', 'listed']"
benefit,[]
doubt,"['double', 'document', 'count']"
exchange,"['change', 'changes', 'chance']"
piece,"['patience', 'vice', 'experience']"
firm,"['firms', 'form', 'film']"
considered,"['considerable', 'confidence', 'consideration']"
describes,"['describe', 'descriptive', 'additionaldescribes']"
typed,['type']
sheet,"['sheets', 'set', 'see']"
size,"['side', 'summarize', 'emphasize']"
copy,"['company', 'accompany', 'county']"
fits,"['lists', 'items', 'it']"
rental,"['dental', 'credentials', 'orient']"
hope,"['hopes', 'open', 'phone']"
performance,"['appearance', 'personnel']"
responding,"['sending', 'reading', 'response']"
design,"['sign', 'designation', 'signal']"
reading,"['repeating', 'read', 'sending']"
shipping,"['shipper', 'shipped', 'spelling']"
issues,"['wishes', 'success', 'dissect']"
interested,"['interest', 'internet', 'interesting']"
type,['typed']
requesting,"['requesti', 'request', 'question']"
statements,"['statement', 'settlement', 'easements']"
given,"['give', 'gives', 'agent']"
page,"['pages', 'package', 'usage']"
visit,"['list', 'isat', 'lists']"
share,"['shared', 'are', 'square']"
lot,"['locate', 'let']"
checks,"['check', 'changes', 'deck']"
ensure,"['sure', 'enclosure', 'enclosures']"
line,"['like', 'fine', 'wince']"
attached,"['attractive', 'attract', 'match']"
personnel,"['personal', 'person', 'personalize']"
settlement,"['statement', 'statements', 'replacement']"
independent,['dependent']
offices,"['office', 'offer', 'files']"
think,"['thick', 'thank', 'thanked']"
grateful,"['graduate', 'generate', 'great']"
feel,"['free', 'field']"
college,"['complete', 'completed', 'rolled']"
own,"['town', 'one', 'how']"
like,"['line', 'little', 'listed']"
open,"['hope', 'opening', 'openings']"
meant,"['want', 'sent', 'payment']"
course,"['yours', 'house', 'hours']"
wrote,"['write', 'writer', 'written']"
getting,"['greetings', 'meeting', 'repeating']"
program,"['programmer', 'progress', 'paragraph']"
financial,[]
helpful,['help']
available,['charitable']
desk,"['deck', 'ideas', 'deeds']"
confidence,"['confident', 'convenience', 'considered']"
sentences,"['draftsentencesafter', 'references', 'sent']"
names,"['name', 'samples', 'same']"
vice,"['advice', 'service', 'wince']"
intermediate,"['interested', 'internet', 'interest']"
step,"['state', 'listed']"
health,"['help', 'held', 'hear']"
references,"['referenced', 'experience', 'referred']"
emphasize,"['phrases', 'size']"
recipient,"['recipients', 'repeat', 'orient']"
major,"['more', 'marks', 'humor']"
considerable,"['considered', 'consideration', 'confidence']"
comments,"['documents', 'recommendations', 'complimentary']"
rolling,"['telling', 'selling', 'molding']"
schedule,"['scheduled', 'sheet']"
service,"['services', 'vice', 'interview']"
investment,"['instrument', 'internet', 'improvement']"
environment,"['improvement', 'development', 'requirements']"
ideas,"['side', 'details', 'desk']"
directors,"['direct', 'direction', 'records']"
less,"['sales', 'lists', 'files']"
en,"['end', 'sent', 'send']"
award,"['word', 'words', 'water']"
side,"['size', 'outside', 'ideas']"
effective,"['effect', 'executive', 'reflection']"
based,"['asked', 'used', 'send']"
house,"['hours', 'use', 'course']"
move,"['more', 'cover', 'covers']"
remember,[]
commercial,"['crucial', 'material', 'materials']"
association,"['action', 'appreciation', 'variations']"
shared,"['share', 'square', 'marked']"
personalize,"['personal', 'person', 'personnel']"
marks,"['makes', 'remark', 'marked']"
attractive,"['attract', 'attached', 'abstract']"
notes,"['note', 'others', 'notget']"
anecdote,"['note', 'notes']"
humor,"['more', 'short', 'major']"
delight,"['highlight', 'design']"
envelope,"['development', 'redevelopment', 'developing']"
internet,"['interest', 'intern', 'interpret']"
marketing,"['making', 'meeting', 'repeating']"
points,"['orient', 'presidents', 'reports']"
writer,"['write', 'written', 'wrote']"
hair,"['hear', 'share', 'tailor']"
board,"['word', 'words', 'order']"
field,"['held', 'friends', 'fine']"
count,"['county', 'amount', 'cute']"
success,['successful']
lead,"['read', 'pleased', 'ready']"
successful,['success']
father,"['further', 'water', 'other']"
separate,"['part', 'department', 'prepared']"
announce,[]
change,"['changes', 'exchange', 'chance']"
opening,"['openings', 'open', 'sending']"
living,"['receiving', 'publishing', 'explaining']"
double,['doubt']
paragraph,"['paragraphs', 'program', 'chromatography']"
town,"['own', 'twins', 'strong']"
includes,"['include', 'enclosures', 'clauses']"
are,"['area', 'share', 'large']"
executive,"['effective', 'expected', 'expecting']"
purpose,"['purposes', 'surprise', 'response']"
improvement,"['present', 'investment', 'employment']"
obvious,['various']
welcome,"['become', 'come']"
forms,"['form', 'firms', 'formal']"
identify,"['identifies', 'confidentiality']"
article,"['title', 'titles', 'mailed']"
career,"['agree', 'reader', 'are']"
spelling,"['selling', 'telling', 'sending']"
margins,"['main', 'marks', 'managing']"
accuracy,[]
amended,"['mentioned', 'wanted', 'needed']"
area,"['are', 'read', 'share']"
development,"['redevelopment', 'developing', 'envelope']"
pressure,"['ensure', 'impressed', 'sure']"
transportation,"['corporations', 'information', 'association']"
largest,"['large', 'last', 'pages']"
interior,"['intern', 'interview', 'interpret']"
sign,"['signal', 'design', 'signals']"
stand,"['understand', 'thanked', 'send']"
pleasant,"['present', 'pleased', 'past']"
direct,"['directors', 'direction', 'dissect']"
referenced,"['references', 'referred', 'experienced']"
volume,"['valued', 'come']"
household,"['house', 'used', 'held']"
parts,"['part', 'papers', 'reports']"
summarize,"['summarizing', 'summary', 'square']"
related,"['relate', 'read', 'ready']"
material,"['materials', 'medical', 'mail']"
manager,"['range', 'managing', 'language']"
persuasive,['personalize']
gets,"['get', 'pages', 'great']"
original,"['signal', 'signals', 'foreign']"
factory,"['attorney', 'flavor', 'father']"
rough,"['arerough', 'thought']"
fine,"['line', 'find', 'wince']"
placed,"['pleased', 'packet', 'explained']"
valued,"['evaluate', 'volume', 'mailed']"
expected,"['expect', 'excited', 'experienced']"
appear,"['appearance', 'paper', 'papers']"
background,[]
yours,"['hours', 'course', 'years']"
apply,['applying']
cover,"['covers', 'yatecover', 'move']"
skills,"['signals', 'will', 'skip']"
seeking,"['sending', 'selling', 'meeting']"
applying,"['apply', 'mailing', 'application']"
employed,"['employees', 'employment', 'enclosed']"
match,"['attached', 'reach', 'month']"
project,"['object', 'product', 'products']"
summary,"['summarize', 'summarizing', 'survey']"
accompanied,"['unaccompanied', 'accompanies', 'accompany']"
attract,"['attractive', 'abstract', 'contract']"
title,"['titles', 'trite', 'little']"
gimmicks,[]
ad,"['had', 'read', 'lead']"
confident,"['confidence', 'confidentiality', 'orient']"
tailor,"['stationery', 'details', 'catalog']"
seconds,"['send', 'records', 'sound']"
grammar,"['programmer', 'remark']"
study,"['today', 'stand', 'sound']"
faxing,"['making', 'fax', 'reading']"
technician,[]
analyst,[]
openings,"['opening', 'sending', 'open']"
administration,"['installation', 'information', 'introduction']"
qualifications,"['applications', 'application', 'variations']"
strong,"['rolling', 'lasting', 'growing']"
graduate,"['readable', 'grateful', 'generate']"
assembly,['assemblies']
convenience,"['confidence', 'conveying', 'correspondence']"
academic,[]
scheduled,"['schedule', 'held']"
data,"['draft', 'dates', 'dental']"
relate,"['related', 'great', 'evaluate']"
impact,"['packet', 'past', 'part']"
average,"['arrange', 'range', 'large']"
reflection,"['direction', 'appreciation', 'repeating']"
bolsters,"['others', 'letters', 'booklets']"
generated,"['generate', 'gelred', 'interested']"
turn,"['return', 'strong', 'intern']"
addresses,['address']
obtained,"['continued', 'trainee', 'thanked']"
recipients,"['recipient', 'presidents', 'presents']"
accompanying,"['accompany', 'accompanies', 'accompanied']"
main,"['making', 'mind', 'many']"
interesting,"['interest', 'interested', 'intern']"
correspondence,"['responding', 'confidence', 'response']"
industrial,"['integral', 'interstitial']"
lack,"['placed', 'packet']"
object,"['project', 'best', 'belt']"
firms,"['firm', 'forms', 'first']"
descriptive,"['describe', 'describes', 'executive']"
obligations,"['applications', 'variations', 'liaison']"
agent,"['get', 'talent', 'agreement']"
sheets,"['sheet', 'wishes', 'shipments']"
ready,"['read', 'reads', 'reader']"
authorized,['authorities']
titles,"['title', 'trite', 'items']"
buying,"['using', 'bring', 'busy']"
phrases,"['purposes', 'pages', 'emphasize']"
produced,"['producer', 'product', 'provided']"
authorities,"['authorized', 'trite', 'aphorisms']"
truck,['thick']
thick,"['think', 'truck', 'thank']"
clean,"['lead', 'dean', 'pleasant']"
inventory,['investment']
multiple,['title']
growing,"['rolling', 'grabbing', 'bring']"
paragraphs,['paragraph']
constitutes,"['contribute', 'continued', 'contributions']"
faxes,"['faxed', 'faces', 'fax']"
completion,"['complete', 'completed', 'mention']"
purposes,"['purpose', 'phrases', 'surprise']"
advance,"['advice', 'chance']"
accompany,"['company', 'accompanying', 'accompanies']"
accompanies,"['accompanied', 'unaccompanied', 'accompany']"
introduce,"['introduction', 'producer', 'produced']"
enclosure,"['enclosures', 'enclosed', 'ensure']"
film,"['firm', 'firms', 'files']"
rolled,"['old', 'called', 'rolling']"
detector,['directors']
transmittal,['transmittals']
charitable,"['table', 'available']"
pages,"['page', 'papers', 'phrases']"
document,"['documents', 'development', 'comments']"
brochures,['youbrochure']
catalogs,"['catalog', 'close']"
evaluate,"['valued', 'relate', 'related']"
mentions,"['mention', 'mentioned', 'mentioning']"
planning,"['explaining', 'opening', 'lasting']"
survey,"['sure', 'square', 'ensure']"
locate,"['relate', 'lot', 'duplicate']"
well,"['will', 'tell']"
dependent,"['independent', 'presidents', 'department']"
intrigued,"['continued', 'interested', 'instrument']"
sensors,"['senior', 'errors', 'ensure']"
assemblies,"['assembly', 'easements']"
estimated,"['estimates', 'state', 'website']"
thanthirty,['stationery']
notget,"['note', 'notes', 'get']"
yatecover,"['cover', 'covers']"
highlighting,['highlight']
enclosures,"['enclosure', 'enclosed', 'ensure']"
developing,"['development', 'redevelopment', 'envelope']"
distinct,"['dissect', 'visit']"
faxed,"['faxes', 'fax', 'field']"
booklets,['book']
pamphlets,"['samples', 'payments', 'sample']"
unaccompanied,"['accompanied', 'accompanies', 'accompany']"
interpret,"['internet', 'interest', 'interested']"
highlight,"['highlighting', 'delight', 'high']"
orient,"['rental', 'recipient', 'points']"
duplicate,"['locate', 'application']"
summarizing,"['summarize', 'summary', 'mailing']"
salient,"['talent', 'sent', 'patient']"
repeating,"['repeat', 'greetings', 'expecting']"
skip,['skills']
signal,"['signals', 'sign', 'original']"
cute,"['count', 'executive', 'customers']"
exclamation,"['explain', 'recommendation', 'recommendations']"
smiley,"['sample', 'mailed', 'similar']"
faces,"['faxes', 'offices', 'sales']"
wince,"['vice', 'line', 'include']"
recommendations,"['recommendation', 'conditions', 'mentions']"
crucial,"['commercial', 'casual']"
dish,"['wish', 'is', 'wishes']"
aphorisms,"['phrases', 'authorities']"
impressions,"['expression', 'impressed', 'presidents']"
lasting,"['last', 'using', 'planning']"
arethank,"['thank', 'thanked', 'area']"
presumptuous,"['results', 'response', 'presents']"
trite,"['write', 'title', 'writer']"
signals,"['signal', 'sign', 'sales']"
thanked,"['thank', 'think', 'stand']"
knock,['know']
grabbing,"['reading', 'growing', 'range']"
selling,"['spelling', 'telling', 'sending']"
instrument,"['investment', 'instructor', 'internet']"
generate,"['generated', 'separate', 'grateful']"
contribute,"['contributions', 'constitutes', 'continued']"
offputting,[]
mass,"['marks', 'makes']"
submission,"['submissions', 'publishing']"
publishing,"['using', 'living', 'submission']"
credits,"['reads', 'credentials', 'editor']"
reads,"['read', 'ready', 'reader']"
flavor,"['factory', 'form']"
sase,"['says', 'same', 'case']"
identifies,"['identify', 'presidents']"
provides,"['provided', 'properties', 'presidents']"
introduction,"['introduce', 'instructor', 'contributions']"
abstract,"['attract', 'attractive', 'contract']"
table,"['talent', 'charitable', 'readable']"
shipper,"['shipped', 'shipping', 'paper']"
estimates,"['estimated', 'state', 'titles']"
arrive,"['are', 'attractive', 'receive']"
magnified,"['qualified', 'mailed', 'damaged']"
hundredfold,['household']
memorable,"['memory', 'more']"
transmittals,['transmittal']
outside,"['side', 'routine', 'outlines']"
readable,"['reader', 'read', 'graduate']"
appearance,"['appear', 'performance', 'experience']"
wordsannounceenclosedpolicyprovisionsattachedillustrateprojectreportdelivernoticeproposalsummarizedocumentoutlineprospectustermsdraftphrasesacquaint,[]
withfor,"['writer', 'editor']"
informationas,"['information', 'informal', 'explainsinformationcall']"
promisedhere,"['provides', 'provided', 'producer']"
isat,"['list', 'visit', 'state']"
requesti,"['request', 'requesting', 'requested']"
youbrochure,['brochures']
presents,"['present', 'presidents', 'easements']"
additionaldescribes,"['additional', 'describes']"
outlines,"['routine', 'line', 'obtained']"
explainsinformationcall,"['informationas', 'information']"
enclosingcomplimentary,['complimentary']
advertisementdirect,['advertisement']
toplease,"['pleased', 'pleasant', 'complete']"
thatenclosed,"['enclosed', 'enclosure', 'enclosures']"
arerough,['rough']
draftsentencesafter,['sentences']
enjoyedhow,[]
intern,"['internet', 'interior', 'interest']"
budget,"['get', 'gets', 'best']"
recorded,"['records', 'required', 'referred']"
deeds,"['deed', 'needs', 'need']"
easements,"['statements', 'presents', 'payments']"
properties,"['provides', 'progress', 'papers']"
metro,"['mention', 'mentions', 'meant']"
quitclaim,[]
deed,"['deeds', 'need', 'needs']"
conveying,"['accompanying', 'containing', 'opening']"
molding,"['rolling', 'morning', 'mailing']"
belt,"['best', 'relate', 'object']"
bannister,['anniversary']
hopes,"['hope', 'copies', 'open']"
unloader,['order']
programmer,"['program', 'grammar', 'progress']"
instructor,"['introduction', 'instrument', 'interior']"
water,"['writer', 'wanted', 'father']"
website,"['write', 'estimates', 'estimated']"
producer,"['produced', 'product', 'products']"
grinder,"['order', 'writer', 'reader']"
gelred,"['generated', 'agreed', 'read']"
liaison,"['obligations', 'application', 'applications']"
wallpapering,[]
specialist,['specific']
will,"['well', 'skills']"
warehouse,"['house', 'various']"
supervisory,['services']
ref,"['brief', 'are']"
ab,[]
laboratory,[]
variations,"['appreciation', 'applications', 'various']"
redevelopment,"['development', 'developing', 'envelope']"
proof,['proposal']
adjudication,"['additional', 'application', 'direction']"
airconditioners,"['conditions', 'recommendations', 'contributions']"
square,"['sure', 'share', 'survey']"
foot,['forgotten']
inch,['wince']
niobium,[]
containing,"['mentioning', 'consultation', 'accompanying']"
interstitial,"['interest', 'integral', 'interesting']"
cold,"['old', 'completed', 'rolled']"
direction,"['direct', 'directors', 'reflection']"
engineering,"['mentioning', 'interesting', 'greetings']"
designation,"['nation', 'design', 'mention']"
broker,['book']
trainee,"['trite', 'range', 'obtained']"
conducted,"['produced', 'continued', 'contribute']"
fall,"['full', 'call', 'small']"
presidents,"['presents', 'present', 'recipients']"
nation,"['action', 'mention', 'mentions']"
corporations,"['corporate', 'transportation', 'informationas']"
languagehow,['language']
surprise,"['sure', 'purpose', 'supervisory']"
range,"['arrange', 'change', 'trainee']"
soap,['sample']
covers,"['cover', 'yatecover', 'others']"
consultation,"['consideration', 'nation', 'installation']"
adjust,"['past', 'last']"
liquid,['inquire']
chromatography,[]
discovered,"['cover', 'discussed', 'covers']"
recommendation,"['recommendations', 'mention', 'consideration']"
dean,"['dear', 'deal', 'meant']"
provided,"['provides', 'produced', 'revised']"
hygienist,[]
youngster,[]
technology,[]
explained,"['explain', 'explaining', 'experienced']"
silicon,['position']
integral,"['intern', 'interstitial', 'industrial']"
various,"['obvious', 'variations', 'warehouse']"
dissect,"['direct', 'distinct', 'discussed']"
confidentiality,"['confident', 'confidence', 'credentials']"
clauses,"['case', 'includes', 'close']"
version,"['person', 'expression', 'question']"
