accept,"['packet', 'account', 'fact']"
say,"['way', 'pay', 'isapply']"
reply,"['reapply', 'repay', 'play']"
person,"['personal', 'reason', 'period']"
happy,"['apply', 'reapply', 'isapply']"
write,"['written', 'writing', 'rise']"
pleased,"['youpleased', 'repeated', 'place']"
other,"['others', 'note', 'hear']"
letter,"['letters', 'newsletter', 'letterhead']"
see,"['seem', 'serve', 'use']"
have,"['gave', 'waive', 'saves']"
offer,"['offering', 'office', 'other']"
date,"['dates', 'rate', 'late']"
company,"['companies', 'many', 'copy']"
name,"['names', 'unable', 'number']"
questions,"['questioned', 'requesting', 'requests']"
able,"['unable', 'ectable', 'variable']"
look,['book']
enclosed,"['enclose', 'close', 'disclosed']"
grant,"['granting', 'want', 'rate']"
want,"['plant', 'grant', 'amount']"
job,[]
time,"['meantime', 'ticket', 'income']"
working,"['writing', 'offering', 'doing']"
how,"['own', 'low', 'showing']"
let,"['set', 'letter', 'length']"
position,"['yourposition', 'portion', 'portions']"
use,"['uses', 'used', 'set']"
tell,"['telling', 'motels']"
inviting,"['writing', 'signing', 'renting']"
asking,"['taking', 'making', 'raising']"
application,"['applications', 'appreciation', 'vacation']"
contract,"['correct', 'treat']"
help,['helpful']
come,"['income', 'become', 'home']"
writing,"['rating', 'written', 'working']"
requests,"['request', 'requested', 'requesting']"
take,"['make', 'thank', 'state']"
good,['go']
send,"['end', 'second', 'used']"
brief,"['briefly', 'rise', 'write']"
word,"['world', 'order', 'wonder']"
state,"['stated', 'take', 'stationery']"
personal,['person']
include,"['principle', 'income']"
telephone,['phone']
number,"['numbers', 'member', 'members']"
large,"['are', 'charge', 'late']"
check,"['checkoni', 'checking']"
ask,['asking']
guidelines,"['dealings', 'delinquencies', 'delinquent']"
stationery,"['stating', 'state', 'situationhow']"
thank,"['think', 'take', 'bank']"
used,"['use', 'uses', 'send']"
letterhead,"['letter', 'letters', 'newsletter']"
requested,"['request', 'requests', 'refused']"
appreciate,"['appreciation', 'precaution']"
office,"['offer', 'noticed', 'fire']"
year,"['years', 'yearly', 'hear']"
next,"['extend', 'expect']"
month,"['months', 'amount', 'other']"
approved,"['approve', 'disapprove', 'approving']"
much,['such']
book,"['look', 'booklet']"
mind,"['remind', 'main', 'find']"
way,"['say', 'pay']"
request,"['requests', 'requested', 'requesting']"
letters,"['letter', 'matters', 'newsletter']"
find,"['friend', 'mind', 'fine']"
place,"['places', 'packet', 'play']"
express,"['expires', 'expressing', 'experiences']"
amount,"['account', 'month', 'accounts']"
agree,"['are', 'agreement', 'area']"
needs,"['need', 'needing', 'fees']"
tax,[]
home,"['hope', 'come', 'phone']"
list,"['limit', 'it', 'is']"
future,"['furniture', 'fire']"
action,"['vacation', 'addition', 'application']"
intend,"['friend', 'extend', 'end']"
busy,[]
tips,['is']
possible,"['responsible', 'problem', 'problems']"
late,"['later', 'rate', 'date']"
apologize,"['apologies', 'applied']"
idea,"['dear', 'delay', 'hidden']"
make,"['take', 'mistaken', 'packet']"
friends,"['friend', 'find', 'kinds']"
go,['good']
more,"['re', 'order', 'mortgage']"
mention,"['mentioning', 'renting', 'meantime']"
required,"['require', 'requested', 'requirements']"
essential,"['persistent', 'electrical', 'rentals']"
information,"['portion', 'identification', 'portions']"
employment,"['employed', 'repayment', 'payment']"
decision,"['addition', 'appreciation']"
example,"['employed', 'people', 'expect']"
cases,"['purchases', 'uses', 'phrases']"
phone,"['telephone', 'hope', 'home']"
car,"['card', 'clear', 'cards']"
sent,"['set', 'send', 'nishment']"
handwritten,"['written', 'handling', 'write']"
meet,"['regret', 'member', 'expect']"
plan,"['plant', 'play', 'loan']"
complete,"['complaints', 'come', 'collect']"
telling,"['selling', 'spellings', 'tell']"
become,"['come', 'welcome', 'newcomer']"
record,"['records', 'second', 'report']"
read,"['regard', 'area', 'treat']"
it,"['ity', 'list']"
new,['renewal']
understand,"['understanding', 'questioned', 'interested']"
receive,"['received', 'excessive', 'effective']"
benefits,[]
addition,"['action', 'application', 'vacation']"
annual,['factual']
self,[]
give,"['given', 'gave', 'waive']"
family,"['failed', 'fill', 'file']"
suggest,"['set', 'get']"
packet,"['place', 'packages', 'ticket']"
materials,"['matters', 'motels']"
set,"['sent', 'use', 'see']"
ticket,"['packet', 'noticed', 'time']"
loan,"['loans', 'plan', 'plant']"
showing,"['knowing', 'doing', 'allowing']"
reference,"['references', 'referred', 'experiences']"
explaining,"['explain', 'explanation', 'experiencing']"
refusals,"['rentals', 'refused', 'careful']"
received,"['receive', 'excessive', 'reviewed']"
know,"['known', 'knowing']"
weeks,"['fees', 'needs']"
order,"['orders', 'wonder', 'word']"
orders,"['order', 'wonder', 'others']"
acknowledgments,['announcements']
need,"['needs', 'deed', 'needing']"
payment,"['payments', 'repayment', 'nonpayment']"
apologies,"['apologize', 'applied']"
hear,"['year', 'dear', 'years']"
business,"['businesslike', 'uses', 'illness']"
payments,"['payment', 'paymentsdue', 'repayment']"
cards,"['card', 'car', 'records']"
meantime,"['time', 'mention']"
delay,"['play', 'idea', 'dear']"
congratulations,"['consideration', 'obligations', 'portions']"
note,"['noticed', 'other', 'others']"
close,"['lose', 'enclose', 'enclosed']"
responses,"['responsible', 'reasons', 'reason']"
handled,"['handling', 'failed', 'change']"
address,"['addressed', 'ladies', 'are']"
notify,"['identify', 'rectify', 'noticed']"
written,"['write', 'handwritten', 'writing']"
report,"['regret', 'record', 'records']"
people,"['problem', 'example', 'applied']"
applications,"['application', 'appreciation', 'vacation']"
routine,"['nonroutine', 'obtained', 'pertinent']"
copies,"['companies', 'cites', 'complaints']"
several,"['federal', 'serve', 'versatile']"
review,"['reviewed', 'require', 'renewal']"
get,"['set', 'regret', 'let']"
is,"['wish', 'tips', 'rise']"
serve,"['see', 'several', 'serving']"
announcements,"['acknowledgments', 'documents', 'statements']"
documents,"['documented', 'adjustments', 'discounts']"
inquiries,"['delinquencies', 'signatures', 'require']"
consideration,"['considerationlate', 'considered', 'position']"
dates,"['date', 'rate', 'matters']"
explain,"['explaining', 'overexplain', 'plan']"
appreciation,"['precaution', 'appreciate', 'application']"
courtesy,"['course', 'sources', 'security']"
involved,['resolved']
issue,"['misses', 'assure', 'rise']"
transactions,"['instructions', 'action', 'reasons']"
sending,"['lending', 'standing', 'extending']"
customers,"['customer', 'customercredit', 'numbers']"
complaints,"['companies', 'company', 'plant']"
co,"['copy', 'come']"
offering,"['offer', 'working', 'serving']"
illness,"['less', 'business']"
requirements,"['require', 'required', 'requests']"
length,"['lengthy', 'let', 'lending']"
expressing,"['express', 'pressuring', 'expires']"
assure,"['reassure', 'issue', 'are']"
immediate,"['indicate', 'limited', 'date']"
interest,"['interested', 'signatures', 'trust']"
form,"['forms', 'firm', 'normal']"
fill,"['will', 'full', 'file']"
many,"['main', 'company', 'money']"
records,"['record', 'cards', 'recommend']"
keep,[]
file,"['failed', 'fire', 'fine']"
members,"['member', 'numbers', 'number']"
taking,"['making', 'asking', 'stating']"
identification,"['institution', 'information', 'identify']"
property,[]
current,"['correct', 'incorrect', 'documents']"
referred,"['reference', 'refused', 'references']"
customer,"['customers', 'customercredit', 'come']"
knowing,"['known', 'know', 'showing']"
making,"['taking', 'asking', 'main']"
returns,"['return', 'requirements', 'refund']"
had,['handled']
run,"['return', 'refund', 'routine']"
bring,"['rating', 'writing', 'working']"
today,['delay']
problem,"['problems', 'problemsone', 'possible']"
agreement,"['disagreements', 'agree', 'requirements']"
rate,"['late', 'date', 'write']"
end,"['send', 'lend', 'second']"
supplies,"['supplied', 'supply', 'applied']"
addressed,"['address', 'refused', 'deed']"
leave,"['pleased', 'late', 'have']"
others,"['other', 'terms', 'orders']"
papers,"['patterns', 'places', 'person']"
understanding,"['understand', 'standing', 'outstanding']"
expect,"['expectation', 'express', 'expires']"
supply,"['isapply', 'apply', 'supplies']"
responsible,"['limitresponsible', 'responsibility', 'responses']"
reviewed,"['review', 'resolved', 'required']"
error,['errors']
sorry,"['history', 'order']"
regret,"['report', 'regard', 'get']"
correct,"['incorrect', 'corrected', 'correction']"
refund,"['refused', 'refusing', 'run']"
full,"['fill', 'fallen']"
credit,"['creditor', 'credithow', 'fullcredit']"
years,"['year', 'yearly', 'hear']"
due,"['use', 'double', 'overdue']"
difficulties,['difficultiesunable']
doing,"['working', 'showing', 'sending']"
past,"['plant', 'places', 'papers']"
purchased,"['purchases', 'pleased', 'phrases']"
adjustments,"['documents', 'statements', 'payments']"
such,['much']
dealing,"['dealings', 'telling', 'selling']"
terms,"['others', 'matters', 'letters']"
indicate,"['immediate', 'inaccurate', 'date']"
problems,"['problem', 'problemsone', 'possible']"
companies,"['copies', 'company', 'complaints']"
fire,"['firm', 'fine', 'file']"
small,"['smaller', 'allow']"
return,"['returns', 'run', 'refund']"
months,"['month', 'others', 'motels']"
account,"['accounts', 'amount', 'discounts']"
correction,"['correct', 'incorrect', 'corrected']"
dear,"['year', 'idea', 'hear']"
handling,"['standing', 'canceling', 'tostanding']"
incorrect,"['correct', 'corrected', 'correction']"
errors,"['error', 'records']"
refusing,"['requesting', 'refund', 'renting']"
resolved,"['refused', 'rediscover', 'responsible']"
continued,"['obtained', 'nonroutine', 'considered']"
expectation,"['precaution', 'explanation', 'expect']"
surprised,"['supplied', 'used', 'rise']"
lose,"['close', 'enclose', 'loans']"
explanation,"['explain', 'expectation', 'mention']"
wish,['is']
mentioning,"['mention', 'renting', 'tostanding']"
specific,[]
responsibility,"['responsible', 'limitresponsible', 'flexibility']"
pay,"['play', 'repay', 'way']"
codified,[]
little,"['written', 'limited', 'list']"
excellent,"['thisexcellent', 'decent', 'collect']"
instructions,"['institution', 'institutional', 'transactions']"
excessive,"['receive', 'received', 'expressing']"
allow,"['allowing', 'low', 'flow']"
firm,"['form', 'fire', 'forms']"
considered,"['consideration', 'considerationlate', 'counselor']"
play,"['pay', 'plan', 'reply']"
nonroutine,"['routine', 'continued']"
typed,['stamped']
matters,"['patterns', 'materials', 'pattern']"
copy,"['company', 'co', 'photocopy']"
stating,"['standing', 'taking', 'saving']"
hope,"['open', 'home', 'phone']"
banking,"['taking', 'making', 'asking']"
serving,"['saving', 'sending', 'selling']"
interested,"['interest', 'requested', 'presented']"
requesting,"['request', 'requests', 'refusing']"
statements,"['installments', 'disagreements', 'state']"
given,"['give', 'gave', 'waive']"
costs,"['courtesy', 'accounts', 'facts']"
charge,"['change', 'large', 'car']"
reason,"['reasons', 'responses', 'person']"
plant,"['plan', 'want', 'play']"
procedures,[]
gave,"['have', 'give', 'waive']"
line,"['like', 'fine', 'airline']"
re,"['are', 'rise', 'read']"
limited,"['limit', 'little', 'intend']"
insurance,"['inaccurate', 'sources']"
bureau,"['bureaus', 'read', 'area']"
fact,"['facts', 'face', 'factual']"
unable,"['able', 'double', 'uncomfortable']"
think,['thank']
opinion,"['position', 'yourposition', 'obtaining']"
friend,"['friends', 'find', 'remind']"
feel,"['fees', 'federal']"
noticed,"['note', 'obtained', 'continued']"
own,"['known', 'low', 'how']"
like,"['line', 'ticket', 'little']"
wonder,"['order', 'orders', 'considered']"
put,['out']
open,"['hope', 'person', 'copies']"
course,"['yours', 'close', 'courtesy']"
numbers,"['number', 'members', 'names']"
getting,"['stating', 'renting', 'granting']"
loans,"['loan', 'plan', 'lose']"
willing,"['will', 'writing', 'telling']"
financial,"['financialreview', 'ratingtimefinancial', 'factual']"
helpful,['help']
seem,"['see', 'serve']"
following,"['allowing', 'followed', 'collecting']"
hedge,['schedule']
kinds,"['mind', 'friends', 'find']"
reassure,"['assure', 'require', 'reasons']"
names,"['name', 'numbers', 'payments']"
low,"['flow', 'allow', 'own']"
references,"['reference', 'experiences', 'referred']"
sources,"['yours', 'courtesy', 'purchases']"
money,"['more', 'many', 'phone']"
counselor,"['course', 'considered']"
recommend,"['second', 'remind', 'record']"
social,[]
schedule,['hedge']
newsletter,"['letter', 'letters', 'letterhead']"
basis,"['business', 'cases', 'based']"
income,"['come', 'newcomer', 'incorrect']"
less,"['illness', 'rules', 'places']"
effective,"['reflecting', 'receive']"
subject,"['ofsubject', 'set']"
based,"['used', 'send', 'pleased']"
reasons,"['reason', 'responses', 'responsible']"
careful,"['refusals', 'result', 'refund']"
relationship,"['precaution', 'reasons', 'partnership']"
card,"['cards', 'car', 'clear']"
outstanding,"['tostanding', 'standing', 'understanding']"
period,"['person', 'portion']"
member,"['members', 'number', 'numbers']"
regard,"['read', 'safeguard', 'regret']"
envelope,"['envelopes', 'enclose', 'enclosed']"
individual,[]
mistaken,"['take', 'make', 'installment']"
uses,"['use', 'used', 'excuses']"
second,"['send', 'record', 'recommend']"
change,"['charge', 'handled', 'have']"
known,"['know', 'knowing', 'own']"
double,"['unable', 'due', 'problem']"
facts,"['fact', 'factual', 'face']"
are,"['area', 're', 'large']"
portion,"['portions', 'position', 'precaution']"
raising,"['rating', 'asking', 'writing']"
overdue,"['order', 'orders', 'due']"
federal,"['feel', 'several']"
welcome,"['become', 'come', 'newcomer']"
forms,"['form', 'firm', 'yours']"
identify,"['notify', 'rectify', 'identification']"
banks,"['bank', 'blank', 'banking']"
accounts,"['account', 'amount', 'discounts']"
lengthy,"['length', 'let']"
envelopes,"['envelope', 'enclose']"
area,"['are', 'read', 'treat']"
granting,"['rating', 'renting', 'grant']"
vacation,"['action', 'application', 'appreciation']"
packages,"['places', 'packet', 'place']"
world,"['word', 'order']"
rise,"['write', 're', 'issue']"
sign,"['signing', 'saving', 'asking']"
purchases,"['purchased', 'phrases', 'cases']"
fees,"['feel', 'weeks', 'needs']"
face,"['fact', 'place', 'facts']"
poor,"['onlypoor', 'report']"
briefly,"['brief', 'reply', 'verify']"
justify,['notify']
guilty,"['ity', 'equity']"
circumstances,[]
security,"['equity', 'courtesy']"
original,[]
fine,"['line', 'fire', 'find']"
failed,"['file', 'friend', 'family']"
background,['backgroundwe']
beg,[]
yours,"['course', 'sources', 'courtesy']"
apply,"['reapply', 'isapply', 'happy']"
applying,"['apply', 'paying', 'approving']"
employed,"['employment', 'example', 'enclosed']"
result,"['request', 'careful']"
businesslike,['business']
history,"['histories', 'sorry', 'satisfactory']"
checking,"['check', 'checkoni', 'collecting']"
discussing,['discounts']
clear,"['car', 'year', 'hear']"
determine,[]
require,"['required', 'requirements', 'request']"
denied,"['deed', 'end', 'documented']"
delinquent,"['delinquencies', 'frequent', 'pertinent']"
satisfactory,"['stationery', 'history']"
electrical,"['essential', 'reflecting']"
canceling,"['handling', 'balancein', 'telling']"
places,"['place', 'packages', 'papers']"
enclose,"['enclosed', 'close', 'lose']"
persistent,"['pertinent', 'presented', 'essential']"
repeated,"['requested', 'presented', 'read']"
out,"['put', 'amount', 'routine']"
paying,"['applying', 'taking', 'saving']"
turning,"['renting', 'standing', 'granting']"
extend,"['extended', 'extendpay', 'extending']"
comfortable,"['uncomfortable', 'ectable', 'mortgage']"
obtained,"['obtaining', 'continued', 'routine']"
repay,"['reply', 'pay', 'repayment']"
followed,"['following', 'flow', 'allow']"
main,"['making', 'mind', 'many']"
correspondence,"['responses', 'corrected']"
principle,"['include', 'experiences']"
excuses,"['uses', 'cases', 'excessive']"
lack,"['place', 'blank', 'places']"
normal,['form']
balance,"['balancein', 'advance', 'place']"
rating,"['granting', 'writing', 'stating']"
collect,"['collecting', 'correct', 'complete']"
stated,"['state', 'stamped', 'substantiated']"
remind,"['mind', 'refund', 'recommend']"
unpaid,[]
stamped,"['stated', 'typed', 'state']"
standing,"['tostanding', 'outstanding', 'stating']"
nonpayment,"['payment', 'payments', 'repayment']"
encourage,"['course', 'inaccurate', 'enclose']"
gentle,"['get', 'rentals', 'enclose']"
saving,"['stating', 'serving', 'standing']"
obligations,"['applications', 'application', 'position']"
providing,"['approving', 'reviving', 'writing']"
puzzled,['puzzling']
tactful,['factual']
histories,"['history', 'sources']"
confidential,"['consideration', 'considerationlate', 'identify']"
safeguard,['regard']
experiencing,"['experiences', 'expressing', 'explaining']"
creditor,"['credit', 'credithow', 'credituncoil']"
forgot,['form']
photocopy,['copy']
installment,"['installments', 'statements', 'nishment']"
repayment,"['payment', 'payments', 'nonpayment']"
collecting,"['collect', 'reflecting', 'correction']"
renting,"['granting', 'rating', 'writing']"
factual,"['fact', 'tactful', 'facts']"
phrases,"['purchases', 'cases', 'purchased']"
decent,"['excellent', 'documents', 'documented']"
yearly,"['year', 'years', 'reapply']"
bureaus,"['bureau', 'reason']"
airline,"['line', 'failed', 'are']"
disapprove,"['approve', 'approved', 'approving']"
corrected,"['correct', 'incorrect', 'correction']"
verify,"['rectify', 'briefly']"
smaller,"['small', 'fallen']"
frequent,"['request', 'requests', 'requested']"
limit,"['limited', 'list']"
uncomfortable,"['comfortable', 'unable', 'ectable']"
blank,"['bank', 'banks', 'plan']"
later,"['late', 'letter', 'rate']"
lending,"['sending', 'extending', 'lend']"
lend,"['end', 'send', 'lending']"
cash,"['cases', 'cards']"
advance,"['balance', 'balancein']"
signatures,"['interest', 'inquiries', 'interested']"
selling,"['spellings', 'telling', 'willing']"
deed,"['denied', 'need', 'needs']"
will,"['fill', 'willing']"
pattern,"['patterns', 'matters', 'later']"
equity,"['security', 'ity', 'guilty']"
renewal,"['rentals', 'review', 'new']"
obtaining,"['banking', 'tostanding', 'standing']"
approving,"['providing', 'approve', 'approved']"
denying,"['sending', 'renting', 'lending']"
criteria,"['creditor', 'write', 'cites']"
creditworthiness,['creditor']
puzzling,"['puzzled', 'applying']"
bank,"['blank', 'banks', 'banking']"
ladies,"['places', 'address', 'list']"
folks,['forms']
paperwork,['papers']
standardized,['standing']
reflecting,"['renting', 'requesting', 'collecting']"
institutional,"['institution', 'instructions', 'situationhow']"
rules,"['uses', 'request', 'less']"
extending,"['extend', 'sending', 'lending']"
reviving,"['providing', 'writing', 'serving']"
inactive,"['inaccurate', 'waive']"
substantiate,"['substantiated', 'substantiating']"
ity,"['it', 'guilty', 'equity']"
signing,"['sign', 'sending', 'standing']"
pertinent,"['persistent', 'delinquent', 'routine']"
partnership,['patterns']
treat,"['read', 'rate', 'area']"
capacity,[]
extended,"['extend', 'extendpay', 'extending']"
inaccurate,"['indicate', 'inactive', 'insurance']"
portions,"['portion', 'position', 'precaution']"
substantiating,"['substantiate', 'substantiated', 'stating']"
alternate,"['pattern', 'rate', 'late']"
questioned,"['questions', 'requested', 'requesting']"
presented,"['repeated', 'requested', 'persistent']"
newcomer,"['income', 'become', 'welcome']"
gar,"['regard', 'car', 'are']"
nishment,"['sent', 'installment', 'installments']"
payoff,"['pay', 'play']"
needing,"['extending', 'need', 'sending']"
institution,"['institutional', 'instructions', 'situationhow']"
documented,"['documents', 'denied', 'decent']"
misses,"['issue', 'uses', 'rise']"
substantiated,"['substantiate', 'substantiating', 'stated']"
patterns,"['pattern', 'matters', 'papers']"
precaution,"['appreciation', 'expectation', 'portion']"
spellings,"['selling', 'telling', 'dealings']"
dissipate,['date']
hidden,['idea']
sympathies,['companies']
pressuring,"['expressing', 'refusing', 'reassure']"
overexplain,"['explain', 'explaining']"
considerationlate,"['consideration', 'considered', 'confidential']"
paymentsalthough,"['paymentsdue', 'payments', 'payment']"
occasionalmust,[]
paymentpayment,"['payment', 'paymentsdue', 'payments']"
problemsone,"['problems', 'problem', 'responses']"
isapply,"['apply', 'supply', 'reapply']"
privilegespattern,[]
extendpay,"['extend', 'extended', 'extending']"
fullcredit,"['credit', 'creditor', 'credithow']"
youpleased,['pleased']
accommodatecannot,['accommodate']
approvalyoucash,[]
onlypoor,['poor']
paymentspreferred,"['paymentsdue', 'referred', 'payments']"
customercredit,"['customer', 'customers', 'credit']"
tostanding,"['standing', 'outstanding', 'obtaining']"
limitresponsible,"['responsible', 'responsibility', 'responses']"
credithow,"['creditor', 'credit', 'credituncoil']"
financialreview,"['financial', 'inactive']"
filesstatementsteady,['statements']
paymentsdue,"['payments', 'payment', 'repayment']"
ofsubject,['subject']
credituncoil,"['creditor', 'credithow', 'credit']"
ectable,"['able', 'comfortable', 'unable']"
accountsrequirementsdue,['requirements']
flow,"['low', 'followed', 'allow']"
difficultiesunable,['difficulties']
accommodate,"['accommodatecannot', 'immediate']"
thisexcellent,['excellent']
ratingtimefinancial,['financial']
balancein,"['balance', 'canceling', 'banking']"
backgroundwe,['background']
policywill,[]
checkoni,"['check', 'checking']"
yourposition,"['position', 'portion', 'opinion']"
butsentencesbecause,[]
disclosed,"['close', 'enclosed', 'discounts']"
applied,"['supplied', 'supplies', 'approved']"
allowing,"['following', 'allow', 'willing']"
installments,"['installment', 'statements', 'disagreements']"
cites,"['copies', 'interest', 'criteria']"
delinquencies,"['delinquent', 'inquiries', 'guidelines']"
dealings,"['dealing', 'spellings', 'telling']"
refused,"['refund', 'requested', 'used']"
furnish,['furniture']
furniture,"['future', 'furnish', 'fire']"
supplied,"['supplies', 'applied', 'supply']"
reapply,"['reply', 'apply', 'isapply']"
paragraphsenclosed,['enclosed']
mortgage,"['more', 'comfortable']"
approve,"['approved', 'disapprove', 'approving']"
booklet,"['book', 'let']"
temporary,[]
fallen,"['failed', 'smaller', 'lend']"
rectify,"['identify', 'verify', 'notify']"
situationhow,"['institution', 'institutional', 'stationery']"
experiences,"['experiencing', 'references', 'reference']"
trust,"['request', 'requests', 'interest']"
disagreements,"['agreement', 'statements', 'requirements']"
waive,"['have', 'give', 'gave']"
expires,"['express', 'expressing', 'experiences']"
saves,"['uses', 'have', 'gave']"
discounts,"['accounts', 'documents', 'disclosed']"
motels,"['others', 'months', 'materials']"
rentals,"['renewal', 'refusals', 'essential']"
variable,['able']
flexibility,['responsibility']
rediscover,"['resolved', 'creditor', 'disclosed']"
versatile,"['several', 'rate']"
