accept,"['accepted', 'acceptable', 'unacceptable']"
say,"['way', 'saying', 'pay']"
reply,"['real', 'employee', 'ready']"
person,"['personal', 'personnel', 'respond']"
happy,['unhappy']
write,"['written', 'handwrite', 'writing']"
dinner,"['differ', 'isunder', 'finance']"
other,"['others', 'term', 'note']"
letter,"['letters', 'lettersdear', 'matter']"
see,"['seem', 'seems', 'use']"
have,"['save', 'grave', 'thrive']"
offer,"['offered', 'differ', 'refer']"
date,"['state', 'indicate', 'wanted']"
company,"['copy', 'complaints', 'campaigns']"
name,"['names', 'shamed', 'sample']"
questions,"['viewquestion', 'questionpart', 'suggestion']"
enclosed,['denoted']
want,"['wanted', 'amount']"
meeting,"['rejecting', 'meet', 'mention']"
job,[]
do,"['dog', 'door', 'done']"
time,"['overtime', 'thrive', 'strive']"
working,"['work', 'writing', 'morning']"
how,"['own', 'owe', 'showing']"
let,"['set', 'letter', 'get']"
position,"['situation', 'situations', 'production']"
use,"['used', 'cause', 'set']"
informal,"['inform', 'information', 'oral']"
contract,"['contracts', 'concentrate', 'contain']"
call,['small']
help,['helpful']
come,"['become', 'home', 'outcome']"
writing,"['written', 'working', 'letterwriting']"
sure,"['store', 'issue', 'signature']"
duties,"['parties', 'outline', 'dispute']"
take,"['talked', 'make', 'trade']"
good,[]
state,"['estate', 'stage', 'statement']"
personal,"['person', 'personnel']"
respond,"['reasons', 'spend', 'sound']"
number,"['numbers', 'numbered', 'name']"
handwrite,"['write', 'handle', 'written']"
thank,"['think', 'thinks', 'take']"
used,"['use', 'accused', 'unsigned']"
accepted,"['accept', 'acceptable', 'unacceptable']"
requested,"['interested', 'used']"
year,"['years', 'hear', 'heard']"
next,['inept']
month,"['amount', 'most', 'point']"
work,"['working', 'workers', 'world']"
much,"['such', 'touch']"
best,['estate']
fair,"['unfair', 'firm', 'familiar']"
way,"['say', 'pay']"
letters,"['letter', 'lettersdear', 'terms']"
find,"['ofion', 'found', 'final']"
admissions,"['decision', 'addition', 'commissioned']"
speaking,"['saying', 'stating', 'sharing']"
amount,"['month', 'accountant', 'payment']"
agree,"['agreed', 'disagree', 'are']"
particular,[]
home,"['hope', 'come', 'shamed']"
group,"['groups', 'grounds', 'gracious']"
future,"['furniture', 'further', 'sure']"
avoid,"['avoiding', 'said', 'paid']"
events,"['event', 'viewpoints', 'statements']"
possible,"['responsible', 'passive']"
make,"['makes', 'take', 'made']"
sentence,['maintenance']
saying,"['stating', 'sharing', 'using']"
more,"['move', 'store', 'major']"
mention,"['attention', 'meeting', 'relations']"
listed,"['little', 'todisputed', 'interested']"
offered,"['offer', 'preferred', 'differ']"
information,"['informal', 'inform', 'expiration']"
decision,"['admissions', 'legislation', 'addition']"
situations,"['situation', 'stating', 'quotations']"
example,"['sample', 'examine', 'employee']"
parties,"['properties', 'separations', 'areas']"
third,"['trade', 'think', 'other']"
case,"['cause', 'clause', 'purchase']"
language,[]
words,"['world', 'workers', 'work']"
research,"['reached', 'refer']"
generous,"['enormous', 'groups', 'grounds']"
apology,['policy']
meet,"['meeting', 'event', 'merger']"
night,['weight']
become,"['come', 'outcome', 'home']"
record,"['report', 'respond', 'reached']"
attention,['mention']
it,['i']
wishes,"['wish', 'issues']"
last,"['listed', 'clause']"
agreeable,"['agree', 'agreement', 'agreed']"
understand,"['misunderstand', 'understood', 'misunderstanding']"
receive,"['received', 'effective', 'defensive']"
addition,"['admissions', 'position', 'decision']"
give,"['live', 'grave', 'thrive']"
production,"['solution', 'position', 'introducing']"
editor,"['credit', 'door']"
final,"['find', 'finance', 'file']"
family,"['familiar', 'toifail', 'file']"
suggest,"['suggestion', 'issues', 'set']"
set,"['use', 'see', 'let']"
showing,"['sharing', 'holding', 'using']"
reference,"['referee', 'difference', 'refer']"
received,"['receive', 'reached', 'prefixed']"
know,[]
weeks,"['weak', 'seems']"
morning,"['working', 'training', 'bring']"
need,"['numbered', 'wanted', 'heated']"
appropriate,[]
payment,"['argument', 'statement', 'permanent']"
refer,"['referee', 'reference', 'preferred']"
conversation,"['controversial', 'expiration', 'estimation']"
previous,['gracious']
hear,"['heard', 'year', 'harm']"
business,"['unsigned', 'using', 'sides']"
made,"['make', 'trade', 'makes']"
cards,"['charges', 'case', 'years']"
matter,"['material', 'letter', 'bitter']"
note,"['denoted', 'other', 'wanted']"
written,"['write', 'writing', 'handwrite']"
report,"['record', 'effort', 'respond']"
people,"['example', 'open', 'hope']"
agreed,"['agree', 'disagree', 'are']"
yesterday,"['betrays', 'lettersdear']"
several,"['federal', 'see']"
get,"['set', 'let', 'suggest']"
is,"['wish', 'i']"
enough,[]
present,"['event', 'representatives', 'permanent']"
oral,"['real', 'goal', 'world']"
agreements,"['agreement', 'disagreements', 'disagreement']"
statement,"['statements', 'state', 'estate']"
tone,"['done', 'thatbone', 'store']"
involved,[]
asked,"['talked', 'used', 'take']"
touch,"['such', 'much']"
issue,"['issues', 'assume', 'sure']"
complaints,"['campaigns', 'company', 'points']"
co,"['copy', 'come']"
changes,"['charges', 'exchange', 'changing']"
most,"['month', 'costs', 'amount']"
acknowledged,['knowledgewonder']
spend,"['end', 'used', 'tend']"
interest,"['interests', 'interested', 'intermediate']"
organization,"['negotiation', 'legislation', 'information']"
form,"['inform', 'firm', 'informal']"
file,"['final', 'field', 'little']"
views,"['viewpoints', 'voice']"
property,"['properties', 'proponents', 'appropriate']"
value,"['blue', 'cause']"
customer,"['outcome', 'come', 'accusatory']"
had,"['heard', 'shamed', 'heated']"
bring,"['barking', 'ing', 'hiring']"
wanted,"['want', 'heated', 'denoted']"
agreement,"['agreements', 'disagreement', 'disagreements']"
contracts,"['contract', 'concentrate', 'abstracts']"
end,"['tend', 'spend', 'respond']"
employee,"['example', 'reply']"
visits,['viewpoints']
store,"['strive', 'tone', 'sure']"
situation,"['situations', 'stating', 'estimation']"
sample,"['example', 'shamed', 'save']"
lettersdear,"['letters', 'letter', 'yesterday']"
others,"['other', 'terms', 'workers']"
unacceptable,"['acceptable', 'accepted', 'accept']"
responsible,"['possible', 'respond', 'reasons']"
repairs,"['years', 'areas', 'relations']"
using,"['nursing', 'ing', 'saying']"
error,[]
sorry,"['store', 'carry']"
policy,"['policies', 'apology']"
relations,"['relationships', 'reasons', 'separations']"
full,[]
unhappy,['happy']
done,"['tone', 'do', 'dinner']"
credit,"['credited', 'copyedit', 'editor']"
years,"['year', 'repairs', 'hear']"
purchased,"['purchase', 'reached', 'used']"
such,"['much', 'touch']"
dealing,"['reading', 'speaking', 'feelings']"
continue,"['contain', 'convince', 'convinced']"
terms,"['term', 'others', 'letters']"
believe,"['withbelieve', 'live']"
indicate,"['intermediate', 'date']"
voice,"['policies', 'convince', 'views']"
wrong,"['strong', 'writing', 'working']"
small,"['meal', 'call']"
difference,"['differ', 'inquirydifference', 'reference']"
free,"['feel', 'referee', 'refer']"
correction,"['corrected', 'conversation', 'relations']"
examine,"['explained', 'example', 'exchange']"
powerful,[]
bills,['bill']
bad,"['band', 'had']"
further,"['other', 'furniture', 'others']"
sound,"['found', 'respond', 'isunder']"
accusatory,['customer']
assume,"['issue', 'issues', 'passive']"
solution,"['situation', 'suggestion', 'situations']"
wish,"['wishes', 'is', 'weight']"
weak,['weeks']
makes,"['make', 'lawmakers', 'take']"
lawyer,"['lawmaker', 'lawmakers', 'year']"
specific,[]
active,"['thrive', 'strive', 'effective']"
passive,"['passage', 'impasse', 'possible']"
pay,"['way', 'say', 'payoff']"
handle,"['handwrite', 'had', 'changes']"
little,"['listed', 'bitter', 'written']"
exchange,"['changes', 'examine', 'charges']"
purchase,"['purchased', 'case', 'cause']"
gracious,"['groups', 'grounds', 'previous']"
firm,"['form', 'fair', 'unfair']"
point,"['points', 'pointdo', 'withpoint']"
consult,"['costs', 'conflict']"
typed,"['types', 'tend', 'spend']"
copy,"['company', 'copyedit', 'co']"
stating,"['saying', 'situation', 'sharing']"
filling,"['following', 'feelings', 'hiring']"
carry,"['clarify', 'sorry', 'clear']"
hope,"['open', 'home', 'oppose']"
returning,"['training', 'determining', 'remaining']"
credited,"['credit', 'corrected', 'received']"
reading,"['remaining', 'dealing', 'rehearsing']"
issues,"['issue', 'wishes', 'assume']"
interested,"['interest', 'interests', 'interviewed']"
statements,"['statement', 'agreements', 'disagreements']"
page,"['passage', 'stage', 'agree']"
costs,"['cross', 'most', 'consult']"
non,"['own', 'noting', 'opinion']"
procedures,"['properties', 'reduce']"
line,"['live', 'lion', 'like']"
personnel,"['personal', 'person']"
bill,['bills']
weight,"['night', 'wish']"
independent,"['inept', 'permanent']"
cause,"['clause', 'case', 'use']"
think,"['thinks', 'thank', 'thinkingto']"
opinion,"['opinions', 'opin', 'opiniondirect']"
feel,"['free', 'federal', 'field']"
outline,"['outlining', 'line', 'solution']"
suggestion,"['suggest', 'questions', 'solution']"
own,"['owns', 'owe', 'how']"
judgment,"['argument', 'disagreement']"
consider,"['considerate', 'side', 'convince']"
like,"['likely', 'live', 'line']"
put,['dispute']
term,"['terms', 'other', 'others']"
open,"['opin', 'hope', 'spend']"
numbers,"['number', 'numbered', 'names']"
getting,"['stating', 'meeting', 'returning']"
program,['programs']
seems,"['seem', 'see', 'weeks']"
helpful,['help']
seem,"['seems', 'see']"
coming,"['noting', 'ing', 'complaints']"
following,"['filling', 'showing', 'holding']"
effort,"['report', 'form']"
accumulated,"['accused', 'accrued', 'accepted']"
found,"['sound', 'grounds', 'find']"
said,"['side', 'paid', 'stand']"
names,"['name', 'numbers', 'makes']"
intermediate,"['interested', 'interest', 'indicate']"
outlining,"['outline', 'training', 'thinkingto']"
outcome,"['come', 'become']"
convinced,"['convince', 'continue', 'unconvincing']"
estimation,"['negotiation', 'situation', 'stating']"
major,['more']
merger,"['more', 'meet']"
necessity,[]
jazz,[]
band,"['bad', 'stand', 'wanted']"
less,[]
aware,"['are', 'area', 'lawmaker']"
representatives,['present']
side,"['sides', 'said', 'consider']"
effective,"['defensive', 'active', 'receive']"
life,"['live', 'line', 'like']"
reasons,"['relations', 'respond', 'responsible']"
move,['more']
live,"['line', 'like', 'life']"
signature,['sure']
points,"['point', 'pointdo', 'viewpoints']"
newspapers,[]
paid,"['said', 'avoid', 'explained']"
field,"['find', 'file', 'feel']"
event,"['events', 'present', 'meet']"
policies,"['policy', 'voice']"
inform,"['informal', 'form', 'information']"
facts,"['factual', 'face', 'affects']"
are,"['area', 'aware', 'areas']"
hiring,"['sharing', 'bring', 'ing']"
marital,['material']
federal,"['feel', 'several']"
adopted,"['denoted', 'accepted', 'wanted']"
relationships,"['relations', 'reasons']"
programs,['program']
advised,"['avoid', 'asked', 'listed']"
area,"['areas', 'are', 'real']"
energy,['generic']
reached,"['research', 'received', 'ready']"
world,"['words', 'work', 'oral']"
charges,"['changes', 'exchange', 'chair']"
maintenance,"['finance', 'sentence']"
preferred,"['referee', 'refer', 'prefixed']"
stand,"['understand', 'tend', 'stating']"
face,"['finance', 'facts', 'placed']"
likely,"['like', 'live', 'line']"
threats,"['areas', 'relations', 'interests']"
real,"['oral', 'meal', 'area']"
realize,"['real', 'rebate']"
harm,"['hear', 'hr', 'heard']"
material,"['marital', 'matter', 'meal']"
owe,"['own', 'how']"
original,"['oral', 'final']"
placed,"['explained', 'reached', 'accused']"
did,['advised']
save,"['have', 'state', 'stage']"
talked,"['take', 'asked', 'tend']"
appear,"['year', 'hear']"
notifying,"['noting', 'typing', 'outlining']"
background,['grounds']
familiar,"['family', 'fair']"
generic,"['generous', 'energy']"
clear,"['year', 'hear', 'clarify']"
understood,"['understand', 'misunderstand', 'misunderstanding']"
workers,"['work', 'words', 'lawmakers']"
heard,"['hear', 'had', 'heated']"
shorten,['store']
strong,"['wrong', 'stating', 'showing']"
changing,"['sharing', 'changes', 'training']"
areas,"['area', 'are', 'threats']"
thinks,"['think', 'thank', 'thinkingto']"
comfortable,"['uncomfortable', 'compatible']"
enormous,"['generous', 'terms']"
groups,"['group', 'grounds', 'gracious']"
acceptable,"['unacceptable', 'accepted', 'accept']"
letterwriting,"['writing', 'determining', 'letter']"
interests,"['interest', 'interested', 'intermediate']"
suspect,"['use', 'set']"
feelings,"['meeting', 'filling', 'feel']"
correspondence,"['respond', 'corrected']"
fundraising,"['nursing', 'training', 'using']"
trade,"['take', 'made', 'third']"
avoiding,"['avoid', 'reading', 'holding']"
ready,"['real', 'reading', 'reached']"
sarcasm,['areas']
tactful,['factual']
affects,"['facts', 'effective']"
dispute,"['todisputed', 'disputing', 'issue']"
handbook,['thank']
unfair,"['fair', 'firm']"
factual,"['tactful', 'facts', 'anecdotal']"
witnesses,['issues']
emotional,"['negotiable', 'estimation', 'mention']"
numbered,"['number', 'numbers', 'need']"
subsequent,[]
lawmakers,"['lawmaker', 'makes', 'lawyer']"
disagreement,"['disagreements', 'agreement', 'agreements']"
drugs,[]
clarify,"['clear', 'carry']"
legislation,"['negotiation', 'relations', 'expiration']"
disapprove,"['disagree', 'supportive', 'disagreeas']"
sides,"['side', 'said', 'consider']"
oppose,"['opposetake', 'opposing', 'purposesbe']"
corrected,"['correction', 'credited', 'reached']"
misunderstanding,"['misunderstand', 'understand', 'understood']"
overtime,"['time', 'properties', 'conversation']"
dog,['do']
types,"['typed', 'years', 'terms']"
uncomfortable,"['comfortable', 'unacceptable', 'negotiable']"
goal,['oral']
submitting,"['stating', 'situation', 'situations']"
establishment,"['statement', 'statements']"
remaining,"['training', 'reading', 'determining']"
properties,"['property', 'parties', 'proponents']"
explained,"['examine', 'placed', 'expire']"
payoff,['pay']
furnish,['furniture']
furniture,"['future', 'further', 'furnish']"
disagreements,"['disagreement', 'agreements', 'agreement']"
negotiation,"['estimation', 'legislation', 'quotations']"
stage,"['state', 'estate', 'take']"
clause,"['cause', 'case', 'use']"
argument,"['agreement', 'payment', 'agreements']"
statistics,"['statements', 'situations']"
escalates,['estate']
passage,"['page', 'passive', 'impasse']"
campaigns,"['complaints', 'company']"
disagree,"['disagreeas', 'disagreement', 'agree']"
trio,"['thrive', 'strong', 'strive']"
expiration,"['separations', 'estimation', 'position']"
thrive,"['strive', 'active', 'threats']"
conflict,"['consult', 'convince', 'contract']"
opposing,"['oppose', 'opin', 'position']"
quotations,"['questions', 'situations', 'negotiation']"
supportive,"['strive', 'properties', 'disapprove']"
anecdotal,"['negotiable', 'factual']"
accountant,"['contain', 'contract', 'contracts']"
defensive,"['effective', 'receive']"
i,"['it', 'is']"
tend,"['end', 'typed', 'stand']"
shamed,"['sample', 'heated', 'had']"
inept,"['next', 'line', 'independent']"
ridiculous,[]
counterproductive,[]
unconvincing,"['convince', 'convinced']"
irony,"['lion', 'wrong', 'ofion']"
betrays,"['yesterday', 'abstracts']"
vulnerability,[]
bitter,"['matter', 'little', 'letter']"
concentrate,"['contract', 'considerate', 'contracts']"
secretaries,[]
strive,"['thrive', 'store', 'active']"
dispassionate,"['discussin', 'associated', 'passive']"
considerate,"['consider', 'concentrate', 'contract']"
rebate,"['heated', 'estate', 'threats']"
convince,"['convinced', 'continue', 'unconvincing']"
opinions,"['opinion', 'opiniondirect', 'opin']"
prefixed,"['preferred', 'received', 'credited']"
hr,"['hear', 'harm']"
denoted,"['note', 'adopted', 'enclosed']"
separations,"['expiration', 'relations', 'situations']"
contain,"['continue', 'accountant', 'convince']"
demands,['end']
reduce,"['procedures', 'receive', 'reached']"
estate,"['state', 'stage', 'statement']"
heated,"['heard', 'wanted', 'shamed']"
accused,"['accrued', 'accrue', 'used']"
controversial,['conversation']
distributed,"['todisputed', 'dispute']"
proponents,"['properties', 'property', 'permanent']"
lawmaker,"['lawmakers', 'lawyer', 'make']"
door,"['do', 'editor']"
lion,"['line', 'solution', 'ofion']"
friendlier,[]
typing,"['saying', 'noting', 'notifying']"
misunderstand,"['misunderstanding', 'understand', 'isunder']"
objectoffenseprotestingquarrelreconcileregrettableriftstalematestandstillunfortunateunhappyphrasesagree,[]
differ,"['difference', 'offer', 'dinner']"
disagreeas,"['disagree', 'disagreements', 'disagreement']"
cross,"['costs', 'cards']"
purposesbe,"['possible', 'oppose', 'proponents']"
odds,['words']
withbelieve,['believe']
thatbone,"['tone', 'thank', 'state']"
contetnionbury,"['continue', 'conversation']"
hatchetcome,[]
termscomplicated,[]
situationconduct,"['situation', 'situations']"
inquirydifference,"['difference', 'reference']"
opiniondirect,"['opinion', 'opinions']"
todisputed,"['dispute', 'distributed', 'disputing']"
pointdo,"['point', 'points', 'position']"
disservice,"['disapprove', 'difference']"
toifail,['family']
impressin,"['present', 'impasse']"
opin,"['open', 'opinion', 'point']"
ofion,"['opinion', 'opin', 'lion']"
isunder,"['misunderstand', 'sound', 'issue']"
discussin,"['disputing', 'dispassionate', 'admissions']"
questionpart,"['questions', 'viewquestion', 'suggestion']"
withpoint,"['point', 'points', 'viewpoints']"
viewquestion,"['questions', 'questionpart', 'suggestion']"
issueregister,"['issues', 'disservice']"
opposetake,"['oppose', 'purposesbe']"
thinkingto,"['training', 'think', 'outlining']"
knowledgewonder,['acknowledged']
abstracts,"['contracts', 'threats', 'betrays']"
instruments,"['statements', 'disagreements', 'argument']"
grave,"['save', 'have', 'give']"
prescriptions,"['position', 'relations', 'questions']"
negotiable,"['negotiation', 'unacceptable', 'emotional']"
referee,"['reference', 'refer', 'preferred']"
commissioned,"['admissions', 'decision']"
classic,['clause']
owns,"['own', 'points']"
persists,['experts']
barking,"['bring', 'working', 'sharing']"
experts,"['persists', 'report', 'person']"
grounds,"['groups', 'background', 'sound']"
rejecting,"['meeting', 'returning', 'execution']"
conclusions,"['solution', 'opinions', 'conversation']"
blue,"['value', 'clause']"
nursing,"['using', 'fundraising', 'bring']"
expire,"['explained', 'expiration', 'experts']"
execution,"['rejecting', 'expiration', 'correction']"
unsigned,"['used', 'business', 'using']"
impasse,"['passive', 'passage', 'issue']"
determining,"['training', 'returning', 'remaining']"
boundary,"['sound', 'found']"
sharing,"['saying', 'hiring', 'stating']"
introducing,['production']
interviewed,"['interested', 'interest', 'intermediate']"
associated,['dispassionate']
copyedit,"['credit', 'copy', 'credited']"
ing,"['using', 'bring', 'typing']"
discovering,"['conversation', 'disputing', 'discussin']"
training,"['remaining', 'determining', 'outlining']"
permanent,"['proponents', 'present', 'payment']"
compatible,"['comfortable', 'uncomfortable', 'negotiable']"
rehearsing,"['sharing', 'reading', 'returning']"
meal,"['real', 'small', 'material']"
holding,"['showing', 'avoiding', 'outlining']"
viewpoints,"['points', 'views', 'point']"
disputing,"['dispute', 'discussin', 'todisputed']"
sofa,[]
chair,"['hear', 'harm', 'fair']"
ottoman,[]
noting,"['notifying', 'typing', 'outlining']"
accruing,"['accrue', 'sharing', 'barking']"
finance,"['face', 'maintenance', 'final']"
accrued,"['accrue', 'accused', 'accumulated']"
accrue,"['accrued', 'accused', 'accruing']"
