accept,"['accepted', 'accident', 'access']"
say,"['says', 'way', 'saying']"
person,"['personal', 'provision', 'period']"
write,"['writer', 'writers', 'wrote']"
pleased,"['pressed', 'learned', 'place']"
other,"['others', 'brother', 'brothers']"
letter,"['letters', 'meter', 'lettersdear']"
first,"['firm', 'fair', 'interest']"
see,"['sheep', 'sewer', 'seems']"
bid,"['build', 'byi', 'bei']"
have,"['alive', 'shovel', 'leaves']"
offer,"['office', 'fear', 'refer']"
date,"['data', 'dare', 'daytime']"
company,"['complain', 'many', 'complaints']"
name,"['names', 'same', 'number']"
look,"['looked', 'looking', 'floor']"
thanks,"['think', 'thousands', 'things']"
enclosed,"['close', 'closer', 'noses']"
want,"['anti', 'meant', 'magnet']"
job,[]
do,"['drop', 'dogs', 'd']"
time,"['tie', 'timely', 'trim']"
working,"['writing', 'parking', 'morning']"
how,"['tohow', 'shows', 'own']"
let,"['left', 'letter', 'length']"
position,"['positioned', 'positive', 'petition']"
use,"['uses', 'user', 'used']"
kind,"['find', 'signed', 'friend']"
asking,"['talking', 'parking', 'using']"
call,"['small', 'rally', 'local']"
come,"['commen', 'become', 'welcome']"
writing,"['printing', 'working', 'willing']"
sure,"['urges', 'issue', 'supported']"
proposal,"['proposed', 'proofs', 'personal']"
part,"['park', 'partner', 'print']"
take,"['make', 'taste', 'state']"
try,"['story', 'poetry', 'storyon']"
good,"['food', 'goose', 'go']"
word,"['worked', 'worry', 'order']"
state,"['taste', 'stance', 'take']"
add,"['had', 'ads', 'thatdid']"
personal,"['person', 'professional', 'periodical']"
include,"['including', 'single', 'minute']"
telephone,['phone']
number,"['numbers', 'user', 'name']"
large,"['larger', 'largest', 'are']"
check,['cheer']
park,"['parks', 'part', 'parking']"
guidelines,['lines']
handwrite,"['write', 'writer', 'handpoint']"
same,"['sane', 'name', 'state']"
children,"['child', 'accident', 'clean']"
used,"['use', 'uses', 'user']"
great,"['get', 'grease', 'create']"
accepted,"['accept', 'reported']"
appreciate,"['appreciation', 'appointed', 'create']"
office,"['offer', 'police', 'traffic']"
response,"['responsible', 'pressed', 'impressions']"
next,"['extra', 'ex', 'newest']"
month,"['months', 'most', 'moments']"
looking,"['overlooking', 'look', 'long']"
best,['newest']
fair,"['firm', 'fear', 'fare']"
thousands,"['husband', 'thanks', 'stands']"
ways,"['way', 'says']"
way,"['ways', 'say', 'pay']"
letters,"['letter', 'lettersdear', 'twainletters']"
heart,"['health', 'threats', 'part']"
find,"['friend', 'kind', 'found']"
place,"['space', 'spaces', 'police']"
schools,"['shows', 'shovel', 'chosen']"
express,"['expressed', 'expressing', 'expressions']"
nature,"['natural', 'feature', 'featured']"
agree,"['disagree', 'agreehow', 'are']"
needs,"['newest', 'news', 'feed']"
tax,[]
seeing,"['using', 'meetings', 'feelings']"
group,"['groups', 'drop']"
action,"['section', 'retraction', 'national']"
avoid,"['said', 'favorite']"
events,"['event', 'recent', 'leaves']"
stop,"['topic', 'story', 'bishop']"
possible,"['responsible', 'problem', 'positive']"
says,"['say', 'ways', 'sales']"
make,"['makes', 'market', 'take']"
go,['good']
sentence,"['sentences', 'onsentencesa', 'stance']"
saying,"['using', 'carrying', 'startling']"
more,"['order', 'mayor', 'humor']"
mention,"['mentioned', 'mentionone', 'compensation']"
special,"['specify', 'specific', 'hospital']"
chosen,"['horse', 'close', 'commen']"
information,"['implication', 'national', 'incoming']"
phone,"['one', 'telephone', 'hope']"
car,"['care', 'clear', 'are']"
insert,"['interest', 'insist', 'discern']"
sent,"['spend', 'sentence', 'meant']"
mailed,"['failed', 'male', 'walked']"
e,"['ex', 'ed']"
language,"['range', 'large']"
style,"['hairstyle', 'taste', 'story']"
support,"['supported', 'sports', 'spot']"
become,"['come', 'welcome', 'commen']"
stories,"['studies', 'tried', 'trailers']"
record,"['reported', 'report', 'reporti']"
including,"['include', 'incoming', 'intriguing']"
rooms,"['proofs', 'proposed', 'proposal']"
read,"['reader', 'area', 'related']"
society,"['city', 'poetry', 'hockey']"
new,"['news', 'one', 'newest']"
patient,"['department', 'print', 'practice']"
important,['importance']
community,"['common', 'commen', 'commenting']"
last,"['lost', 'largest', 'taste']"
understand,"['understanding', 'undersigned', 'stand']"
addition,"['edition', 'action', 'editing']"
annual,"['unusual', 'painful', 'natural']"
publication,"['publications', 'implication', 'public']"
give,"['given', 'givers', 'alive']"
editor,"['editors', 'editorial', 'edition']"
meetings,"['feelings', 'things', 'seeing']"
reference,"['readdifference', 'difference', 'refer']"
thought,[]
favorite,"['fare', 'write', 'avoid']"
know,"['known', 'knowing', 'knowledge']"
weeks,"['weekly', 'weak', 'seems']"
order,"['worker', 'wonder', 'reader']"
morning,"['working', 'running', 'wounding']"
expressions,"['expressing', 'impressions', 'express']"
sales,"['spaces', 'uses', 'useless']"
refer,"['prefer', 'reader', 'reference']"
business,"['uses', 'useless', 'using']"
made,"['male', 'make', 'madness']"
note,"['noticed', 'wrote', 'other']"
close,"['closer', 'enclosed', 'chosen']"
exception,"['section', 'excerpt', 'election']"
address,"['madness', 'trades', 'access']"
report,"['reporti', 'reported', 'sports']"
people,"['polite', 'police', 'problem']"
item,"['items', 'term', 'write']"
printed,"['print', 'prints', 'appointed']"
copies,"['complaints', 'stories', 'clothes']"
several,"['severe', 'sewer', 'impairedseveral']"
get,"['great', 'magnet', 'let']"
reach,"['rich', 'read', 'area']"
short,"['sports', 'support', 'spot']"
is,['s']
announcements,"['announced', 'moments']"
describe,['diatribe']
reader,"['readers', 'read', 'refer']"
explain,"['complain', 'exception']"
appreciation,"['appreciate', 'protection', 'petition']"
talking,"['asking', 'startling', 'parking']"
items,"['item', 'writers', 'term']"
relative,"['related', 'relief', 'create']"
issue,"['issues', 'sure', 'raise']"
department,"['patient', 'argument', 'separated']"
timely,"['time', 'tie', 'daytime']"
unusual,"['usual', 'annual']"
one,"['phone', 'wonder', 'own']"
implication,"['publication', 'publications', 'legislation']"
complaints,"['complain', 'company', 'frompoint']"
co,"['cost', 'come']"
worker,"['workers', 'worked', 'worry']"
behalf,"['half', 'liberal']"
length,"['let', 'sent', 'long']"
entertaining,"['understanding', 'interesting', 'certain']"
foreign,"['original', 'friend', 'forgot']"
expressing,"['expressions', 'express', 'expressed']"
most,"['lost', 'cost', 'month']"
spend,"['end', 'used', 'sent']"
interest,"['interesting', 'newest', 'intent']"
form,"['firm', 'floor', 'forgot']"
public,"['publicity', 'publication', 'publishes']"
many,"['main', 'company', 'meant']"
messages,"['sales', 'pages', 'messy']"
mentioned,"['mention', 'mentionone', 'method']"
views,"['view', 'news', 'lines']"
recent,"['percent', 'event', 'street']"
current,"['correct', 'incorrect', 'recent']"
street,"['see', 'recent', 'threats']"
knowing,"['known', 'know', 'incoming']"
had,"['hand', 'has', 'handle']"
run,"['gun', 'running', 'overrun']"
thinking,"['whining', 'think', 'things']"
lists,"['limits', 'lost', 'loss']"
today,"['story', 'daily']"
problem,"['possible', 'proved', 'polite']"
end,"['ed', 'spend', 'friend']"
long,"['oflong', 'looking', 'clothing']"
behavior,[]
means,"['meant', 'moments', 'many']"
literature,"['feature', 'featured', 'nature']"
lettersdear,"['letters', 'letter', 'twainletters']"
medical,"['periodical', 'municipal', 'editorial']"
others,"['other', 'brothers', 'clothes']"
paper,"['papers', 'appear', 'newspaper']"
papers,"['paper', 'appears', 'newspapers']"
editorial,"['editor', 'editors', 'medical']"
usual,"['unusual', 'small', 'sales']"
understanding,"['understand', 'entertaining', 'undersigned']"
expect,"['effect', 'percent', 'express']"
supply,['support']
responsible,"['response', 'possible', 'considerable']"
extra,"['next', 'meter']"
begin,"['bei', 'regional', 'breaking']"
using,"['single', 'seeing', 'saying']"
old,['bold']
error,[]
correct,"['incorrect', 'correction', 'current']"
policy,"['police', 'policies', 'publicity']"
has,"['thanks', 'had', 'ads']"
product,"['productive', 'prospect', 'proved']"
quality,"['facility', 'publicity']"
full,['awful']
years,"['yard', 'readers', 'fear']"
emergency,['reference']
complain,"['complaints', 'company', 'main']"
such,['launch']
continue,"['constitute', 'contributed', 'connection']"
believe,"['relative', 'alive', 'relief']"
care,"['car', 'are', 'fare']"
positive,"['positioned', 'position', 'polite']"
high,"['right', 'things', 'hoping']"
leaves,"['events', 'readers', 'pleased']"
indicate,"['indicates', 'candidate', 'nice']"
small,"['male', 'call', 'usual']"
difference,"['readdifference', 'reference']"
months,"['month', 'moments', 'others']"
appears,"['appear', 'papers', 'happens']"
correction,"['correct', 'connection', 'incorrect']"
control,"['controversy', 'counterpoint', 'conventional']"
dear,"['fear', 'dare', 'years']"
powerful,"['lower', 'awful']"
incorrect,"['correct', 'correction', 'current']"
newspaper,"['newspapers', 'paper', 'papers']"
incoming,"['including', 'whining', 'knowing']"
happened,"['happens', 'appointed', 'hand']"
weak,"['weeks', 'break', 'weekly']"
things,"['think', 'thinking', 'meetings']"
true,"['truck', 'tried', 'truths']"
makes,"['make', 'market', 'take']"
effect,"['effects', 'affect', 'effective']"
angry,"['many', 'range', 'agree']"
lawyer,"['lower', 'larger']"
specific,"['specify', 'special', 'civic']"
active,"['adjectives', 'activities', 'alive']"
fear,"['fare', 'fair', 'dear']"
pay,"['way', 'say', 'company']"
handle,"['hand', 'handful', 'handwrite']"
advice,"['dice', 'service', 'discern']"
right,"['rich', 'high', 'write']"
little,"['polite', 'omitted', 'limited']"
excellent,"['recent', 'exceed', 'percent']"
exchange,"['change', 'chances', 'range']"
cost,"['most', 'lost', 'co']"
firm,"['form', 'fair', 'first']"
point,"['print', 'prints', 'polite']"
view,"['views', 'advice']"
announced,"['announcements', 'noticed']"
half,"['behalf', 'health', 'handle']"
giving,"['living', 'given', 'writing']"
erroneous,[]
published,"['publishes', 'publishers', 'abolished']"
print,"['prints', 'printed', 'point']"
feature,"['featured', 'nature', 'fear']"
hope,"['phone', 'horse', 'shovel']"
reading,"['breaking', 'preceding', 'read']"
back,"['packs', 'break', 'block']"
issues,"['issue', 'studies', 'uses']"
hearing,"['reading', 'parking', 'uncaring']"
prompted,"['proposed', 'proved', 'printed']"
given,"['give', 'giving', 'givers']"
page,"['pages', 'space', 'range']"
proved,"['proposed', 'prompted', 'productive']"
shows,"['how', 'slow', 'schools']"
raw,[]
food,"['good', 'found', 'followed']"
line,"['lines', 'like', 'libel']"
bill,"['will', 'build', 'billions']"
limited,"['limit', 'limits', 'omitted']"
load,"['local', 'broad', 'looked']"
loss,"['lost', 'noses', 'lists']"
traffic,"['office', 'affect']"
felt,"['feel', 'health', 'forget']"
fact,"['facts', 'factor', 'face']"
think,"['thinking', 'things', 'thatin']"
opinion,"['opinions', 'opinionfail', 'opinionated']"
friend,"['find', 'tried', 'failed']"
feel,"['felt', 'feed', 'feelings']"
noticed,"['note', 'nice', 'tried']"
own,"['known', 'one', 'how']"
consider,"['considerable', 'wonder', 'closer']"
r,[]
like,"['line', 'hike', 'lines']"
wonder,"['order', 'consider', 'worker']"
term,"['trim', 'item', 'other']"
meant,"['means', 'magnet', 'want']"
wrote,"['write', 'writer', 'writers']"
numbers,"['number', 'names']"
willing,"['will', 'writing', 'whining']"
professional,"['congressional', 'regional', 'personal']"
financial,"['fingernail', 'factual']"
certain,"['clean', 'entertaining', 'exception']"
typewritten,['write']
t,[]
seems,"['see', 'seemed', 'uses']"
concerned,"['learned', 'commend', 'undersigned']"
building,"['build', 'bullying', 'bleeding']"
effort,"['efforts', 'report', 'forgot']"
sentences,"['sentence', 'onsentencesa', 'sentiments']"
delete,"['deleted', 'neglected', 'letter']"
found,"['food', 'find', 'wounding']"
said,"['side', 'stand', 'avoid']"
names,"['name', 'same', 'numbers']"
health,"['heart', 'half', 'felt']"
child,"['children', 'wild', 'build']"
protection,"['appreciation', 'section', 'retraction']"
individuals,"['individual', 'initials', 'indicates']"
create,"['related', 'rates', 'great']"
hand,"['had', 'handle', 'husband']"
indicates,"['indicate', 'candidate', 'nice']"
raise,"['grease', 'premise', 'trailers']"
considerable,"['consider', 'responsible', 'possible']"
service,"['severe', 'advice', 'see']"
carrying,"['uncaring', 'saying', 'parking']"
readers,"['reader', 'trades', 'read']"
sports,"['spot', 'support', 'short']"
activities,"['active', 'adjectives', 'statistics']"
studies,"['stories', 'trades', 'stands']"
seemed,"['seems', 'severe', 'see']"
aware,"['are', 'fare', 'dare']"
representatives,"['relative', 'receives', 'presence']"
side,"['wide', 'said', 'spite']"
reported,"['report', 'reporti', 'record']"
effective,"['effect', 'effects', 'affect']"
subject,"['objecti', 'submit']"
knowledge,"['knowing', 'know']"
city,"['society', 'facility', 'publicity']"
affect,"['effect', 'effects', 'effective']"
disappointed,"['appointed', 'supported', 'disputepresented']"
lost,"['most', 'loss', 'last']"
columns,"['column', 'columnists', 'common']"
productive,"['product', 'practice', 'positive']"
humor,"['more', 'hour', 'short']"
period,"['periodical', 'proved', 'person']"
news,"['new', 'newest', 'views']"
tickets,"['stick', 'articles', 'tie']"
individual,"['individuals', 'initials']"
front,"['affront', 'frompoint', 'wrote']"
writer,"['writers', 'write', 'wrote']"
books,"['blocks', 'look', 'rooms']"
worry,"['worker', 'workers', 'word']"
painful,"['handful', 'awful', 'annual']"
died,"['didted', 'dice', 'tried']"
uses,"['use', 'user', 'used']"
newspapers,"['newspaper', 'papers', 'paper']"
quarters,"['quotes', 'writers', 'partner']"
change,"['exchange', 'chances', 'range']"
event,"['events', 'recent', 'sent']"
policies,"['police', 'polite', 'polish']"
known,"['know', 'knowing', 'own']"
living,"['giving', 'publishing', 'writing']"
space,"['spaces', 'place', 'stance']"
facts,"['fact', 'factors', 'factor']"
partner,"['part', 'quarters', 'paper']"
section,"['selections', 'election', 'action']"
are,"['fare', 'dare', 'care']"
hour,"['short', 'humor', 'horse']"
lower,"['lawyer', 'closer', 'slow']"
parking,"['asking', 'park', 'working']"
practice,"['active', 'productive', 'pejorative']"
single,"['using', 'signed', 'seeing']"
sentiments,"['sentences', 'oftentimes', 'sentence']"
welcome,"['become', 'come', 'women']"
common,"['commen', 'commend', 'community']"
article,"['articles', 'practice', 'critical']"
editors,"['editor', 'editorial', 'edition']"
triple,"['tried', 'trailers', 'tie']"
wide,"['wild', 'side', 'write']"
accuracy,"['inaccuracy', 'inaccuracies']"
area,"['arena', 'are', 'read']"
husband,"['thousands', 'hand', 'stand']"
attack,"['take', 'data', 'back']"
spoke,"['spot', 'supposed', 'response']"
largest,"['large', 'larger', 'last']"
downtown,[]
labor,"['mayor', 'lower', 'large']"
sign,"['signed', 'using', 'single']"
clothing,"['things', 'looking', 'long']"
brother,"['brothers', 'other', 'others']"
stand,"['stands', 'stance', 'understand']"
printing,"['writing', 'print', 'prints']"
women,"['commen', 'welcome', 'moments']"
facility,"['quality', 'fact', 'city']"
recycling,"['preceding', 'reflecting', 'reading']"
yard,['years']
face,"['fare', 'fact', 'space']"
taste,"['take', 'last', 'date']"
alive,"['active', 'male', 'line']"
specify,"['specific', 'special']"
shovel,"['several', 'schools', 'hope']"
defend,"['friend', 'end', 'devoted']"
justify,[]
factor,"['factors', 'fact', 'facts']"
circumstances,"['stance', 'importance', 'chances']"
related,"['relative', 'create', 'read']"
threats,"['thati', 'rates', 'heart']"
harm,['heart']
s,['is']
male,"['mailed', 'make', 'made']"
original,"['regional', 'logical', 'foreign']"
failed,"['mailed', 'faxed', 'false']"
appear,"['appears', 'paper', 'papers']"
accident,"['accept', 'patient', 'children']"
forget,"['forgot', 'get', 'effort']"
topic,"['stop', 'stick']"
prefer,"['refer', 'reference', 'reader']"
carried,"['care', 'tried', 'carrying']"
hoping,"['opposing', 'things', 'working']"
library,"['liberal', 'flurry']"
candidate,"['indicate', 'indicates', 'handwrite']"
publications,"['publication', 'implication', 'publicity']"
worked,"['worker', 'word', 'workers']"
submit,"['subject', 'semi', 'byit']"
conventional,"['connection', 'congressional', 'national']"
daytime,"['time', 'date', 'timely']"
spot,"['sports', 'support', 'spoke']"
critical,"['political', 'criticize', 'periodical']"
clear,"['clean', 'car', 'closer']"
picture,"['pictureread', 'spite', 'polite']"
anti,"['want', 'thati', 'meant']"
color,"['closer', 'collars', 'lower']"
workers,"['worker', 'worked', 'writers']"
compensation,"['mention', 'commenting', 'complain']"
exceed,"['expressed', 'excellent', 'metered']"
closer,"['close', 'lower', 'color']"
learned,"['pleased', 'large', 'featured']"
broad,"['read', 'load', 'bold']"
access,"['spaces', 'accept', 'watches']"
hundreds,"['undersigned', 'urges', 'needs']"
proposed,"['supposed', 'proposal', 'prompted']"
minute,"['intent', 'printed', 'omitted']"
reflects,"['effects', 'reflecting', 'effect']"
drop,"['group', 'do', 'groups']"
unique,"['funnies', 'nice']"
disabilities,"['disabled', 'activities', 'diatribe']"
manufacturers,"['nature', 'feature', 'factors']"
data,"['date', 'attack']"
contributed,"['constitute', 'continue', 'tried']"
luck,"['lucky', 'truck', 'block']"
groups,"['group', 'drop']"
nonprofit,[]
dash,[]
rich,"['right', 'reach']"
neighborhood,['neighbors']
efforts,"['effort', 'effects', 'sports']"
method,"['mentioned', 'metered', 'mention']"
market,"['make', 'makes', 'magnet']"
floor,"['look', 'form', 'food']"
dozens,"['moments', 'dogs']"
ed,"['end', 'used', 'read']"
followed,"['food', 'lower']"
feelings,"['meetings', 'seeing', 'feel']"
importance,"['important', 'stance', 'circumstances']"
main,"['many', 'meant', 'means']"
interesting,"['interest', 'increasing', 'entertaining']"
happens,"['happened', 'appears', 'thanks']"
left,"['let', 'relief', 'letter']"
signed,"['sign', 'undersigned', 'single']"
insist,"['feminist', 'insert']"
overlooked,"['overlooking', 'looked', 'worked']"
weekly,"['weeks', 'weak', 'feel']"
semi,"['seems', 'submit', 'seemed']"
bullying,"['building', 'willing', 'implying']"
puzzled,"['puzzle', 'published']"
forgot,"['forget', 'front', 'effort']"
spaces,"['space', 'sales', 'place']"
rates,"['trades', 'create', 'writers']"
receives,"['drivers', 'adjectives', 'relative']"
local,"['logical', 'load', 'call']"
millions,"['billions', 'willing', 'opinions']"
neighbors,"['neighborhood', 'editors']"
factual,"['fact', 'natural', 'facts']"
inaccuracies,"['inaccuracy', 'accuracy']"
column,"['columns', 'columnists', 'common']"
aim,['daytime']
limits,"['limit', 'limited', 'lists']"
chances,"['change', 'exchange', 'thanks']"
edition,"['editing', 'petition', 'addition']"
national,"['action', 'conventional', 'natural']"
legislation,"['legislators', 'edition', 'publication']"
oppose,"['goose', 'supposed', 'proposed']"
running,"['morning', 'wounding', 'using']"
coverage,"['outraged', 'range', 'considerable']"
truck,"['true', 'luck', 'stick']"
magazines,"['newsmagazine', 'magnet', 'madness']"
clean,"['clear', 'learned', 'certain']"
election,"['elections', 'selections', 'section']"
limit,"['limits', 'limited', 'timid']"
hospital,"['special', 'spite']"
devastated,"['devoted', 'state', 'understand']"
newest,"['news', 'needs', 'interest']"
blocks,"['block', 'books', 'luck']"
lines,"['line', 'news', 'like']"
factors,"['factor', 'facts', 'fact']"
logical,"['local', 'original', 'political']"
pages,"['page', 'spaces', 'papers']"
faxed,"['failed', 'feed', 'fare']"
crucial,"['council', 'critical', 'municipal']"
impressions,"['expressions', 'professional', 'expressing']"
publishing,"['publishes', 'published', 'publishers']"
memorable,"['mayoral', 'more', 'male']"
will,"['wild', 'bill', 'willing']"
range,"['change', 'sane', 'reading']"
technology,[]
reflecting,"['reflects', 'election', 'elections']"
disagreements,"['disagree', 'advertisements', 'sentiments']"
argument,"['largest', 'department', 'meant']"
statistics,['activities']
disagree,"['agree', 'disagreements', 'dare']"
opposing,"['oppose', 'hoping', 'looking']"
opinions,"['opinion', 'opinionfail', 'opinionated']"
story,"['storyon', 'try', 'stories']"
dogs,"['do', 'dozens']"
publishes,"['publishers', 'published', 'publishing']"
percent,"['recent', 'print', 'event']"
dare,"['are', 'fare', 'dear']"
disguised,"['used', 'died']"
publishers,"['publishes', 'published', 'publishing']"
retraction,"['action', 'section', 'protection']"
nice,"['dice', 'noticed', 'indicate']"
outraged,"['coverage', 'urges', 'tried']"
commend,"['commen', 'commending', 'common']"
undersigned,"['understand', 'signed', 'understanding']"
meter,"['metered', 'letter', 'term']"
horse,"['chosen', 'more', 'hour']"
twainletters,"['letters', 'trailers', 'letter']"
constitute,"['continue', 'contributed', 'consider']"
periodical,"['period', 'medical', 'personal']"
prints,"['print', 'printed', 'point']"
daily,"['facility', 'today', 'rally']"
newsmagazine,['magazines']
increasing,"['interesting', 'reading', 'uncaring']"
stance,"['sane', 'state', 'stand']"
hockey,"['society', 'hope', 'hike']"
arena,"['area', 'are', 'read']"
trim,"['time', 'term', 'tried']"
articles,"['article', 'watches', 'tickets']"
quotes,"['quarters', 'others', 'clothes']"
connection,"['correction', 'conventional', 'section']"
likelier,"['like', 'libel']"
block,"['blocks', 'luck', 'look']"
watches,"['rates', 'articles', 'spaces']"
legislators,"['legislation', 'editors', 'lists']"
boycott,[]
petition,"['edition', 'position', 'appreciation']"
startling,"['talking', 'thatin', 'saying']"
initials,"['individuals', 'individual', 'national']"
whining,"['thinking', 'writing', 'willing']"
advertisements,"['disagreements', 'department']"
truths,['true']
editing,"['edition', 'writing', 'reading']"
libel,"['liberal', 'line', 'like']"
malicious,['implication']
intent,"['interest', 'minute', 'insert']"
pejorative,"['relative', 'practice', 'positive']"
adjectives,"['active', 'activities', 'receives']"
redneck,['reader']
bleeding,"['building', 'seeing', 'preceding']"
liberal,"['libel', 'library', 'behalf']"
stereotypes,['terestrecipe']
unions,"['opinions', 'opinion', 'mention']"
looked,"['look', 'overlooked', 'worked']"
feminist,"['insist', 'feelings', 'first']"
cheer,"['sheep', 'sewer', 'refer']"
wounding,"['working', 'whining', 'running']"
political,"['critical', 'politicking', 'polite']"
deleted,"['delete', 'neglected', 'related']"
poetry,"['try', 'society', 'spot']"
descendants,[]
cartoon,"['assertion', 'common', 'action']"
regional,"['original', 'professional', 'congressional']"
commenting,"['commending', 'commen', 'compensation']"
stick,"['tickets', 'truck', 'topic']"
edited,"['didted', 'died', 'discredited']"
awful,"['painful', 'handful', 'full']"
tie,"['time', 'tried', 'triple']"
larger,"['large', 'largest', 'lawyer']"
competitive,"['positive', 'petition', 'compensation']"
pithiness,"['things', 'pointless', 'positioned']"
twist,"['wit', 'write', 'taste']"
opinionated,"['opinion', 'opinions', 'opinionfail']"
controversy,['control']
oftentimes,"['sentiments', 'offensives']"
expressed,"['pressed', 'express', 'expressing']"
prospect,"['protection', 'product', 'proposed']"
physical,"['hysterical', 'hospital']"
anonymous,['onyour']
popular,"['unpopular', 'people', 'appear']"
elections,"['selections', 'election', 'section']"
criticize,"['critical', 'article']"
ban,"['husband', 'blatant']"
preceding,"['reading', 'bleeding', 'seeing']"
launch,"['such', 'luck']"
offensives,"['oftentimes', 'effective', 'office']"
blatant,['ban']
politicking,"['political', 'thinking', 'printing']"
publicity,"['public', 'publication', 'publications']"
bandwagon,[]
inaccuracy,"['accuracy', 'inaccuracies']"
identifying,"['intriguing', 'printing', 'entertaining']"
polite,"['police', 'spite', 'point']"
proofs,"['rooms', 'proposed', 'proposal']"
assertion,"['section', 'action', 'selections']"
commending,"['commenting', 'commend', 'commen']"
civic,"['specific', 'critical']"
relief,"['relative', 'related', 'premise']"
fare,"['are', 'fear', 'fair']"
build,"['building', 'bid', 'wild']"
engender,['sentence']
wit,"['write', 'twist', 'writer']"
notioningoffensiveomissionone,[]
standsupposesurmiseunfortunateviewphrasesafter,[]
ofan,['oflong']
affront,"['front', 'frompoint', 'effort']"
shouldbe,[]
thatdid,"['thati', 'thatin', 'had']"
slow,"['shows', 'lower']"
burn,[]
readdifference,"['difference', 'reference', 'reader']"
opinionfail,"['opinion', 'opinions', 'opinionated']"
agreehow,"['agree', 'disagree']"
thati,"['thatin', 'thatdid', 'threats']"
hortified,['noticed']
reporti,"['report', 'reported', 'sports']"
byi,"['byit', 'bid', 'bei']"
oflong,"['long', 'looking', 'ofan']"
effects,"['effect', 'reflects', 'affect']"
premise,"['pressed', 'raise', 'presence']"
bei,"['begin', 'byi', 'bid']"
withinfuriating,"['writing', 'whining', 'information']"
thatin,"['thati', 'thatdid', 'think']"
letterwriteri,"['letterwriters', 'lettersdear', 'writer']"
enjoyedwho,[]
objecti,"['subject', 'bei']"
ex,"['next', 'e']"
pressed,"['expressed', 'premise', 'pleased']"
byit,"['byi', 'submit']"
d,"['ed', 'do']"
redsuggestion,"['suggests', 'section', 'edition']"
intriguing,"['printing', 'interesting', 'identifying']"
butneglected,"['neglected', 'deleted']"
mentionone,"['mentioned', 'mention', 'compensation']"
storyon,"['story', 'try']"
handpoint,"['point', 'handwrite', 'appointed']"
disputepresented,['disappointed']
false,"['failed', 'male', 'fare']"
pictureread,['picture']
terestrecipe,"['stereotypes', 'interesting', 'presence']"
disasterregarding,[]
impairedseveral,['several']
letterwriters,"['letterwriteri', 'writers', 'letters']"
commen,"['commend', 'common', 'come']"
trades,"['readers', 'rates', 'trailers']"
didted,"['edited', 'died', 'discredited']"
uponmuch,[]
tohow,"['how', 'shows']"
onyour,"['anonymous', 'hour']"
onsentencesa,"['sentences', 'sentence', 'sentiments']"
abolished,"['published', 'publishes', 'polish']"
groundwater,[]
magnet,"['market', 'magazines', 'get']"
supported,"['support', 'supposed', 'reported']"
discredited,"['edited', 'didted', 'disagree']"
counterpoint,"['control', 'contributed', 'continue']"
suggests,"['redsuggestion', 'urges']"
break,"['breaking', 'weak', 'read']"
cutting,"['using', 'clothing', 'startling']"
noses,"['uses', 'note', 'news']"
spite,"['polite', 'spot', 'side']"
hike,"['like', 'think', 'hockey']"
municipal,"['medical', 'crucial', 'council']"
sewer,"['see', 'severe', 'user']"
unpopular,['popular']
sane,"['stance', 'same', 'state']"
gun,['run']
cumulative,"['relative', 'active']"
omitted,"['limited', 'prompted', 'appointed']"
trailers,"['triple', 'trades', 'twainletters']"
drivers,"['givers', 'driven', 'writers']"
overrun,['run']
collars,"['color', 'clear', 'car']"
packs,"['parks', 'spaces', 'park']"
council,"['crucial', 'municipal', 'community']"
police,"['policies', 'polite', 'policy']"
neglected,"['butneglected', 'deleted', 'delete']"
hysterical,"['physical', 'periodical']"
diatribe,"['daytime', 'date', 'dare']"
mayoral,"['mayor', 'memorable']"
mayor,"['mayoral', 'more', 'many']"
featured,"['feature', 'nature', 'metered']"
administrators,[]
givers,"['give', 'drivers', 'given']"
overlooking,"['looking', 'overlooked', 'working']"
presence,"['reference', 'pressed', 'premise']"
wild,"['will', 'wide', 'child']"
geese,"['grease', 'weeks', 'urges']"
parks,"['park', 'packs', 'papers']"
supposed,"['supported', 'proposed', 'oppose']"
natural,"['nature', 'factual', 'national']"
kitchen,"['intent', 'chosen']"
messy,"['madness', 'messages', 'names']"
gravel,"['have', 'give']"
bugs,['urges']
goose,"['oppose', 'good', 'proposed']"
grease,"['raise', 'great', 'geese']"
appointed,"['disappointed', 'printed', 'point']"
episcopalian,['complain']
bishop,"['stop', 'hope']"
devoted,"['deleted', 'devastated', 'reported']"
implying,"['willing', 'implication', 'incoming']"
clothes,"['others', 'other', 'clothing']"
hairstyle,"['style', 'article']"
fingernail,['financial']
polish,"['policies', 'publishes', 'published']"
brothers,"['brother', 'others', 'other']"
flurry,['library']
writers,"['writer', 'write', 'workers']"
urges,"['uses', 'sure', 'largest']"
rally,"['roll', 'call', 'small']"
congressional,"['professional', 'conventional', 'regional']"
sheep,"['see', 'sewer', 'seems']"
severe,"['several', 'sewer', 'seemed']"
disabled,"['displayed', 'disabilities', 'died']"
quadriplegics,[]
helps,['sheep']
ecclesiastical,"['critical', 'political']"
crossword,['word']
puzzle,['puzzled']
bold,"['old', 'build', 'broad']"
timid,"['trim', 'time', 'limited']"
classified,[]
ads,"['trades', 'stands', 'has']"
columnists,"['columns', 'column', 'lists']"
funnies,"['unique', 'unions']"
separated,"['reported', 'supported', 'devastated']"
positioned,"['position', 'positive', 'petition']"
tried,"['tie', 'triple', 'friend']"
discern,"['dice', 'insert', 'advice']"
madness,"['made', 'address', 'messy']"
roll,['rally']
dice,"['advice', 'nice', 'died']"
organized,[]
excerpt,"['exception', 'excellent', 'recent']"
frompoint,"['point', 'front', 'complaints']"
selections,"['elections', 'election', 'section']"
billions,"['millions', 'willing', 'bill']"
provision,"['position', 'professional', 'person']"
user,"['use', 'uses', 'used']"
stands,"['stand', 'trades', 'thousands']"
useless,"['uses', 'seems', 'sales']"
handful,"['handle', 'hand', 'painful']"
metered,"['meter', 'tried', 'featured']"
lucky,"['luck', 'truck', 'block']"
driven,"['drivers', 'given', 'friend']"
walked,"['worked', 'mailed', 'looked']"
breaking,"['reading', 'break', 'asking']"
gotten,"['omitted', 'note']"
feed,"['feel', 'needs', 'featured']"
pointless,"['point', 'prints', 'pithiness']"
victim,"['trim', 'time', 'item']"
displayed,"['disabled', 'pleased', 'died']"
moments,"['months', 'women', 'month']"
uncaring,"['carrying', 'running', 'parking']"
photo,"['spot', 'position', 'short']"
compassionate,"['complaints', 'opinionated', 'complain']"
