invitation,"['invitations', 'inviting', 'situations']"
accept,"['toaccept', 'accepted', 'accepting']"
say,"['stay', 'says', 'way']"
reply,['replying']
pleasure,"['pleased', 'topleased', 'sure']"
person,"['personal', 'expression', 'respond']"
happy,['tohappy']
write,"['handwrite', 'writing', 'wait']"
acceptance,"['acceptances', 'accepted', 'accept']"
pleased,"['topleased', 'pleasure', 'plane']"
dinner,"['dinneron', 'insert', 'dining']"
other,"['vote', 'third', 'offer']"
letter,"['letters', 'better', 'letterhead']"
first,"['list', 'fair', 'confirms']"
invitations,"['invitation', 'situations', 'inviting']"
see,"['use', 'speech', 'set']"
bid,['bit']
have,[]
offer,"['offers', 'offered', 'office']"
discuss,"['discussed', 'discussions']"
details,"['detail', 'dental', 'deal']"
date,"['late', 'state', 'draft']"
company,"['community', 'county', 'convey']"
name,"['same', 'number', 'nature']"
questions,"['requests', 'reservations', 'situations']"
able,"['agreeable', 'mailed', 'absent']"
look,"['book', 'looking']"
delighted,"['listed', 'excited', 'decline']"
thanks,"['thank', 'ofthank', 'youthank']"
enclosed,"['enclosing', 'enjoyed', 'noted']"
grant,"['great', 'want', 'draft']"
want,"['wait', 'grant', 'amount']"
meeting,"['meetings', 'seeing', 'meet']"
job,[]
accepting,"['accept', 'acceptance', 'toaccept']"
do,[]
time,"['estimate', 'ticket', 'simple']"
working,"['work', 'writing', 'looking']"
how,['showing']
let,"['set', 'letter', 'letters']"
acceptances,"['acceptance', 'accepted', 'accept']"
position,"['situations', 'production', 'publication']"
use,"['used', 'usage', 'set']"
informal,"['formal', 'informational', 'information']"
tell,"['telling', 'dwell']"
inviting,"['invitation', 'invitations', 'dining']"
kind,"['mind', 'find', 'intend']"
asking,"['backing', 'speaking', 'seeing']"
application,"['publication', 'applicant', 'amplifications']"
week,[]
extension,"['expression', 'attention', 'mention']"
contract,['contribution']
call,[]
help,['held']
come,"['become', 'home', 'complete']"
writing,"['working', 'write', 'starting']"
sure,"['suite', 'pleasure', 'nature']"
requests,"['request', 'requested', 'questions']"
franchise,['precise']
wedding,"['weddings', 'seeing', 'dining']"
proposal,"['protocol', 'personal', 'rooms']"
repeat,"['great', 'expert', 'request']"
contribution,"['contributions', 'position', 'contract']"
duties,"['deductible', 'stories', 'parties']"
host,"['hosts', 'hours', 'horses']"
expression,"['express', 'extension', 'expresses']"
part,"['party', 'park', 'parties']"
take,"['tape', 'make', 'thank']"
evening,"['seeing', 'reviewing', 'meeting']"
try,[]
good,"['goodwill', 'go']"
send,"['used', 'sent', 'senior']"
brief,['write']
answer,"['insert', 'wear', 'case']"
word,"['words', 'work', 'record']"
state,"['estimate', 'tape', 'take']"
add,[]
personal,"['person', 'proposal']"
mail,"['mailed', 'magic', 'materials']"
respond,"['response', 'reception', 'record']"
include,"['including', 'influence']"
salary,"['say', 'stay', 'says']"
starting,"['saying', 'storytelling', 'writing']"
telephone,['phone']
number,['name']
large,"['late', 'language', 'usage']"
check,['deck']
ask,['asking']
park,"['part', 'speak', 'party']"
guidelines,"['declines', 'decline']"
secretary,"['society', 'stay']"
handwrite,"['handwritten', 'write']"
stationery,"['situations', 'state', 'starting']"
same,"['name', 'usage', 'state']"
format,"['formal', 'informal', 'information']"
children,[]
thank,"['thanks', 'ofthank', 'youthank']"
wait,"['want', 'write', 'it']"
used,"['use', 'send', 'usage']"
letterhead,"['letter', 'letters', 'better']"
ofmr,"['offer', 'offers']"
seventh,"['events', 'sixteenth', 'sent']"
great,"['grant', 'repeat', 'regrets']"
accepted,"['accept', 'acceptance', 'toaccept']"
forwe,"['towe', 'more', 'favorite']"
requested,"['request', 'requests', 'required']"
appreciate,"['precise', 'applicant', 'approaches']"
office,"['offer', 'offers', 'offered']"
year,"['wear', 'heart', 'remark']"
response,"['respond', 'suppose', 'responsibilities']"
speak,"['speaker', 'speaking', 'special']"
next,"['insert', 'expert']"
month,"['amount', 'other']"
work,"['word', 'working', 'workshop']"
approved,['approaches']
sixteenth,"['seventh', 'sent']"
much,['music']
looking,"['look', 'working', 'enclosing']"
reception,"['receipt', 'directions', 'reservations']"
best,"['yesit', 'better', 'absent']"
fair,"['first', 'favors', 'family']"
book,['look']
amusement,"['amount', 'absent', 'seventh']"
mind,"['kind', 'find', 'mailed']"
gives,['give']
thousands,"['thanks', 'enthusiasm']"
ways,"['way', 'says']"
way,"['ways', 'say', 'day']"
ormanonce,['information']
decide,"['decline', 'declines', 'precise']"
request,"['requests', 'requested', 'required']"
easiest,"['cases', 'assistant', 'slides']"
letters,"['letter', 'better', 'letterhead']"
heart,"['year', 'wear', 'part']"
results,['requests']
unenthusiastic,"['enthusiastic', 'enthusiasm']"
find,"['mind', 'kind', 'friends']"
backing,"['asking', 'speaking', 'accepting']"
difficult,[]
place,"['plane', 'player', 'packet']"
admissions,"['admission', 'discussions', 'decision']"
schools,['chosen']
clubs,[]
membership,[]
offers,"['offer', 'offered', 'office']"
contributions,"['contribution', 'situations', 'actions']"
favors,"['favorite', 'fair']"
speaking,"['speak', 'seeing', 'saying']"
conference,"['reference', 'influence', 'experience']"
workshop,"['work', 'words']"
express,"['expresses', 'expression', 'impressed']"
agreeing,"['agree', 'seeing', 'reviewing']"
amount,"['month', 'layout', 'county']"
precise,"['appreciate', 'impressed', 'franchise']"
nature,"['future', 'inquire', 'sure']"
assistance,"['assistant', 'acceptance']"
agree,"['agreeing', 'agreeable', 'usage']"
inquire,"['inquiry', 'required', 'nature']"
particular,[]
needs,['noted']
receipt,"['reception', 'receive', 'receiving']"
tax,[]
deductible,"['education', 'duties', 'detail']"
directions,"['director', 'reception', 'actions']"
home,"['come', 'phone', 'horses']"
wheelchair,[]
accessibility,"['responsibilities', 'possibilities']"
equipment,"['employment', 'request']"
speech,"['see', 'special', 'speaker']"
list,"['listed', 'last', 'it']"
seeing,"['meeting', 'evening', 'speaking']"
group,['generous']
future,"['nature', 'sure']"
action,"['actions', 'addition', 'application']"
accomplish,"['compliments', 'compulsory']"
actions,"['action', 'situations', 'directions']"
intend,"['noted', 'listed', 'invitedwe']"
reciprocal,[]
avoid,['favorite']
ungracious,[]
amplifications,"['application', 'publication', 'actions']"
busy,[]
suppose,"['support', 'response', 'use']"
manage,"['language', 'advantages', 'package']"
events,"['seventh', 'regrets', 'parents']"
calendar,['standard']
stop,['stock']
speaker,"['speak', 'speaking', 'speech']"
simple,"['example', 'time', 'same']"
reservations,"['celebration', 'reception', 'questions']"
better,"['letter', 'letters', 'letterhead']"
decline,"['declines', 'decide', 'guidelines']"
tips,"['twins', 'tricks', 'duties']"
possible,['possibilities']
late,"['last', 'date', 'state']"
apologize,['apology']
dwell,"['tell', 'deal', 'goodwill']"
deal,"['detail', 'dental', 'idea']"
noted,"['intend', 'vote', 'honored']"
usage,"['use', 'used', 'same']"
expert,"['repeat', 'experience', 'express']"
says,"['say', 'ways', 'stay']"
inquiry,['inquire']
idea,"['deal', 'slides', 'detail']"
make,"['marked', 'take', 'remark']"
enthusiastic,"['unenthusiastic', 'enthusiasm']"
proper,['prepare']
stock,['stop']
hosts,"['host', 'horses', 'hours']"
employers,"['employment', 'player', 'example']"
friends,"['find', 'intend']"
go,['good']
sentence,['sent']
saying,"['starting', 'speaking', 'seeing']"
cheerful,[]
issued,"['listed', 'impressed', 'discussed']"
more,"['forwe', 'marked', 'horses']"
mention,"['attention', 'meeting', 'meetings']"
listed,"['list', 'liked', 'issued']"
marked,"['make', 'remark', 'mailed']"
mandatory,[]
obligatory,[]
required,"['requested', 'request', 'inquire']"
compulsory,"['complimentary', 'accomplish']"
imperative,[]
essential,"['credentials', 'dental', 'special']"
special,"['speak', 'speech']"
offered,"['offer', 'offers', 'office']"
expresses,"['express', 'expression', 'impressed']"
enthusiasm,"['enthusiastic', 'unenthusiastic', 'thousands']"
confirms,['first']
applicant,"['application', 'appreciate', 'plan']"
congratulatory,[]
remark,"['marked', 'regular', 'prepare']"
chosen,"['horses', 'schools', 'sent']"
complimentary,"['compliments', 'preliminary', 'complete']"
credentials,"['dental', 'essential', 'details']"
experience,"['reference', 'expresses', 'expert']"
interview,['invitedwe']
information,"['informational', 'informal', 'format']"
supervisors,['reservations']
goodwill,"['good', 'dwell']"
employment,"['employers', 'compliments', 'equipment']"
advantages,['manage']
influence,"['conference', 'include']"
decision,"['admission', 'directions', 'decline']"
situations,"['invitations', 'actions', 'stationery']"
weddings,"['wedding', 'meetings', 'twins']"
example,"['employers', 'simple', 'expert']"
couplehow,[]
declines,"['decline', 'guidelines', 'decide']"
cases,"['case', 'easiest']"
parties,"['part', 'patient', 'parents']"
phone,"['telephone', 'honored', 'home']"
protocol,['proposal']
car,[]
wear,"['year', 'heart', 'remark']"
general,"['generous', 'dental']"
day,"['way', 'say']"
receiving,"['receive', 'agreeing', 'seeing']"
plain,"['plan', 'plane', 'patient']"
engraved,[]
third,['other']
insert,"['set', 'dinner', 'answer']"
honor,"['honored', 'phone', 'hours']"
sent,"['set', 'absent', 'send']"
case,"['cases', 'chosen', 'answer']"
convey,"['county', 'company', 'love']"
party,"['part', 'parties', 'park']"
handwritten,"['handwrite', 'write']"
mailed,"['mail', 'marked', 'mind']"
e,[]
language,"['manage', 'usage', 'plane']"
replying,"['reply', 'telling', 'explaining']"
formal,"['informal', 'format', 'informational']"
words,"['word', 'work', 'workshop']"
layout,"['amount', 'late', 'last']"
style,"['stay', 'suite', 'state']"
clubwordsacceptgratifyingsatisfyingtouchedapprovepleasedthoughtfulwelcomecertainlypleasurethrilledwillingdelightedphrasesable,[]
honored,"['honor', 'phone', 'noted']"
toaccept,"['accept', 'accepted', 'accepting']"
withacceptpleasureagree,[]
toit,"['it', 'ticket', 'knowit']"
thatglad,[]
vote,"['other', 'noted', 'favorite']"
yesit,"['easiest', 'best', 'suite']"
thoughtful,['thought']
tohappy,['happy']
knowit,"['wait', 'toit']"
topleased,"['pleased', 'pleasure']"
invitedwe,['intend']
sincerelyhappy,[]
join,[]
youthank,"['ofthank', 'thank', 'thanks']"
towe,['forwe']
ofthank,"['thank', 'youthank', 'thanks']"
pleasurenominating,['pleasure']
acceptsentencesafter,"['acceptances', 'acceptance']"
reviewing,"['evening', 'agreeing', 'seeing']"
funding,"['including', 'dining']"
senior,"['editor', 'mention', 'sent']"
research,['resource']
chemist,[]
generous,"['general', 'group']"
apology,['apologize']
meet,"['meeting', 'meetings', 'repeat']"
plan,"['plane', 'plain', 'loan']"
support,['suppose']
enclosing,"['enclosed', 'including', 'telling']"
estimate,"['state', 'time', 'yesit']"
refinishing,"['inviting', 'reviewing', 'receiving']"
dining,"['inviting', 'dinner', 'explaining']"
room,['rooms']
suite,"['sure', 'estimate', 'yesit']"
complete,"['compliments', 'complimentary', 'come']"
admission,"['admissions', 'decision', 'addition']"
telling,"['storytelling', 'tell', 'replying']"
liked,['listed']
storytelling,"['telling', 'starting', 'replying']"
night,[]
become,"['come', 'home']"
regular,['remark']
volunteer,['vote']
stories,"['strategies', 'tricks', 'slides']"
record,"['director', 'respond', 'word']"
player,"['plane', 'place', 'employers']"
tape,"['take', 'state']"
deck,"['check', 'decide']"
music,"['much', 'magic']"
graduation,"['education', 'production', 'addition']"
including,"['include', 'enclosing', 'funding']"
wallpaper,[]
rooms,"['room', 'proposal']"
read,"['great', 'repeat', 'remark']"
impressed,"['issued', 'expresses', 'precise']"
attention,"['mention', 'extension', 'action']"
detail,"['details', 'dental', 'deal']"
celebration,"['reception', 'education']"
parents,"['part', 'patient', 'parties']"
fiftieth,[]
anniversary,[]
it,"['bit', 'wait', 'toit']"
county,"['community', 'convey', 'amount']"
dental,"['detail', 'deal', 'details']"
society,"['secretary', 'set']"
banquet,[]
suggested,"['suggest', 'requested', 'used']"
new,[]
patient,"['parties', 'parents', 'plain']"
education,"['production', 'graduation', 'publication']"
strategies,"['stories', 'state', 'stationery']"
allotted,['noted']
wishes,[]
assistant,"['assistance', 'easiest']"
director,"['directions', 'record', 'editor']"
enjoyed,"['enjoy', 'noted', 'enclosed']"
discussions,"['discuss', 'admissions', 'discussed']"
dynamic,[]
important,['imperative']
community,"['county', 'company']"
resource,"['sure', 'response', 'research']"
hours,"['horses', 'host', 'words']"
responsibilities,"['possibilities', 'response', 'accessibility']"
discussed,"['discuss', 'discussions', 'issued']"
last,"['list', 'late', 'listed']"
agreeable,"['agree', 'general', 'able']"
understand,[]
receive,"['receiving', 'receipt', 'precise']"
standard,['calendar']
benefits,[]
package,"['packet', 'place', 'manage']"
addition,"['action', 'admission', 'graduation']"
perform,"['person', 'format', 'formal']"
minutes,"['intend', 'duties']"
magic,"['mail', 'music']"
tricks,"['ticket', 'stories', 'tips']"
annual,[]
held,['help']
approaches,['approved']
publication,"['application', 'amplifications', 'education']"
self,[]
give,['gives']
excited,"['delighted', 'listed', 'intend']"
possibilities,"['responsibilities', 'possible', 'accessibility']"
production,"['education', 'graduation', 'publication']"
editor,"['director', 'senior']"
prepare,"['repeat', 'remark', 'proper']"
final,"['find', 'informal']"
manuscript,[]
preliminary,['complimentary']
draft,"['date', 'great', 'grant']"
family,"['mail', 'fair']"
suggest,"['suggested', 'set']"
attorney,['stationery']
packet,"['package', 'place', 'ticket']"
informational,"['information', 'informal', 'format']"
materials,['mail']
set,"['sent', 'use', 'see']"
appointment,['applicant']
stay,"['say', 'says', 'style']"
twins,"['tips', 'actions', 'weddings']"
horses,"['hours', 'hosts', 'chosen']"
plane,"['plan', 'plain', 'place']"
ticket,"['tricks', 'packet', 'patient']"
love,['convey']
loan,"['plan', 'plane', 'plain']"
slides,"['stories', 'easiest', 'list']"
showing,"['seeing', 'saying', 'asking']"
scenes,"['see', 'sent', 'send']"
bit,"['it', 'bid']"
corporate,[]
meetings,"['meeting', 'seeing', 'mention']"
compliments,"['complimentary', 'complete', 'employment']"
reference,"['experience', 'conference']"
thought,['thoughtful']
favorite,"['favors', 'vote', 'write']"
students,['sent']
enjoy,['enjoyed']
explaining,"['replying', 'plain', 'dining']"
dinneron,['dinner']
regrets,"['requests', 'great', 'repeat']"
absent,"['sent', 'set', 'amusement']"
refusals,"['results', 'requests']"
