invitation,"['situations', 'punctuation', 'information']"
say,"['essay', 'way', 'saying']"
reply,[]
person,"['permission', 'period', 'respond']"
happy,"['unhappy', 'applying', 'shape']"
write,"['written', 'writing', 'private']"
acceptance,"['acquaintance', 'circumstances', 'attendance']"
other,"['others', 'note', 'third']"
letter,"['letters', 'newsletter', 'let']"
first,"['list', 'fire', 'visit']"
see,"['speed', 'use', 'sleeve']"
have,"['shape', 'phrase', 'having']"
company,"['many', 'copy', 'comma']"
name,"['same', 'number']"
questions,"['question', 'questionsoic', 'situations']"
able,"['available', 'mailer', 'mailed']"
look,"['block', 'hooked']"
thanks,"['thank', 'think', 'thousands']"
want,"['wanted', 'warrant', 'waste']"
meeting,"['expecting', 'keeping', 'getting']"
time,"['title', 'estimated']"
working,"['waking', 'work', 'writing']"
how,"['own', 'owe', 'hog']"
let,"['letter', 'length', 'get']"
position,"['situations', 'options', 'question']"
use,"['user', 'used', 'users']"
informal,"['formal', 'information', 'format']"
tell,[]
asking,"['waking', 'making', 'amusing']"
call,"['small', 'social']"
help,['helpdo']
writing,"['printing', 'written', 'working']"
sure,"['surge', 'store', 'urgent']"
contribution,"['tradition', 'congratulations', 'confirmation']"
part,"['party', 'repair', 'impact']"
good,['hooked']
send,"['spend', 'sender', 'second']"
brief,"['write', 'price', 'drive']"
answer,"['answers', 'user']"
word,"['world', 'work', 'worry']"
state,"['status', 'estimated', 'same']"
mail,"['mails', 'email', 'mailer']"
respond,"['response', 'spend', 'responsewanted']"
include,"['included', 'minute']"
telephone,"['phone', 'tone']"
number,"['user', 'name']"
large,"['laughed', 'area', 'language']"
check,['deck']
ask,"['asked', 'has', 'asking']"
guidelines,"['lines', 'deadline', 'identifies']"
secretary,"['security', 'server', 'necessary']"
same,"['spam', 'scam', 'name']"
format,"['formal', 'forms', 'informal']"
thank,"['thanks', 'think', 'thinking']"
used,"['use', 'user', 'send']"
great,"['greatest', 'get', 'regret']"
appreciate,"['appropriate', 'private']"
response,"['respond', 'responsewanted', 'purpose']"
work,"['word', 'working', 'worry']"
thousands,"['thanks', 'stands']"
way,"['waytia', 'say']"
decide,"['describe', 'did', 'idle']"
letters,"['letter', 'newsletter', 'others']"
find,"['friend', 'found', 'blind']"
speaking,"['spelling', 'waking', 'saying']"
conference,"['confinements', 'permanence', 'experience']"
needs,"['needed', 'news', 'ends']"
home,"['whole', 'phone', 'comes']"
list,"['listen', 'listing', 'visit']"
group,['drop']
action,"['addition', 'transactions', 'tradition']"
busy,[]
possible,"['possibility', 'possibilityask']"
usage,"['use', 'user', 'used']"
idea,"['idle', 'dear', 'death']"
make,"['mark', 'made', 'mistake']"
saying,"['using', 'speaking', 'applying']"
more,"['store', 'order', 'mouse']"
special,"['social', 'practical']"
experience,"['permanence', 'price', 'expect']"
information,"['informationbtw', 'informationhere', 'confirmation']"
situations,"['invitation', 'punctuation', 'position']"
example,"['examples', 'people', 'expect']"
cases,"['class', 'scares', 'pass']"
phone,"['telephone', 'zone', 'tone']"
third,"['hard', 'think', 'thing']"
sent,"['send', 'spend', 'meant']"
party,"['part', 'property', 'angry']"
mailed,"['mailer', 'mail', 'mailers']"
e,[]
language,"['laughed', 'usage', 'laugh']"
formal,"['informal', 'format', 'forms']"
senior,"['sender', 'serious', 'sending']"
plan,"['explain', 'planning']"
regular,"['repair', 'regret', 'reader']"
deck,"['check', 'decide']"
read,"['reader', 'area', 'heard']"
new,['news']
community,"['communicating', 'company', 'omit']"
understand,"['stands', 'interested']"
receive,"['received', 'drive', 'recipient']"
benefits,[]
addition,"['tradition', 'action', 'admitting']"
minutes,"['minute', 'mine', 'notes']"
give,"['live', 'giveshow', 'drive']"
suggest,"['surge', 'urgent', 'get']"
corporate,"['private', 'correct']"
enjoy,['entry']
received,"['receive', 'removed', 'drive']"
acknowledge,"['acknowledgment', 'acknowledgments', 'acknowledging']"
know,"['knowing', 'knowfor']"
acknowledgment,"['acknowledgments', 'acknowledge', 'acknowledging']"
confirmation,"['information', 'informationbtw', 'conversational']"
order,"['reader', 'former', 'word']"
acknowledgments,"['acknowledgment', 'acknowledge', 'acknowledging']"
morning,"['importing', 'working', 'printing']"
message,"['messages', 'usage', 'essay']"
acknowledging,"['acknowledge', 'acknowledgment', 'acknowledgments']"
contact,"['contractor', 'contacting']"
appropriate,"['appreciate', 'private']"
business,"['businesses', 'illness', 'websites']"
made,"['make', 'reader', 'mailer']"
congratulations,"['contribution', 'confirmation', 'organizations']"
note,"['notes', 'notices', 'other']"
address,"['addresses', 'scares']"
sender,"['senders', 'send', 'spend']"
death,"['idea', 'east', 'dear']"
serious,"['users', 'asterisks', 'senior']"
follow,"['followed', 'full']"
written,"['write', 'writing', 'listen']"
necessary,"['essay', 'secretary']"
people,"['couple', 'popular', 'example']"
copies,"['copied', 'choices', 'comes']"
get,"['great', 'urgent', 'regret']"
is,"['wish', 'list']"
files,"['offices', 'mailers', 'illness']"
describe,"['decide', 'drive']"
reader,"['read', 'headers', 'order']"
explain,"['plan', 'planning', 'expecting']"
courtesy,"['routes', 'computers', 'encourages']"
tone,"['zone', 'gone', 'done']"
thing,"['think', 'thinking', 'typing']"
asked,"['ask', 'used', 'send']"
transactions,"['organizations', 'transmitting', 'tradition']"
sending,"['send', 'signing', 'using']"
illness,"['millions', 'lines', 'files']"
length,"['let', 'english', 'sent']"
price,"['service', 'rejoice', 'private']"
foreign,"['original', 'arein', 'friend']"
fax,[]
most,"['mouse', 'memos']"
spend,"['send', 'speed', 'asapsend']"
organization,"['organizations', 'transactions', 'tradition']"
many,"['mean', 'company', 'meant']"
messages,"['message', 'usage', 'means']"
hard,"['heard', 'third', 'darned']"
memo,['memos']
afternoon,['pattern']
property,"['appropriate', 'party']"
knowing,"['know', 'acknowledging', 'going']"
making,"['waking', 'asking', 'speaking']"
thinking,"['think', 'thing', 'signing']"
needed,['needs']
wanted,"['unwanted', 'want', 'waste']"
today,['days']
contractor,"['contact', 'contacting', 'contribution']"
agreement,['government']
long,"['going', 'closings', 'length']"
store,"['tone', 'sure', 'sort']"
means,"['mean', 'meant', 'many']"
others,"['other', 'notes', 'computers']"
expect,"['expecting', 'effect', 'experience']"
permission,"['person', 'period']"
using,"['amusing', 'saying', 'asking']"
up,[]
sorry,"['worry', 'sort', 'store']"
regret,"['great', 'urgent', 'get']"
correct,['corporate']
has,"['thanks', 'phrase', 'ask']"
full,"['bull', 'useful', 'follow']"
unhappy,['happy']
done,"['zone', 'tone', 'gone']"
years,"['headers', 'fear', 'easy']"
repair,"['reader', 'regular', 'explain']"
such,['school']
high,"['sigh', 'thing', 'having']"
indicate,['diameter']
fire,"['free', 'first', 'files']"
small,"['mail', 'call', 'mails']"
free,"['fire', 'regret', 'reader']"
dear,"['idea', 'fear', 'years']"
keeping,"['meeting', 'keeps', 'expecting']"
advises,"['advice', 'viruses', 'cases']"
wish,['is']
computers,"['comes', 'courtesy', 'routes']"
effect,"['expect', 'effort']"
angry,"['many', 'party', 'entry']"
steps,"['systems', 'websites', 'waste']"
expecting,"['expect', 'meeting', 'experience']"
fear,"['dear', 'years', 'heard']"
businesses,['business']
advice,"['advises', 'service', 'article']"
question,"['questions', 'questionsoic', 'position']"
purchase,"['phrase', 'purpose', 'price']"
copy,"['copying', 'company', 'couple']"
days,"['dash', 'today']"
notices,"['notes', 'note', 'offices']"
automatic,['automated']
interested,"['intrusive', 'understand']"
type,['typing']
visit,"['list', 'validity', 'virus']"
line,"['lines', 'online', 'mine']"
obtain,"['obtained', 'contacting', 'routing']"
offices,"['notices', 'choices', 'policies']"
code,"['order', 'cover', 'consider']"
think,"['thing', 'thank', 'thinking']"
going,"['coming', 'working', 'signing']"
friend,"['find', 'written', 'respond']"
school,['such']
useful,"['use', 'successful', 'user']"
own,"['owe', 'how', 'knowing']"
unsolicited,['policies']
consider,"['code', 'consists', 'order']"
like,"['live', 'line', 'lines']"
put,['cut']
open,"['spend', 'person', 'depend']"
meant,"['mean', 'means', 'want']"
getting,"['meeting', 'thing', 'going']"
willing,"['writing', 'spelling', 'millions']"
certain,"['chain', 'earthling', 'obtain']"
t,[]
coming,"['copying', 'going', 'closings']"
deadline,"['line', 'guidelines', 'lines']"
available,['able']
effort,"['format', 'effect', 'sort']"
unwanted,"['wanted', 'want', 'shunned']"
delete,"['letter', 'let', 'newsletter']"
found,['find']
shape,"['same', 'have', 'asapsend']"
cut,['put']
protect,"['protected', 'protectors', 'property']"
recipient,['president']
individuals,['individual']
social,"['special', 'capital', 'scam']"
sort,"['store', 'sorry', 'senior']"
service,"['server', 'servers', 'price']"
drive,"['receive', 'private', 'live']"
newsletter,"['letter', 'letters', 'delete']"
aware,"['area', 'software', 'write']"
mean,"['meant', 'means', 'many']"
subject,"['estsubject', 'mailsubject', 'meetingsubject']"
live,"['line', 'like', 'give']"
remember,"['resembles', 'reminder']"
couple,"['people', 'double', 'copies']"
notes,"['note', 'notices', 'routes']"
period,"['person', 'permission', 'serious']"
news,"['new', 'notes', 'needs']"
track,"['retrace', 'thank']"
mark,"['make', 'hallmark', 'making']"
individual,"['individuals', 'industrial']"
worry,"['sorry', 'work', 'word']"
thoughts,[]
whole,"['home', 'world', 'phone']"
class,"['cases', 'pass', 'closings']"
successful,['useful']
second,"['seconds', 'send', 'spend']"
policies,"['offices', 'notices', 'choices']"
space,"['spam', 'same', 'face']"
changed,"['exchanged', 'canned', 'chain']"
double,"['couple', 'indulge', 'idle']"
waste,"['wanted', 'want', 'east']"
purpose,"['response', 'purchase', 'phrase']"
former,"['order', 'forms', 'format']"
adopted,"['automated', 'anecdotes', 'wanted']"
welcome,['comes']
listing,"['limiting', 'listen', 'list']"
forms,"['former', 'format', 'formal']"
privacy,"['private', 'price', 'pervym']"
article,"['title', 'price', 'practical']"
notified,"['notices', 'note', 'identifies']"
private,"['privacy', 'appreciate', 'write']"
spelling,"['speaking', 'willing', 'sending']"
fundraiser,['fundraising']
accuracy,[]
area,"['read', 'large', 'great']"
included,['include']
world,"['word', 'work', 'password']"
sign,"['sigh', 'signing', 'using']"
easy,"['east', 'years', 'means']"
printing,"['writing', 'inventing', 'signing']"
systems,"['system', 'steps']"
facility,['validity']
face,"['space', 'advice']"
box,['mailbox']
mistake,"['make', 'state', 'misrouted']"
having,"['thing', 'chain', 'waking']"
gone,"['zone', 'tone', 'done']"
circumstances,"['directness', 'acceptance', 'viruses']"
pass,"['password', 'class', 'cases']"
security,"['secretary', 'courtesy']"
owe,"['own', 'how']"
original,"['trivial', 'foreign']"
guarantee,['warrant']
did,['decide']
topic,['price']
yours,"['courtesy', 'years', 'users']"
cover,"['code', 'consider', 'other']"
library,[]
applying,"['saying', 'copying', 'spelling']"
engineer,['reminder']
educational,"['conversational', 'punctuation']"
comes,"['copies', 'computers', 'welcome']"
organizations,"['organization', 'transactions', 'confirmation']"
title,"['time', 'idle', 'article']"
indulge,"['idle', 'minute', 'double']"
seconds,"['second', 'send', 'ends']"
familiarize,[]
attendance,"['alternate', 'acceptance']"
government,['agreement']
heard,"['hard', 'read', 'headers']"
software,"['store', 'state', 'aware']"
convention,"['conversational', 'inventing', 'contribution']"
omit,"['community', 'minute', 'format']"
minute,"['minutes', 'mine', 'misrouted']"
drop,['group']
latest,"['greatest', 'let', 'letters']"
president,"['recipient', 'percent', 'sent']"
data,"['death', 'waytia']"
impact,"['simplicity', 'part']"
system,['systems']
reminder,"['sender', 'reader', 'senders']"
addresses,"['address', 'advises']"
obtained,"['obtain', 'blind']"
dash,"['days', 'death']"
quick,[]
trivial,['original']
warrant,"['want', 'guarantee', 'wanted']"
annoying,"['planning', 'saying', 'knowing']"
followed,['follow']
organizer,"['organization', 'organizations']"
tomorrow,[]
industrial,['individual']
phrase,"['purchase', 'has', 'purpose']"
hooked,"['look', 'joke', 'home']"
fundraising,"['fundraiser', 'underlining', 'unforgiving']"
status,"['state', 'stuffs', 'stands']"
urgent,"['surge', 'get', 'suggest']"
possibility,"['possibilityask', 'possible']"
confidential,"['confinements', 'convention', 'conversational']"
greatest,"['great', 'latest', 'east']"
capital,['social']
millions,"['willing', 'illness', 'mails']"
copied,"['copies', 'couple', 'closed']"
ends,"['send', 'senders', 'seconds']"
online,"['line', 'lines', 'morning']"
spam,"['scam', 'same', 'space']"
junk,[]
asterisks,"['serious', 'answers']"
choices,"['copies', 'offices', 'notices']"
speed,"['spend', 'ofspeedy', 'see']"
options,"['position', 'questions', 'obtain']"
removed,['received']
equivalent,[]
consists,"['consider', 'closings', 'confinements']"
duty,[]
lines,"['line', 'online', 'news']"
mine,"['minute', 'line', 'minutes']"
planning,"['annoying', 'plan', 'explain']"
estimated,"['state', 'automated', 'time']"
skip,['asking']
identifies,"['identifying', 'notified', 'guidelines']"
technology,[]
pattern,"['alternate', 'afternoon', 'person']"
signing,"['sign', 'sending', 'using']"
alternate,['pattern']
typing,"['thing', 'saying', 'writing']"
percent,"['price', 'recipient', 'president']"
block,['look']
popular,['people']
identifying,"['identifies', 'inventing', 'documenting']"
user,"['users', 'use', 'used']"
stands,"['thousands', 'thanks', 'status']"
electronic,[]
mails,"['emails', 'mail', 'mailers']"
jokes,"['joke', 'notes', 'keeps']"
resembles,['remember']
inspired,"['spend', 'speed']"
surge,"['sure', 'urgent', 'suggest']"
examples,['example']
forwarded,['forwarding']
copying,"['coming', 'copy', 'going']"
italics,[]
mailers,"['mailer', 'mails', 'mailed']"
attachments,"['attachment', 'accents']"
attachment,['attachments']
virus,"['viruses', 'visit', 'first']"
practical,"['special', 'article']"
joke,"['jokes', 'hooked']"
admitting,"['transmitting', 'limiting', 'addition']"
listen,"['list', 'listing', 'written']"
mcnicholless,['illness']
intrusive,['viruses']
simpler,['mailer']
hallmark,['mark']
conversational,"['convention', 'confirmation', 'educational']"
answers,"['answer', 'users', 'cases']"
exchanged,"['changed', 'canned']"
dialogue,[]
monologue,[]
senders,"['sender', 'send', 'ends']"
emails,"['mails', 'email', 'mail']"
communicating,"['community', 'contacting', 'confirmation']"
simplicity,['impact']
directness,['circumstances']
contacting,"['contact', 'contractor', 'communicating']"
zone,"['tone', 'gone', 'done']"
biorhythmic,[]
waking,"['making', 'asking', 'working']"
mailbox,"['mail', 'mails', 'email']"
involves,"['notes', 'lines', 'files']"
encourages,['courtesy']
unforgiving,"['underlining', 'fundraising', 'archiving']"
servers,"['server', 'serverhow', 'service']"
mailsubject,"['subject', 'meetingsubject', 'estsubject']"
meetingsubject,"['estsubject', 'mailsubject', 'subject']"
comma,"['company', 'comes']"
limiting,"['eliminating', 'listing', 'importing']"
closings,"['coming', 'long', 'listing']"
email,"['emails', 'mail', 'mails']"
misrouted,"['routes', 'minute', 'mistake']"
users,"['user', 'use', 'viruses']"
serverhow,"['server', 'servers', 'service']"
earthling,"['thing', 'archiving', 'writing']"
mailer,"['mailers', 'mailed', 'mail']"
bull,['full']
everyday,[]
punctuation,"['situations', 'invitation', 'educational']"
transmitting,"['admitting', 'transactions', 'tradition']"
detrimental,[]
blind,"['line', 'find', 'obtained']"
carbon,[]
underlining,"['fundraising', 'unforgiving', 'eliminating']"
accents,['attachments']
idle,"['idea', 'indulge', 'title']"
forwarding,"['forwarded', 'waking']"
headers,"['reader', 'senders', 'years']"
extraneous,[]
password,"['word', 'pass', 'world']"
abbreviations,"['organizations', 'situations', 'invitation']"
informationbtw,"['information', 'informationhere', 'confirmation']"
waytia,"['way', 'want', 'data']"
laughed,"['laugh', 'large']"
questionsoic,"['questions', 'question']"
shunned,"['unwanted', 'canned']"
laugh,"['laughed', 'large']"
archiving,"['having', 'earthling', 'writing']"
recommends,"['seconds', 'comes', 'second']"
documenting,"['routing', 'meeting', 'identifying']"
retrace,"['track', 'reader']"
iffy,[]
protected,"['protect', 'protectors', 'appreciate']"
viruses,"['virus', 'advises', 'users']"
importing,"['morning', 'printing', 'limiting']"
scam,"['spam', 'same', 'social']"
eliminating,"['limiting', 'listing', 'underlining']"
inventing,"['convention', 'printing', 'identifying']"
random,['read']
unfathomable,['informal']
rejoice,['price']
sigh,"['sign', 'high', 'using']"
acquaintance,['acceptance']
stuffs,['status']
chain,"['having', 'changed', 'certain']"
anecdotes,"['notes', 'notices', 'adopted']"
canned,"['changed', 'wanted', 'exchanged']"
scares,"['cases', 'address', 'sure']"
websites,"['business', 'write', 'waste']"
routing,"['writing', 'using', 'thing']"
darned,"['wanted', 'canned', 'changed']"
amusing,"['using', 'asking', 'admitting']"
substituted,['estimated']
depend,"['spend', 'respond', 'adopted']"
server,"['servers', 'serverhow', 'service']"
giveshow,['give']
permanence,"['experience', 'conference']"
validity,"['facility', 'visit']"
wordsannounceanswerattachmentexplainfollowingforwardinginforminquirenotifyremindreplyrespondphrasesalert,[]
possibilityask,"['possibility', 'possible']"
helpdo,['help']
knowfor,['know']
informationhere,"['information', 'informationbtw', 'confirmation']"
arein,"['foreign', 'area', 'reminder']"
questioninformation,"['information', 'informationbtw', 'informationhere']"
requestedjust,[]
knowplease,['acknowledge']
asapsend,"['spend', 'send', 'speed']"
ofspeedy,"['speed', 'spend']"
responsewanted,"['response', 'respond', 'unwanted']"
sendsentencesa,[]
hog,['how']
confinements,"['confidential', 'conference', 'consists']"
protectors,"['protect', 'protected', 'routes']"
diameter,['indicate']
sleeve,"['server', 'see', 'service']"
lobby,[]
closed,"['copied', 'used', 'send']"
routes,"['notes', 'courtesy', 'others']"
sandpaper,"['sender', 'senders']"
paragraphsplease,[]
calendars,"['senders', 'mailers', 'ends']"
tech,[]
entry,"['sent', 'meant', 'enjoy']"
keeps,"['keeping', 'steps', 'needs']"
east,"['easy', 'years', 'waste']"
programmable,[]
multifunction,[]
mouse,"['use', 'user', 'used']"
draw,[]
automated,"['automatic', 'estimated', 'adopted']"
estsubject,"['subject', 'meetingsubject', 'mailsubject']"
dues,"['routes', 'double']"
fyi,[]
nettyhow,[]
english,['length']
tradition,"['addition', 'transmitting', 'transactions']"
cliche,"['live', 'line', 'like']"
pervym,['privacy']
essay,"['say', 'necessary', 'message']"
memos,"['memo', 'most', 'mouse']"
