invitation,"['invitations', 'situation', 'situations']"
accept,"['accepted', 'accepting', 'acceptance']"
say,"['way', 'salary', 'safety']"
pleasure,"['pleased', 'measure', 'measures']"
person,"['personal', 'personnel', 'reason']"
happy,"['apply', 'applying']"
write,"['written', 'writing', 'criteria']"
acceptance,"['acceptable', 'accepted', 'accept']"
pleased,"['pleasure', 'learned', 'pleasant']"
other,"['others', 'note', 'further']"
letter,"['letters', 'later', 'lettersdear']"
first,"['list', 'firm', 'interest']"
invitations,"['invitation', 'situations', 'infractions']"
see,"['seen', 'sense', 'use']"
have,"['ushave', 'saved', 'leave']"
offer,"['offering', 'office', 'refer']"
details,"['deal', 'dealings', 'credentials']"
date,"['dates', 'state', 'later']"
company,"['compare', 'compliance', 'complaints']"
name,"['came', 'unable', 'number']"
questions,"['question', 'suggestions', 'questionable']"
able,"['unable', 'valuable', 'suitable']"
look,"['looking', 'books']"
delighted,"['related', 'obliged', 'heights']"
thanks,"['thank', 'things', 'has']"
want,"['plant', 'patent']"
meeting,"['meetings', 'seeing', 'meet']"
job,[]
accepting,"['accept', 'acceptance', 'accepted']"
do,[]
time,"['times', 'meantime', 'notice']"
how,['show']
let,"['least', 'letter', 'length']"
position,"['positions', 'positionafter', 'positive']"
use,"['house', 'ushave', 'useful']"
tell,"['travel', 'recall']"
asking,"['taking', 'seeking', 'marking']"
application,"['applications', 'applicant', 'appreciation']"
extension,"['expression', 'attention', 'expressing']"
contract,"['contact', 'contribute', 'congratulate']"
call,"['calls', 'recall', 'calling']"
help,"['helps', 'health']"
writing,"['waiting', 'written', 'write']"
requests,"['request', 'requesting', 'questions']"
repeat,"['great', 'reread', 'regret']"
duties,"['times', 'dates', 'due']"
expression,"['expressing', 'express', 'impression']"
part,"['past', 'parties', 'plant']"
take,"['make', 'thank', 'state']"
good,"['goodwill', 'go', 'ground']"
send,"['end', 'sent', 'seen']"
brief,"['write', 'refer', 'raise']"
answer,"['answered', 'manner', 'manager']"
state,"['states', 'status', 'statement']"
personal,"['person', 'personnel', 'professional']"
mail,"['material', 'materials', 'morale']"
include,"['influence', 'inland']"
salary,"['say', 'library', 'display']"
telephone,"['phone', 'tone']"
number,['name']
large,"['age', 'learned', 'arrange']"
check,"['checks', 'checkout']"
ask,"['asked', 'has', 'asking']"
guidelines,"['guidance', 'dealings', 'deadline']"
thank,"['thanks', 'take', 'handbook']"
great,"['greater', 'get', 'repeat']"
accepted,"['accept', 'acceptance', 'acceptable']"
appreciate,"['appreciation', 'arisenappreciate', 'appropriate']"
office,"['offer', 'official', 'notice']"
speak,"['speaking', 'steam']"
next,['expect']
month,"['months', 'moment', 'most']"
work,"['workers', 'workask', 'worth']"
much,"['touch', 'match']"
looking,"['look', 'long', 'clothing']"
best,['least']
way,"['say', 'pay', 'day']"
request,"['requests', 'requesting', 'require']"
letters,"['letter', 'lettersdear', 'terms']"
find,"['finding', 'fired', 'filed']"
place,"['workplace', 'compliance', 'replacement']"
speaking,"['seeking', 'speak', 'taking']"
express,"['expression', 'expressing', 'expenses']"
assistance,"['instances', 'insurance', 'circumstances']"
needs,"['need', 'depends', 'interest']"
receipt,"['recent', 'receive', 'received']"
list,"['lost', 'lies', 'last']"
seeing,"['seeking', 'seen', 'selling']"
future,"['futures', 'turned', 'further']"
actions,"['ation', 'infractions', 'relations']"
avoid,"['said', 'laid', 'saved']"
tips,"['times', 'is', 'things']"
possible,"['hostile', 'suitable', 'problems']"
apologize,"['polite', 'applied']"
deal,"['details', 'dealing', 'legal']"
make,"['take', 'made', 'asked']"
enthusiastic,['enthusiasm']
employers,"['employer', 'employees', 'employee']"
go,"['good', 'goal']"
sentence,"['sentences', 'severance', 'sent']"
more,"['morale', 'move', 'store']"
mention,"['attention', 'commendation', 'meeting']"
obligatory,['laboratory']
enthusiasm,['enthusiastic']
applicant,"['applicants', 'application', 'applications']"
congratulatory,"['congratulate', 'congratulations']"
remark,"['remarks', 'reader', 'seminar']"
complimentary,"['accomplishment', 'complaints', 'complete']"
credentials,"['confidential', 'details', 'confidentiality']"
experience,"['experiencing', 'reference', 'references']"
interview,"['interviews', 'interest', 'review']"
information,"['informational', 'infractions', 'confirmation']"
goodwill,['good']
employment,"['employer', 'employee', 'moment']"
influence,"['influential', 'insurance', 'confidence']"
decision,"['description', 'question', 'exciting']"
situations,"['situation', 'invitations', 'positions']"
example,"['samples', 'employer', 'employee']"
cases,"['case', 'raises', 'phrases']"
parties,"['patients', 'practices', 'part']"
phone,"['one', 'telephone', 'tone']"
day,"['way', 'say', 'pay']"
receiving,"['receive', 'received', 'exciting']"
sent,"['send', 'seen', 'sentence']"
case,"['cases', 'came', 'raise']"
e,"['re', 'en']"
formal,"['oral', 'forms', 'morale']"
words,"['awards', 'workers', 'workask']"
join,"['point', 'option', 'obtain']"
research,"['search', 'refer']"
meet,"['meeting', 'meetings', 'repeat']"
support,"['supported', 'supporting', 'rapport']"
room,['bottom']
complete,"['cope', 'complimentary', 'compliance']"
become,"['becomes', 'recommend', 'compare']"
record,"['records', 'reread', 'recommend']"
read,"['reread', 'reader', 'area']"
impressed,"['impressive', 'impression', 'interested']"
attention,"['mention', 'ation', 'termination']"
it,"['ity', 'list']"
suggested,"['suggest', 'suggestions']"
new,['one']
wishes,"['wish', 'raises', 'dishonest']"
enjoyed,['end']
dynamic,[]
important,"['unimportant', 'opportunity']"
community,"['comments', 'communications', 'common']"
hours,"['house', 'hurt', 'words']"
last,"['least', 'past', 'lost']"
understand,"['undermine', 'interested']"
receive,"['received', 'receiving', 'receipt']"
benefits,[]
give,"['negative', 'lives', 'giving']"
family,"['mail', 'fill', 'file']"
suggest,"['suggested', 'suggestions', 'strongest']"
attorney,"['tone', 'store', 'ation']"
informational,"['information', 'infractions', 'confirmation']"
materials,"['material', 'commercial', 'medical']"
loan,"['long', 'plant', 'location']"
meetings,"['meeting', 'things', 'seeing']"
reference,"['references', 'experience', 'refer']"
explaining,"['expanding', 'explain', 'experiencing']"
refusals,"['requests', 'reflects', 'sales']"
received,"['receive', 'receiving', 'receipt']"
acknowledge,"['acknowledgment', 'acknowledgments']"
know,['known']
acknowledgment,"['acknowledgments', 'acknowledge']"
weeks,['needs']
confirmation,"['information', 'informational', 'infractions']"
acknowledgments,"['acknowledgment', 'acknowledge', 'announcements']"
morning,"['marking', 'offering', 'resigning']"
contact,['contract']
need,"['needs', 'answered', 'turned']"
appropriate,"['appreciate', 'rapport', 'marriage']"
sales,"['samples', 'states', 'usageas']"
refer,"['reader', 'career', 'reference']"
previous,"['products', 'proud']"
made,"['make', 'reader', 'morale']"
meantime,"['entire', 'time', 'mention']"
congratulations,"['congratulatory', 'congratulate', 'regulations']"
note,"['notes', 'notice', 'other']"
responses,"['reasons', 'expenses', 'reason']"
handled,"['handle', 'changed', 'handling']"
address,['careless']
notify,"['notifying', 'notified', 'notice']"
follow,"['following', 'full', 'fill']"
written,"['write', 'writing', 'irritated']"
necessary,['necessity']
people,"['polite', 'spelled', 'resolve']"
applicants,"['applicant', 'applications', 'application']"
applications,"['application', 'applicants', 'qualifications']"
interviews,"['interview', 'interest', 'interested']"
copies,"['cope', 'choice', 'compliance']"
samples,"['sales', 'example', 'employers']"
several,"['severe', 'severance', 'see']"
review,"['interview', 'interviews', 'service']"
get,"['great', 'regret', 'let']"
advertisement,"['retirement', 'department', 'advancement']"
arrange,"['range', 'marriage', 'strange']"
replacement,"['recent', 'agreement', 'retirement']"
is,"['wish', 'tips', 's']"
additional,"['actionable', 'ation', 'adding']"
announcements,"['announce', 'announcing', 'advancement']"
files,"['file', 'filed', 'filled']"
oral,"['morale', 'formal', 'goal']"
dates,"['date', 'states', 'duties']"
describe,"['desirable', 'description']"
reader,"['read', 'greater', 'refer']"
explain,"['explaining', 'expanding', 'plant']"
appreciation,"['appreciate', 'application', 'applications']"
statement,"['state', 'states', 'patent']"
negative,"['creative', 'give', 'meantime']"
tone,"['one', 'store', 'phone']"
thing,"['things', 'watching', 'clothing']"
involved,['filed']
asked,"['ask', 'take', 'send']"
touch,"['much', 'truth', 'match']"
provide,"['promise', 'proud', 'review']"
department,"['patent', 'patents', 'replacement']"
one,"['tone', 'phone', 'new']"
customers,"['customer', 'becomes']"
complaints,"['company', 'compliance', 'complimentary']"
co,"['cope', 'c']"
offering,"['offer', 'morning']"
behalf,['deal']
changes,"['change', 'changed', 'range']"
length,"['let', 'leaving', 'leading']"
expressing,"['expression', 'express', 'impression']"
most,"['lost', 'month', 'memos']"
proposals,"['approvals', 'purpose']"
immediate,"['medical', 'date']"
résumés,['résumé']
interest,"['interested', 'interesting', 'interviews']"
organization,"['organizations', 'reorganization', 'confirmation']"
fill,"['ill', 'filled', 'full']"
public,['policy']
records,"['record', 'words', 'recommend']"
keep,[]
file,"['files', 'filed', 'filled']"
memo,"['memos', 'common']"
continuing,"['continue', 'condemning', 'clothing']"
taking,"['asking', 'marking', 'train']"
recent,"['receipt', 'prevent', 'replacement']"
current,"['document', 'recent', 'cut']"
customer,"['customers', 'adjustor', 'store']"
patience,"['practice', 'patients', 'patent']"
had,"['has', 'handle', 'bad']"
leaving,"['leading', 'dealing', 'speaking']"
glad,"['laid', 'guard', 'inland']"
agreement,"['retirement', 'management', 'replacement']"
end,"['send', 'en', 'tender']"
long,"['loan', 'looking', 'belongs']"
seen,"['see', 'seeing', 'sent']"
employee,"['employees', 'employer', 'employers']"
behavior,[]
store,"['tone', 'strange', 'more']"
situation,"['situations', 'invitation', 'institutional']"
résumé,['résumés']
lettersdear,"['letters', 'letter']"
medical,"['material', 'materials', 'immediate']"
leave,"['pleased', 'leaving', 'learned']"
others,"['other', 'terms', 'notes']"
unacceptable,"['acceptable', 'acceptance', 'accepted']"
paper,"['papers', 'part', 'appears']"
papers,"['paper', 'appears', 'person']"
expect,"['expected', 'repeat', 'executive']"
begin,['grain']
old,['obliged']
forgotten,['written']
appointments,"['attainment', 'applicants', 'patents']"
up,['p']
sorry,"['history', 'store']"
regret,"['great', 'reread', 'repeat']"
policy,"['policies', 'public', 'polite']"
products,"['projects', 'puts', 'project']"
has,"['thanks', 'had', 'ask']"
relations,"['regulations', 'relationship', 'evaluations']"
full,"['fill', 'useful', 'follow']"
years,"['remarks', 'appears', 'terms']"
due,"['ofdue', 'use', 'duties']"
difficulties,['duties']
past,"['part', 'last', 'pleasant']"
inconvenience,"['confidence', 'consequences', 'condemning']"
opportunity,"['opportun', 'opportunities', 'important']"
dealing,"['dealings', 'deadline', 'appealing']"
continue,"['confine', 'contribute', 'continuing']"
terms,"['others', 'team', 'letters']"
believe,"['lives', 'leave', 'objective']"
positive,"['position', 'prospective', 'polite']"
problems,"['promise', 'projects', 'possible']"
recall,"['call', 'calls', 'medical']"
notice,"['note', 'notes', 'notified']"
return,"['turned', 'retirement', 'require']"
months,"['month', 'others', 'moment']"
account,"['checkout', 'community', 'younot']"
appears,"['papers', 'years', 'paper']"
handling,"['changing', 'handle', 'adding']"
instances,"['insurance', 'assistance', 'circumstances']"
maintain,"['waiting', 'mention', 'invitation']"
bad,['had']
resolve,"['responses', 'review', 'reason']"
choice,"['office', 'notice', 'copies']"
further,"['other', 'others', 'future']"
services,"['service', 'richest', 'interviews']"
judgmental,[]
exceptional,"['actionable', 'description', 'exciting']"
employees,"['employee', 'employers', 'employer']"
wish,"['wishes', 'is']"
things,"['thing', 'watching', 'meetings']"
least,"['last', 'pleasant', 'let']"
angry,"['manager', 'managers', 'range']"
attitude,[]
specific,"['specialist', 'terrific']"
pay,"['way', 'say', 'day']"
codified,"['notified', 'dignified', 'confine']"
handle,"['handled', 'handling', 'had']"
advice,"['advise', 'service', 'made']"
question,"['questions', 'questionable', 'requesting']"
right,"['freight', 'richest', 'heights']"
excellent,"['recent', 'replacement', 'development']"
instructions,"['infractions', 'situations', 'institutional']"
manner,"['manager', 'managers', 'marine']"
firm,"['forms', 'first', 'fired']"
point,"['profit', 'polite', 'join']"
considered,"['consider', 'mergerconsidered', 'concerned']"
sense,"['see', 'sensitive', 'sent']"
consult,"['consists', 'congratulate', 'cut']"
typed,[]
giving,"['receiving', 'writing', 'waiting']"
safety,"['say', 'staffat', 'sent']"
hope,"['open', 'cope', 'phone']"
performance,"['severance', 'personnel']"
responding,"['resigning', 'expanding', 'postponing']"
calling,"['challenging', 'canceling', 'call']"
filled,"['filed', 'fill', 'file']"
interested,"['interest', 'interesting', 'interfere']"
requesting,"['request', 'requests', 'question']"
appealing,"['applying', 'dealing', 'speaking']"
reason,"['reasons', 'responses', 'resign']"
plant,"['pleasant', 'patent', 'applicant']"
checks,"['check', 'checkout', 'richest']"
procedures,['products']
personnel,"['personal', 'person', 'performance']"
re,"['read', 'more', 'e']"
times,"['time', 'duties', 'tips']"
regulations,"['relations', 'resignations', 'relationship']"
obtain,"['train', 'taking', 'option']"
loss,['lost']
insurance,"['instances', 'severance', 'influence']"
evaluations,"['relations', 'evaluate', 'regulations']"
fact,"['facts', 'factual', 'accept']"
turned,"['return', 'future', 'trainee']"
unable,"['able', 'valuable', 'suitable']"
feel,[]
useful,"['use', 'full']"
consider,"['considered', 'outside', 'mergerconsidered']"
like,"['lies', 'lives', 'polite']"
put,"['puts', 'cut']"
open,"['hope', 'cope', 'en']"
phrasing,"['pursuing', 'asking', 'preaching']"
getting,"['meeting', 'belittling', 'thing']"
professional,"['impression', 'expression', 'personal']"
certain,"['train', 'grain', 'celebrating']"
concerned,"['considered', 'sincere', 'learned']"
hurt,['hours']
following,"['follow', 'selling', 'looking']"
ground,"['background', 'proud', 'good']"
deadline,"['dealing', 'dealings', 'leading']"
obliged,"['outlined', 'delighted', 'polite']"
available,"['valuable', 'actionable', 'able']"
came,"['name', 'case', 'cases']"
confidence,"['confine', 'confidential', 'considered']"
effort,[]
sentences,"['sentence', 'severance', 'instances']"
patronizing,"['postponing', 'expanding']"
said,"['laid', 'saved', 'avoid']"
cut,"['put', 'current', 'consult']"
respectful,"['useful', 'repeat', 'expect']"
health,"['help', 'deal']"
references,"['reference', 'experience', 'reflects']"
protection,"['rejection', 'promotion', 'appreciation']"
consequences,"['sentences', 'inconvenience', 'confidence']"
emphasize,['phrases']
legal,"['illegal', 'goal', 'deal']"
recommend,"['recommendation', 'recommendations', 'comments']"
objective,"['objectives', 'prospective', 'executive']"
sensitive,"['sense', 'positive', 'entire']"
p,['up']
c,['co']
h,[]
interfere,"['interested', 'interest', 'interview']"
impression,"['impressive', 'expression', 'impressed']"
raise,"['raises', 'advise', 'trainee']"
morale,"['oral', 'more', 'formal']"
management,"['engagements', 'agreement', 'manager']"
comments,"['commendations', 'moment', 'common']"
waiting,"['writing', 'watching', 'thing']"
service,"['services', 'severance', 'interview']"
necessity,"['necessary', 'receipt']"
suggestions,"['questions', 'suggest', 'question']"
aware,"['awarded', 'award', 'awards']"
en,"['end', 'sent', 'send']"
award,"['awards', 'awarded', 'aware']"
effective,"['executive', 'affected', 'objective']"
proud,"['period', 'ground', 'provide']"
mean,"['meantime', 'en', 'reason']"
house,"['hours', 'use', 'warehouse']"
reasons,"['reason', 'responses', 'relations']"
move,"['more', 'morale', 'moment']"
relationship,"['relations', 'regulations', 'evaluations']"
anniversaries,[]
age,"['range', 'large', 'get']"
miss,"['is', 'wishes', 'raises']"
commercial,"['material', 'materials']"
association,"['associated', 'location', 'situation']"
marriage,"['arrange', 'marine', 'marking']"
lost,"['most', 'loss', 'list']"
outstanding,"['postponing', 'handling', 'expanding']"
congratulate,"['congratulatory', 'congratulations', 'contribute']"
celebrated,"['celebrating', 'related']"
notes,"['note', 'others', 'notice']"
finding,"['find', 'handling', 'resigning']"
period,"['proud', 'person', 'provide']"
celebrating,"['celebrated', 'meeting', 'leaving']"
books,"['look', 'handbook', 'bolts']"
official,"['office', 'original', 'confidential']"
assured,"['measure', 'pleasure', 'measures']"
success,['successor']
announce,"['announcing', 'announcements']"
change,"['changes', 'changed', 'range']"
birth,"['worth', 'truth', 'first']"
baby,[]
announcing,"['announce', 'announcements', 'canceling']"
policies,"['polite', 'policy', 'lies']"
known,['know']
inform,"['uniform', 'forms', 'information']"
changed,"['change', 'changes', 'handled']"
facts,"['fact', 'factual', 'actions']"
location,"['ation', 'association', 'application']"
practice,"['practices', 'patience', 'parties']"
executive,"['effective', 'expected', 'objective']"
resignation,"['resignations', 'resignationunder', 'resigning']"
retirement,"['agreement', 'advertisement', 'replacement']"
purpose,"['promise', 'responses', 'proposals']"
description,"['decision', 'termination', 'resignation']"
clarification,"['ramifications', 'qualification', 'qualifications']"
forms,"['inform', 'formal', 'uniform']"
ceremonies,"['responses', 'copies', 'references']"
common,"['comments', 'recommend', 'community']"
cope,"['copies', 'open', 'hope']"
notified,"['codified', 'notify', 'notice']"
career,"['careers', 'refer', 'careless']"
bottom,['room']
area,"['read', 're', 'large']"
development,"['employment', 'department', 'advancement']"
transportation,"['termination', 'information', 'association']"
promoted,"['promotion', 'promotions', 'promise']"
labor,"['laboratory', 'later', 'large']"
sign,"['resign', 'resigned', 'resigning']"
clothing,"['thing', 'things', 'looking']"
greater,"['great', 'reader', 'related']"
pleasant,"['plant', 'least', 'pleased']"
potential,"['patent', 'confidential', 'protection']"
expenses,"['responses', 'express', 'depends']"
remarks,"['remark', 'remains', 'years']"
poor,['color']
tactless,"['states', 'tactful', 'careless']"
circumstances,"['instances', 'assistance', 'acceptance']"
related,"['read', 'greater', 'celebrated']"
higher,['heights']
illegal,"['legal', 'filled', 'ill']"
reprimand,"['reprimands', 'reread', 'remains']"
promise,"['purpose', 'provide', 'promotions']"
material,"['materials', 'medical', 'mail']"
manager,"['managers', 'manner', 'management']"
option,"['ation', 'position', 'location']"
s,['is']
original,"['oral', 'official']"
entire,"['meantime', 'sensitive', 'notice']"
pursuing,"['phrasing', 'expressing']"
expected,"['expect', 'executive', 'expenses']"
notifying,"['notify', 'satisfying', 'notified']"
background,['ground']
employer,"['employers', 'employee', 'employees']"
apply,"['happy', 'applying', 'applied']"
prospective,"['positive', 'objective', 'receive']"
seeking,"['seeing', 'speaking', 'asking']"
library,"['laboratory', 'salary']"
candidate,"['evansdate', 'date']"
applying,"['supplying', 'appealing', 'apply']"
travel,"['trainee', 'strange', 'tell']"
goals,"['goal', 'oral', 'sales']"
match,"['much', 'watching', 'touch']"
counseling,"['canceling', 'selling', 'condemning']"
project,"['projects', 'protection', 'prospective']"
businesslike,[]
history,"['store', 'sorry', 'ity']"
organizations,"['organization', 'reorganization', 'ramifications']"
concise,"['confine', 'continue', 'consists']"
clear,"['learned', 'clarify', 'pleasure']"
require,"['request', 'requests', 'review']"
color,"['poor', 'labor', 'clear']"
workers,"['work', 'workask', 'words']"
communications,"['commendations', 'commendation', 'recommendations']"
suitable,"['unable', 'desirable', 'able']"
outlined,"['outside', 'obliged', 'continue']"
leading,"['leaving', 'adding', 'rewarding']"
learned,"['pleased', 'pleasure', 'leave']"
qualifications,"['qualification', 'ramifications', 'applications']"
team,"['steam', 'terms']"
canceling,"['cancel', 'calling', 'counseling']"
cancel,"['canceling', 'luctance', 'change']"
changing,"['challenging', 'haranguing', 'handling']"
postponing,"['responding', 'position', 'patronizing']"
moment,"['employment', 'month', 'document']"
sincere,"['interest', 'interview', 'interfere']"
reflects,"['reflect', 'references', 'requests']"
ill,"['fill', 'filled', 'illegal']"
scheduled,"['spelled', 'handled']"
show,['how']
efficiency,['office']
awards,"['award', 'awarded', 'words']"
commendations,"['commendation', 'recommendations', 'recommendation']"
luck,[]
reflect,"['reflects', 'refer', 'rejection']"
puts,"['put', 'nuts', 'products']"
acceptable,"['unacceptable', 'acceptance', 'accepted']"
patent,"['patents', 'patients', 'department']"
worth,"['work', 'write', 'words']"
preapproved,"['approval', 'approvals']"
rejection,"['protection', 'relations', 'appreciation']"
answered,"['answer', 'need', 'considered']"
interesting,"['interest', 'interested', 'requesting']"
correspondence,"['responding', 'confidence', 'cornerstone']"
promotion,"['promotions', 'protection', 'promoted']"
exciting,"['receiving', 'writing', 'waiting']"
status,"['states', 'state', 'tactful']"
affected,"['effective', 'expected', 'accepted']"
attempts,"['patents', 'patients', 'terms']"
courteous,"['contemptuous', 'enclosures', 'bureaus']"
encourage,"['encouraged', 'encouraging', 'enclosures']"
becomes,"['become', 'comments', 'recommend']"
tactful,"['factual', 'tactless', 'status']"
inspire,"['insurance', 'entire']"
confidential,"['confidentiality', 'confidence', 'influential']"
experiencing,"['experience', 'expressing', 'explaining']"
remains,"['relations', 'remarks', 'reasons']"
satisfying,"['notifying', 'asking']"
calls,"['call', 'recall', 'case']"
documentation,"['document', 'commendation', 'mention']"
agencies,['patience']
handbook,"['thank', 'books']"
approval,"['approvals', 'preapproved', 'appropriate']"
reprimands,"['reprimand', 'remains', 'reread']"
factual,"['fact', 'tactful', 'facts']"
termination,"['terminations', 'terminating', 'resignation']"
phrases,"['raises', 'raise', 'phrasing']"
lies,"['lives', 'list', 'like']"
supporting,"['support', 'supported', 'supplying']"
bureaus,"['courteous', 'reason']"
clarify,"['clear', 'salary', 'clarification']"
depends,"['expenses', 'defensive', 'end']"
watching,"['waiting', 'thing', 'things']"
coverage,"['encourage', 'encouraged', 'range']"
patients,"['patents', 'patent', 'parties']"
terrific,['specific']
accomplishment,"['complimentary', 'complaints', 'complete']"
milestones,"['responses', 'questions', 'instances']"
consists,"['consult', 'concise', 'consider']"
compare,"['cope', 'company', 'compliance']"
promotions,"['promotion', 'emotions', 'positions']"
goal,"['goals', 'oral', 'legal']"
m,[]
l,[]
impressive,"['impressed', 'impression', 'intrusive']"
valuable,"['available', 'evaluate', 'unable']"
creative,"['negative', 'related', 'receive']"
growth,[]
distinguished,[]
portfolio,[]
later,"['letter', 'related', 'letters']"
paragraphs,[]
adding,"['leading', 'handling', 'taking']"
objectives,"['objective', 'prospective', 'projects']"
document,"['documentation', 'moment', 'current']"
evaluate,"['valuable', 'evaluations', 'evansdate']"
enclosures,"['encourage', 'encouraged', 'measures']"
recommendations,"['recommendation', 'commendations', 'commendation']"
selling,"['seeing', 'seeking', 'dealing']"
contribute,"['continue', 'contract', 'congratulate']"
outside,"['outlined', 'house', 'consider']"
specialist,"['specific', 'appreciate']"
warehouse,['house']
laboratory,"['library', 'labor', 'obligatory']"
trainee,"['train', 'strange', 'range']"
range,"['strange', 'arrange', 'age']"
recommendation,"['recommendations', 'commendation', 'commendations']"
technology,['technologywe']
confidentiality,"['confidential', 'confidence', 'influential']"
criteria,"['material', 'write']"
institutional,"['situation', 'instructions', 'situations']"
ity,"['it', 'history']"
applied,"['applying', 'apply', 'applicant']"
dealings,"['dealing', 'deadline', 'appealing']"
temporary,[]
defensive,"['sensitive', 'effective', 'receive']"
sharing,"['marking', 'haranguing', 'thing']"
associated,"['association', 'stimulated', 'assistance']"
unions,"['questions', 'situations', 'uniform']"
popular,['people']
polite,"['point', 'positive', 'policies']"
supported,"['support', 'supporting', 'rapport']"
severe,"['severance', 'several', 'see']"
helps,"['help', 'hires']"
intrusive,"['impressive', 'inspire']"
memos,"['memo', 'most', 'emotions']"
layoff,['layoffs']
resigning,"['resignation', 'resign', 'resignations']"
layoffs,['layoff']
resign,"['resigned', 'sign', 'resigning']"
advise,"['advice', 'raise', 'raises']"
commendation,"['commendations', 'recommendation', 'recommendations']"
patents,"['patients', 'patent', 'parties']"
terminations,"['termination', 'terminating', 'resignations']"
opportunities,"['opportunity', 'opportun', 'parties']"
advancement,"['management', 'attainment', 'announcements']"
biodegradable,['desirable']
plastics,"['practices', 'past', 'parties']"
strange,"['range', 'strongest', 'trainee']"
unimportant,['important']
richest,"['services', 'right', 'practices']"
undermine,"['understand', 'guidelines', 'condemning']"
workplace,"['place', 'compliance', 'workers']"
rapport,"['support', 'opportun', 'supported']"
approvals,"['approval', 'proposals', 'appears']"
projects,"['project', 'products', 'protection']"
engagements,"['management', 'agreement', 'replacement']"
networking,['taking']
raises,"['raise', 'phrases', 'cases']"
search,"['research', 'service', 'seminar']"
ation,"['actions', 'location', 'option']"
supplying,"['applying', 'supporting', 'appealing']"
threatening,"['challenging', 'phrasing', 'handling']"
meaningless,"['meetings', 'meantime', 'managers']"
encouraging,"['encourage', 'encouraged', 'changing']"
confine,"['continue', 'concise', 'confidence']"
empty,"['employer', 'employee', 'attempts']"
revenge,"['prevent', 'vengeful', 'range']"
blow,['follow']
steam,"['team', 'terms', 'store']"
condemning,"['counseling', 'continuing', 'scolding']"
belittling,"['selling', 'getting', 'exciting']"
haranguing,"['changing', 'sharing', 'threatening']"
preaching,"['watching', 'speaking', 'rewarding']"
scolding,"['selling', 'responding', 'leading']"
ramifications,"['qualifications', 'qualification', 'clarification']"
uniform,"['inform', 'forms', 'unions']"
measure,"['measures', 'pleasure', 'assured']"
severance,"['severe', 'several', 'sentence']"
profit,"['point', 'polite', 'provide']"
fired,"['filed', 'filled', 'read']"
desirable,"['suitable', 'describe', 'questionable']"
careers,"['career', 'careless', 'refer']"
dumping,"['supplying', 'adding']"
dignified,"['notified', 'codified']"
truth,"['worth', 'touch', 'birth']"
dishonest,"['wishes', 'strongest', 'milestones']"
practices,"['practice', 'parties', 'plastics']"
train,"['trainee', 'grain', 'taking']"
actionable,"['questionable', 'actions', 'additional']"
guidance,['luctance']
questionable,"['question', 'questions', 'actionable']"
emotions,"['promotions', 'option', 'relations']"
vengeful,['revenge']
irritated,"['written', 'related', 'appropriate']"
contemptuous,"['courteous', 'attempts']"
saved,"['ushave', 'send', 'said']"
careless,"['careers', 'career', 'address']"
lives,"['lies', 'list', 'like']"
parallel,[]
spelled,"['scheduled', 'people', 'filled']"
marking,"['taking', 'marine', 'asking']"
managers,"['manager', 'manner', 'management']"
influential,"['influence', 'confidential', 'confidentiality']"
heights,"['freight', 'right', 'delighted']"
resignations,"['resignation', 'resignationunder', 'regulations']"
nuts,"['puts', 'notes', 'months']"
bolts,"['notes', 'goals', 'books']"
positionafter,"['position', 'positions', 'positive']"
deliberationhow,['celebrating']
arisenappreciate,"['appreciate', 'appreciation']"
opportun,"['opportunity', 'opportunities', 'supporting']"
workask,"['work', 'workers', 'words']"
resignationcannot,"['resignation', 'resignations', 'resignationunder']"
couragementcompany,[]
cutbacks,[]
mergerconsidered,"['considered', 'consider']"
ofdue,"['due', 'offer', 'house']"
economic,[]
conditionseliminate,[]
positionsexpect,"['positions', 'position', 'positionafter']"
vacancyfinancial,[]
haveforced,[]
ushave,"['have', 'saved', 'use']"
motivatedmust,[]
younot,"['account', 'note']"
expanding,"['explaining', 'leading', 'explain']"
staffat,"['state', 'status', 'states']"
momentproposed,['moment']
ofsubmit,[]
tender,"['reader', 'endeavors', 'end']"
resignationunder,"['resignation', 'resignations', 'resignationcannot']"
considerationvalue,"['confirmation', 'confidential', 'considered']"
luctance,"['cancel', 'acceptance', 'guidance']"
mixed,"['fired', 'filed']"
feelingssentencesaccording,[]
terminating,"['termination', 'terminations', 'writing']"
freight,"['right', 'heights', 'delighted']"
grain,"['train', 'trainee', 'remains']"
futures,"['future', 'turned', 'duties']"
awarded,"['aware', 'award', 'awards']"
infractions,"['information', 'instructions', 'actions']"
challenging,"['changing', 'calling', 'haranguing']"
display,"['salary', 'say', 'pay']"
windows,[]
belongs,"['long', 'dealings', 'relations']"
laid,"['said', 'glad', 'avoid']"
compliance,"['compare', 'company', 'complaints']"
endeavors,['tender']
attendant,"['patent', 'attention', 'attainment']"
bindery,['tender']
states,"['state', 'status', 'sales']"
guard,"['glad', 'award']"
hostile,"['possible', 'positive', 'house']"
humili,['mail']
prevent,"['recent', 'revenge', 'agreement']"
reread,"['read', 'reprimand', 'repeat']"
measures,"['measure', 'pleasure', 'enclosures']"
shoplifters,['shoplifting']
seminar,"['seeing', 'search', 'remark']"
shoplifting,"['shoplifters', 'scolding', 'supplying']"
vigilant,['plant']
successor,['success']
resigned,"['resign', 'resigning', 'sign']"
strongest,"['strange', 'dishonest', 'suggest']"
assets,"['asset', 'cases', 'raises']"
attainment,"['patients', 'advancement', 'appointments']"
adjustor,"['customer', 'store']"
inland,"['learned', 'include', 'loan']"
marine,"['marking', 'marriage', 'manner']"
qualification,"['qualifications', 'ramifications', 'clarification']"
positions,"['position', 'positionsexpect', 'situations']"
asset,"['assets', 'sent', 'past']"
hires,"['phrases', 'lies', 'interest']"
stripper,"['store', 'paper']"
stimulated,"['state', 'states', 'associated']"
encouraged,"['encourage', 'encouraging', 'enclosures']"
reorganization,"['organization', 'organizations', 'recommendation']"
fruitful,[]
rewarding,"['leading', 'preaching', 'expanding']"
employeesfrom,"['employees', 'employer', 'employee']"
usageas,"['sales', 'ushave', 'states']"
checkout,"['check', 'checks', 'account']"
lancochfrom,[]
evansdate,"['evaluate', 'candidate', 'date']"
technologywe,['technology']
cornerstone,"['correspondence', 'continue', 'considerationvalue']"
filed,"['filled', 'file', 'fired']"
