say,"['says', 'way', 'saw']"
reply,"['replaced', 'ready', 'plays']"
pleasure,"['league', 'learned', 'gestures']"
person,"['personal', 'prison', 'permission']"
happy,['happened']
write,"['writer', 'written', 'writers']"
dinner,"['pinned', 'fingers', 'fine']"
other,"['others', 'weather', 'term']"
letter,"['letters', 'better', 'lettersdear']"
first,"['fits', 'fingers', 'visit']"
see,"['seen', 'seems', 'use']"
have,"['hate', 'share', 'saved']"
discuss,['issues']
details,"['detail', 'talks', 'ideas']"
date,"['rate', 'hate', 'eaten']"
name,"['same', 'came', 'number']"
questions,"['question', 'unmentioned', 'collections']"
able,"['scale', 'sales', 'alive']"
look,"['looks', 'took', 'book']"
delighted,"['delightful', 'weight', 'dedicated']"
thanks,"['thank', 'think', 'talks']"
want,"['went', 'wait', 'woman']"
job,['joy']
do,['done']
time,"['times', 'tied', 'oldtime']"
working,"['hardworking', 'wondering', 'work']"
how,"['show', 'own', 'bow']"
let,"['left', 'least', 'net']"
use,"['house', 'spouse', 'see']"
tell,"['tells', 'well', 'travel']"
kind,"['mind', 'kids', 'find']"
asking,"['taking', 'making', 'talking']"
week,"['weeks', 'weekly', 'weak']"
help,[]
come,"['become', 'home', 'came']"
writing,"['handwriting', 'written', 'working']"
wedding,"['winding', 'sending', 'reading']"
expression,"['express', 'permission', 'prison']"
part,"['party', 'parent', 'parents']"
take,"['taken', 'make', 'thank']"
evening,"['seeing', 'sending', 'feeling']"
try,"['story', 'trying']"
good,"['gold', 'knowgood', 'go']"
send,"['spend', 'sends', 'end']"
brief,"['brighten', 'write', 'tried']"
answer,"['answers', 'unanswered', 'anger']"
word,"['world', 'words', 'work']"
personal,"['person', 'prison', 'permission']"
mail,"['main', 'jail', 'small']"
include,"['includes', 'uncle', 'minute']"
starting,"['setting', 'start', 'treating']"
telephone,"['phone', 'tone']"
number,"['summer', 'members', 'name']"
check,"['checked', 'chore']"
ask,"['has', 'asking']"
stationery,"['story', 'starting']"
same,"['name', 'came', 'stamped']"
format,"['formal', 'form', 'information']"
children,"['child', 'grandchildren', 'chore']"
thank,"['thanks', 'think', 'take']"
wait,"['wit', 'waited', 'want']"
great,"['get', 'eat', 'relate']"
appreciate,"['appreciated', 'private', 'participated']"
office,"['nice', 'fine']"
year,"['years', 'yard', 'hear']"
speak,"['weak', 'special', 'stack']"
next,"['net', 'nicest']"
work,"['word', 'working', 'worth']"
much,"['such', 'touch', 'punch']"
looking,"['losing', 'look', 'long']"
best,"['bet', 'least', 'boxes']"
book,"['books', 'took', 'look']"
mind,"['mini', 'main', 'kind']"
thousands,"['thanks', 'sounds', 'enthusiasm']"
way,"['say', 'day']"
letters,"['letter', 'lettersdear', 'better']"
find,"['friend', 'mind', 'kind']"
workshop,"['work', 'worth', 'words']"
express,"['expression', 'priceless', 'interests']"
needs,"['need', 'news', 'fees']"
home,"['hope', 'come', 'whole']"
equipment,"['requirement', 'frequent', 'recipient']"
seeing,"['seen', 'setting', 'sending']"
avoid,"['said', 'favorite', 'saved']"
busy,[]
manage,"['manager', 'anger', 'man']"
events,"['event', 'sheets', 'recent']"
simple,"['smiles', 'stamped', 'time']"
better,"['letter', 'letters', 'matter']"
tips,"['times', 'steps', 'things']"
possible,"['responsible', 'problem', 'positive']"
says,"['say', 'days', 'sales']"
idea,"['ideas', 'dear', 'detail']"
make,"['makes', 'take', 'made']"
friends,"['friend', 'find', 'tried']"
go,"['got', 'good', 'gone']"
sentence,"['serene', 'sent', 'seen']"
cheerful,['colorful']
more,"['sore', 'moral', 'money']"
special,"['social', 'pencil', 'speak']"
enthusiasm,['thousands']
remark,"['break', 'reader', 'year']"
interview,"['interviews', 'interests', 'service']"
information,"['format', 'vocation', 'national']"
phone,"['telephone', 'tone', 'pony']"
car,"['care', 'clear', 'cards']"
general,"['several', 'neutral', 'generic']"
day,"['days', 'way', 'say']"
sent,"['went', 'send', 'seen']"
case,"['cease', 'care', 'came']"
party,"['part', 'parent', 'parents']"
handwritten,"['handwriting', 'written', 'hardworking']"
e,[]
formal,"['format', 'form', 'moral']"
words,"['word', 'world', 'worsen']"
generous,"['nervous', 'serious', 'generic']"
support,"['sports', 'short', 'supply']"
complete,"['computer', 'couple', 'come']"
liked,"['like', 'lined', 'tied']"
night,"['weight', 'uptight', 'high']"
become,"['come', 'welcome', 'enclose']"
read,"['ready', 'reread', 'reader']"
detail,"['details', 'neutral', 'dealing']"
parents,"['parent', 'apartment', 'pets']"
anniversary,['necessary']
new,"['news', 'net', 'few']"
enjoyed,"['enjoy', 'mentioned', 'joy']"
important,"['airport', 'temperament']"
last,"['least', 'laws', 'plays']"
receive,"['reserve', 'relieve', 'prospective']"
addition,"['adoption', 'handwriting', 'vocation']"
minutes,"['minute', 'notes', 'includes']"
annual,"['casual', 'neutral', 'natural']"
self,[]
give,"['negative', 'lives', 'drive']"
family,"['familiar', 'mail', 'jail']"
materials,"['matter', 'natural', 'medical']"
appointment,['apartment']
plane,"['plans', 'places', 'page']"
love,"['lives', 'leave', 'close']"
bit,"['habit', 'wit', 'sit']"
thought,"['thoughts', 'toughest', 'bought']"
favorite,"['flavoring', 'write', 'fruit']"
enjoy,"['enjoyed', 'joy']"
know,"['knows', 'snow', 'unknown']"
weeks,"['week', 'weekly', 'weekend']"
morning,"['morningdate', 'working', 'running']"
contact,"['construct', 'cat']"
need,"['needs', 'wondered', 'lined']"
sales,"['scale', 'smiles', 'says']"
apologies,"['apologetic', 'ages']"
hear,"['year', 'heat', 'head']"
made,"['make', 'makes', 'grade']"
cards,"['car', 'postcards', 'yard']"
gift,['guilt']
matter,"['materials', 'letter', 'better']"
congratulations,"['organizations', 'collections']"
note,"['notes', 'other', 'canoe']"
close,"['enclose', 'course', 'choose']"
serious,"['various', 'nervous', 'curious']"
written,"['write', 'handwritten', 'writer']"
necessary,['anniversary']
people,"['poodle', 'couple', 'problem']"
interviews,"['interview', 'interests', 'interesting']"
item,"['term', 'team', 'write']"
several,"['general', 'see']"
get,"['great', 'net', 'met']"
different,['infrequent']
short,"['sports', 'support', 'sore']"
enough,"['bought', 'thought', 'brought']"
describe,"['describing', 'discreet', 'drive']"
reader,"['read', 'ready', 'grade']"
statement,"['statements', 'apartment', 'student']"
negative,"['give', 'adoptive', 'leave']"
tone,"['gone', 'done', 'phone']"
talking,"['taking', 'making', 'asking']"
thing,"['things', 'think', 'trying']"
touch,"['touchdate', 'thought', 'such']"
letterwriter,"['letterwriters', 'letterwriting', 'lettersdear']"
provide,"['provided', 'providers', 'proud']"
went,"['want', 'sent', 'meant']"
sending,"['spending', 'sounding', 'seeing']"
knows,"['know', 'unknown', 'snow']"
changes,"['charge', 'ages', 'harness']"
plans,"['plays', 'plane', 'places']"
foreign,"['reins', 'forgotten', 'flavoring']"
most,"['cost', 'monster', 'mouth']"
spend,"['send', 'sends', 'spending']"
immediate,"['dedicated', 'medical', 'climate']"
form,"['format', 'formal']"
indicating,"['winding', 'dialing', 'handwriting']"
many,"['man', 'mean', 'main']"
unknown,"['know', 'knows', 'own']"
keep,"['keepin', 'asleep']"
casual,"['usual', 'annual', 'natural']"
mentioned,"['unmentioned', 'enjoyed', 'tone']"
members,"['remember', 'number']"
appreciated,"['appreciate', 'participated', 'private']"
taking,"['talking', 'making', 'asking']"
recent,"['recipient', 'event', 'frequent']"
making,"['taking', 'asking', 'main']"
had,"['head', 'sad', 'has']"
spring,"['sprouting', 'sprints', 'using']"
problem,"['possible', 'poodle', 'people']"
glad,"['gold', 'grade', 'garden']"
rate,"['relate', 'hate', 'date']"
end,"['send', 'spend', 'sends']"
long,"['losing', 'longer', 'looking']"
seen,"['see', 'serene', 'seeing']"
breakfast,"['break', 'best']"
describing,"['describe', 'wondering', 'spring']"
behavior,[]
means,"['mean', 'meant', 'men']"
beginning,"['winning', 'begin', 'giving']"
lettersdear,"['letters', 'letter', 'letterwriter']"
addressed,"['added', 'harness', 'guessed']"
medical,"['materials', 'immediate', 'dedicated']"
leave,"['league', 'love', 'learned']"
others,"['other', 'notes', 'months']"
paper,"['newspaper', 'part', 'page']"
usual,"['mutual', 'casual', 'small']"
supply,['support']
few,['new']
permission,"['prison', 'person', 'expression']"
responsible,"['possible', 'recognize']"
begin,"['begins', 'beginning', 'bargain']"
practicing,"['sprouting', 'spring', 'paying']"
using,"['swing', 'guessing', 'spring']"
old,"['hold', 'gold', 'world']"
forgotten,"['gotten', 'written', 'foreign']"
sorry,"['story', 'sore', 'short']"
has,"['thanks', 'phrase', 'had']"
full,"['fall', 'fault', 'fueled']"
done,"['tone', 'gone', 'phone']"
years,"['year', 'yard', 'hear']"
doing,"['going', 'losing', 'hoping']"
emergency,"['energy', 'agency', 'temperament']"
complain,"['coming', 'accompanying', 'main']"
such,"['much', 'touch', 'punch']"
dealing,"['dialing', 'talking', 'reading']"
believe,"['relieve', 'lives', 'leave']"
care,"['car', 'are', 'charge']"
positive,"['prospective', 'postage', 'possible']"
high,"['thing', 'night', 'weight']"
fault,"['adult', 'adults', 'full']"
small,"['mail', 'fall', 'ball']"
return,['returned']
months,"['mouth', 'others', 'monster']"
dear,"['year', 'idea', 'hear']"
machine,"['main', 'minute', 'manage']"
treating,"['reading', 'starting', 'interesting']"
newspaper,"['paper', 'news']"
sound,"['sounds', 'round', 'sounding']"
surprised,"['sprints', 'purpose']"
assume,"['summer', 'issues', 'assurance']"
happened,"['appreciated', 'attended', 'taped']"
wish,['weight']
apologetic,"['apologies', 'politics']"
computer,"['complete', 'come', 'other']"
weak,"['week', 'weeks', 'speak']"
things,"['thing', 'think', 'trying']"
makes,"['make', 'take', 'made']"
big,['bit']
least,"['last', 'let', 'eat']"
road,"['read', 'round', 'ready']"
negligence,[]
approach,[]
steps,"['step', 'tips', 'gestures']"
easier,"['cease', 'reader', 'emphasize']"
advice,"['service', 'pace', 'nice']"
question,"['questions', 'unmentioned', 'quickest']"
safer,"['same', 'start', 'share']"
little,"['written', 'climate', 'lint']"
cost,"['most', 'consists', 'close']"
got,"['go', 'lot', 'gotten']"
considered,"['consider', 'wondered', 'considering']"
tells,"['tell', 'well', 'trees']"
size,"['emphasize', 'smiles', 'simple']"
giving,"['going', 'having', 'beginning']"
days,"['day', 'says', 'plays']"
print,"['sprints', 'spring', 'prison']"
fits,"['fruit', 'first', 'facts']"
hope,"['home', 'whole', 'phone']"
taken,"['take', 'taking', 'talking']"
young,"['youngsters', 'long', 'sounding']"
reading,"['treating', 'read', 'wedding']"
issues,"['assume', 'minutes', 'discuss']"
hearing,"['learning', 'having', 'caring']"
type,['taped']
statements,"['statement', 'apartment', 'sheets']"
checked,['check']
page,"['pages', 'pace', 'ages']"
charge,"['care', 'changes', 'share']"
visit,"['sit', 'vital', 'limit']"
share,"['are', 'charge', 'started']"
lot,"['let', 'got']"
brought,"['bought', 'thought', 'toughest']"
times,"['time', 'tips', 'tied']"
weight,"['night', 'wit', 'delighted']"
met,"['meant', 'net', 'men']"
think,"['thing', 'thank', 'things']"
going,"['doing', 'losing', 'hoping']"
friend,"['friends', 'find', 'tried']"
feel,"['fees', 'feeling', 'feelings']"
school,"['choose', 'chooses', 'such']"
college,"['collecting', 'complete', 'league']"
own,"['towhen', 'how', 'bow']"
consider,"['considered', 'considering', 'wonder']"
like,"['liked', 'life', 'lives']"
wonder,"['wonders', 'wondered', 'wondering']"
put,['cut']
term,"['team', 'item', 'other']"
habit,"['habitat', 'bit', 'wait']"
meant,"['mean', 'means', 'met']"
course,"['house', 'close', 'chore']"
trying,"['crying', 'thing', 'treating']"
seems,"['see', 'sheets', 'seen']"
took,"['look', 'book', 'looks']"
coming,"['welcoming', 'camping', 'going']"
dozen,"['done', 'doing']"
following,"['losing', 'flavoring', 'collecting']"
came,"['same', 'name', 'come']"
snow,"['slow', 'show', 'know']"
said,"['sad', 'saved', 'avoid']"
cut,"['put', 'cat']"
parent,"['parents', 'part', 'apartment']"
step,"['steps', 'stamp', 'wasted']"
teacher,"['weather', 'other', 'headache']"
child,"['children', 'hold']"
money,"['tone', 'pony', 'more']"
emphasize,"['phrase', 'easier', 'size']"
recipient,"['recent', 'equipment', 'experiment']"
counselor,"['consider', 'course', 'youngsters']"
individuals,[]
social,"['special', 'scale', 'local']"
considering,"['consider', 'wondering', 'considered']"
comments,"['come', 'consists', 'complete']"
service,"['reserve', 'interview', 'serene']"
providers,"['provide', 'provided', 'produces']"
drive,"['relieve', 'receive', 'private']"
learning,"['cleaning', 'hearing', 'planning']"
sports,"['support', 'sprints', 'short']"
ideas,"['idea', 'kids', 'details']"
started,"['start', 'stamped', 'tried']"
student,"['sent', 'study', 'statement']"
distance,"['sentence', 'discreet', 'stack']"
lined,"['liked', 'pinned', 'coined']"
wondered,"['wonder', 'wonders', 'considered']"
effective,"['affection', 'receive', 'prospective']"
proud,"['round', 'period', 'road']"
life,"['like', 'lives', 'lined']"
mean,"['meant', 'means', 'men']"
based,"['wasted', 'send', 'case']"
house,"['use', 'spouse', 'course']"
feeling,"['feelings', 'seeing', 'feel']"
relationship,"['treating', 'election']"
remember,"['members', 'semester']"
miss,"['smiles', 'movies', 'issues']"
spouse,"['house', 'use', 'sports']"
choose,"['chooses', 'house', 'close']"
sad,"['said', 'saved', 'say']"
couple,"['complete', 'people', 'course']"
notes,"['note', 'others', 'news']"
added,"['addressed', 'made', 'attended']"
birthdays,['days']
anecdote,"['note', 'grandmother', 'adoptive']"
period,"['proud', 'prison', 'person']"
affection,"['election', 'effective', 'avocation']"
news,"['new', 'notes', 'needs']"
smiles,"['sales', 'simple', 'movies']"
ages,"['pages', 'page', 'goes']"
celebrating,"['cleaning', 'collecting', 'treating']"
corner,"['chore', 'consider', 'wonder']"
envelope,['enclose']
covered,"['discovered', 'considered', 'wondered']"
stamp,"['stamped', 'team', 'step']"
pencil,"['special', 'pen', 'enclose']"
bookmarks,"['books', 'book']"
postage,"['page', 'positive', 'pages']"
postcards,"['cards', 'started', 'postage']"
clippings,['camping']
sends,"['send', 'spend', 'lends']"
writer,"['writers', 'write', 'written']"
books,"['book', 'looks', 'bookmarks']"
returned,"['return', 'reread', 'learned']"
thoughts,"['thought', 'toughest', 'bought']"
grandchildren,['children']
whole,"['holder', 'hope', 'home']"
class,"['laws', 'last', 'case']"
cleaning,"['learning', 'planning', 'challenging']"
uncle,"['rule', 'nice', 'include']"
hug,"['thought', 'hunting']"
baby,[]
event,"['events', 'recent', 'went']"
facts,"['fits', 'features', 'fault']"
attend,"['attended', 'eaten', 'wasted']"
laws,"['last', 'plays', 'plans']"
adoption,"['adoptive', 'addition', 'avocation']"
woman,"['man', 'want', 'mean']"
includes,"['include', 'minutes', 'pictures']"
are,"['care', 'area', 'share']"
purpose,"['surprised', 'spouse', 'phrase']"
welcome,"['become', 'welcoming', 'come']"
acquaintances,['fascinates']
private,"['rate', 'appreciate', 'write']"
longer,"['long', 'anger', 'wonder']"
rule,"['uncle', 'puzzle', 'grudge']"
area,"['are', 'read', 'care']"
energy,"['emergency', 'generic', 'general']"
airport,"['reporting', 'important', 'sports']"
world,"['word', 'words', 'old']"
sign,"['signs', 'using', 'swing']"
map,['man']
fees,"['feel', 'weeks', 'trees']"
yard,"['year', 'years', 'cards']"
having,"['hearing', 'thing', 'traveling']"
gone,"['tone', 'goes', 'done']"
alive,"['lives', 'relieve', 'love']"
pets,"['pens', 'parents', 'pages']"
adult,"['adults', 'fault', 'dreadful']"
manager,"['manage', 'anger', 'languages']"
fine,"['find', 'fingers', 'lined']"
bought,"['brought', 'thought', 'toughest']"
dreadful,"['read', 'ready', 'adult']"
did,[]
delightful,"['delighted', 'weight']"
familiar,['family']
heat,"['eat', 'hear', 'head']"
hoping,"['thing', 'going', 'doing']"
prospective,"['positive', 'receive', 'project']"
candidate,"['climate', 'date', 'morningdate']"
setting,"['starting', 'seeing', 'sending']"
travel,"['traveling', 'neutral', 'natural']"
project,"['prospective', 'recent', 'parent']"
head,"['had', 'read', 'heat']"
organizations,[]
hold,"['old', 'holder', 'gold']"
fancy,"['agency', 'many', 'funny']"
sounds,"['sound', 'sends', 'round']"
generic,"['general', 'generous', 'energy']"
clear,"['car', 'colder', 'year']"
picture,"['pictures', 'course']"
determine,['term']
study,"['student', 'stuff', 'story']"
hobbies,['movies']
dedicated,"['immediate', 'delighted', 'medical']"
learned,"['returned', 'pleasure', 'plane']"
agency,"['fancy', 'emergency', 'generic']"
team,"['term', 'item', 'stamp']"
summer,"['number', 'assume', 'rummage']"
strong,"['strongest', 'starting', 'trying']"
places,"['pace', 'plays', 'plans']"
enclose,"['close', 'uncle', 'envelope']"
minute,"['minutes', 'monster', 'machine']"
repeated,"['replaced', 'reread', 'relate']"
sit,"['visit', 'wit', 'bit']"
show,"['how', 'snow', 'slow']"
relate,"['rate', 'great', 'eaten']"
warm,[]
start,"['started', 'starting', 'part']"
bored,"['bores', 'bonked', 'word']"
paying,"['planning', 'trying', 'taking']"
average,"['manage', 'league', 'charge']"
letterwriting,"['letterwriter', 'letterwriters', 'writing']"
man,"['mean', 'many', 'main']"
spoken,"['spend', 'spouse', 'pen']"
movies,"['smiles', 'providers', 'mosquitoes']"
interests,"['interesting', 'interviews', 'interview']"
pen,"['pens', 'spend', 'spoken']"
garden,"['grade', 'parent', 'guardians']"
worth,"['work', 'word', 'workshop']"
accompanying,"['complain', 'paying', 'coming']"
weekend,"['week', 'weeks', 'weekly']"
youngsters,"['monster', 'young', 'counselor']"
guilt,"['quit', 'gift', 'fruit']"
feelings,"['feeling', 'seeing', 'fingers']"
main,"['man', 'making', 'mini']"
nervous,"['generous', 'vous', 'serious']"
beautiful,[]
interesting,"['interests', 'treating', 'thereisgoing']"
correspondence,"['correspondent', 'correspondents', 'corresponding']"
phrase,"['has', 'emphasize', 'purpose']"
left,"['let', 'least', 'letter']"
losing,"['long', 'looking', 'using']"
stamped,"['taped', 'stamp', 'same']"
weekly,"['week', 'weeks', 'weekend']"
sheets,"['seems', 'see', 'events']"
ready,"['read', 'reread', 'reader']"
anger,"['manager', 'manage', 'longer']"
drawn,"['drawing', 'drawings', 'ran']"
activity,[]
establish,['details']
satisfying,"['trying', 'paying', 'asking']"
collecting,"['collections', 'college', 'election']"
calls,"['allows', 'fall', 'case']"
local,"['social', 'scale', 'moral']"
apartment,"['parent', 'parents', 'appointment']"
capital,"['vital', 'social', 'casual']"
millions,['collections']
pictures,"['picture', 'includes', 'gestures']"
assurance,['assume']
inexpensive,[]
national,"['natural', 'information', 'vocation']"
mutual,"['usual', 'neutral', 'natural']"
replaced,"['paced', 'repeated', 'relate']"
running,"['winning', 'morning', 'hunting']"
gold,"['old', 'hold', 'good']"
correspondent,"['correspondents', 'correspondence', 'corresponding']"
unanswered,"['answer', 'answers', 'considered']"
eat,"['heat', 'meant', 'least']"
frequent,"['infrequent', 'requirement', 'recent']"
election,"['collections', 'affection', 'collecting']"
joy,"['enjoy', 'job', 'enjoyed']"
begins,"['begin', 'reins', 'beginning']"
limit,"['lint', 'climate', 'visit']"
consists,"['cost', 'consider', 'comments']"
watch,"['weather', 'want', 'wait']"
guess,"['guessed', 'guessing', 'goes']"
bet,"['best', 'net', 'met']"
politics,"['apologetic', 'positive']"
weather,"['teacher', 'watch', 'other']"
guessed,"['guess', 'guessing', 'addressed']"
awkward,[]
saw,"['say', 'sad']"
wondering,"['wonder', 'considering', 'working']"
quarter,"['writer', 'matter', 'are']"
blank,"['bank', 'thank', 'plans']"
sounding,"['sending', 'sound', 'spending']"
adults,"['adult', 'fault', 'doubts']"
pages,"['page', 'ages', 'places']"
brochures,['bores']
planning,"['learning', 'cleaning', 'paying']"
well,"['tell', 'tells', 'weekly']"
budget,"['grudge', 'get', 'bought']"
fall,"['full', 'ball', 'softball']"
discovered,"['covered', 'discreet', 'disjointed']"
provided,"['provide', 'providers', 'produces']"
various,"['vous', 'serious', 'curious']"
bank,"['blank', 'thank', 'break']"
story,"['sorry', 'try', 'stationery']"
nice,"['nicest', 'uncle', 'office']"
popular,['people']
wit,"['wait', 'write', 'writer']"
slow,"['snow', 'show', 'allows']"
letterwriters,"['letterwriter', 'letterwriting', 'writers']"
suggests,"['toughest', 'subjects', 'gestures']"
break,"['remark', 'breakfast', 'weak']"
natural,"['neutral', 'national', 'materials']"
kitchen,['towhen']
writers,"['writer', 'write', 'written']"
puzzle,['rule']
tried,"['tied', 'friend', 'time']"
gotten,"['forgotten', 'got', 'attend']"
answers,"['answer', 'unanswered', 'anger']"
laugh,[]
search,"['teacher', 'service', 'year']"
empty,"['reply', 'party']"
saved,"['sad', 'started', 'stamped']"
lives,"['alive', 'relieve', 'love']"
challenging,"['cleaning', 'collecting', 'learning']"
reread,"['read', 'ready', 'returned']"
strongest,"['strong', 'toughest', 'tone']"
kids,"['kind', 'ideas']"
fun,['funny']
teeth,"['trees', 'event']"
punch,"['such', 'much', 'uncle']"
hate,"['rate', 'heat', 'have']"
reams,"['team', 'read', 'area']"
infrequent,"['frequent', 'requirement', 'ingredients']"
temperament,"['experiment', 'statement', 'important']"
cartoons,"['vocation', 'cards']"
colorful,['cheerful']
pace,"['paced', 'places', 'page']"
discreet,"['discovered', 'describe']"
pal,"['special', 'capital']"
hunting,"['counting', 'running', 'hitting']"
season,"['person', 'sent', 'send']"
mom,[]
dialing,"['dealing', 'talking', 'drawing']"
fueled,"['guessed', 'rule', 'need']"
pony,"['phone', 'money', 'spoken']"
round,"['sound', 'proud', 'sounds']"
robin,"['obliging', 'round', 'reins']"
grandmother,"['anecdote', 'other', 'grade']"
flood,"['look', 'good', 'looks']"
chemotherapy,[]
chooses,"['choose', 'house', 'close']"
adoptive,"['adoption', 'positive', 'negative']"
waited,"['wasted', 'wait', 'write']"
welcoming,"['coming', 'welcome', 'losing']"
in,"['sign', 'mini', 'mind']"
plays,"['plans', 'places', 'says']"
participated,"['appreciated', 'appreciate', 'private']"
attended,"['attend', 'happened', 'eaten']"
collections,"['collecting', 'election', 'vocation']"
originality,[]
remodeled,[]
fantastic,['gymnastics']
unmentioned,"['mentioned', 'question', 'questions']"
facing,"['taking', 'paying', 'making']"
quit,"['quickest', 'guilt', 'fruit']"
asleep,"['see', 'step', 'seen']"
allows,"['calls', 'slow', 'laws']"
chore,"['course', 'corner', 'choose']"
guideline,['dealing']
elaborate,"['relate', 'rate', 'celebrating']"
reporting,"['treating', 'sprouting', 'spring']"
camping,"['coming', 'caring', 'complain']"
lends,"['sends', 'end', 'send']"
snapshots,['sports']
stack,"['take', 'distance', 'thank']"
funny,"['fun', 'fancy']"
oldtime,"['time', 'times', 'holder']"
relieve,"['believe', 'reserve', 'receive']"
produces,"['providers', 'provide', 'provided']"
drawings,"['drawing', 'drawn', 'reading']"
lunchboxes,['boxes']
traveling,"['travel', 'talking', 'treating']"
luggage,"['languages', 'league']"
hardworking,"['working', 'handwriting', 'hearing']"
pinned,"['lined', 'dinner', 'coined']"
bedspread,"['reread', 'read']"
guardians,"['garden', 'ingredients']"
authorizing,"['authorize', 'thing', 'thereisgoing']"
camps,"['case', 'camping', 'came']"
caring,"['crying', 'hearing', 'camping']"
authorize,['authorizing']
incarcerated,"['appreciated', 'repeated']"
jail,"['mail', 'family', 'detail']"
prison,"['person', 'permission', 'print']"
neutral,"['natural', 'general', 'travel']"
subjects,"['subj', 'suggests']"
obliging,"['robin', 'going', 'doing']"
worsen,"['words', 'course', 'written']"
theyhow,"['heardhow', 'how']"
grudge,"['grade', 'garden', 'budget']"
holder,"['colder', 'hold', 'whole']"
gestures,"['features', 'suggests', 'returned']"
looks,"['look', 'books', 'took']"
colder,"['holder', 'clear', 'consider']"
inflexible,[]
rewrite,"['write', 'writer', 'written']"
stimulating,"['starting', 'setting', 'treating']"
curious,"['various', 'serious', 'course']"
trivia,['private']
unattached,['attend']
wasted,"['waited', 'based', 'attend']"
construct,"['contact', 'monster', 'cost']"
boxes,"['bores', 'lunchboxes', 'goes']"
technique,['teacher']
net,"['next', 'nicest', 'new']"
drawing,"['drawings', 'drawn', 'reading']"
recognize,['responsible']
swimming,"['swing', 'writing', 'winning']"
cabin,"['caring', 'main', 'camping']"
animals,"['finals', 'annual']"
canoe,"['note', 'come', 'changes']"
pens,"['pen', 'pets', 'parents']"
requirement,"['equipment', 'frequent', 'infrequent']"
spending,"['sending', 'spend', 'sounding']"
mini,"['mind', 'main', 'in']"
youthful,['mouth']
correspondents,"['correspondent', 'correspondence', 'corresponding']"
reserve,"['service', 'relieve', 'receive']"
talks,"['thanks', 'talking', 'take']"
centered,"['need', 'covered', 'considered']"
fascinates,"['facts', 'finals', 'facing']"
bores,"['boxes', 'bored', 'brochures']"
uptight,"['night', 'weight', 'bought']"
hellodid,[]
knowgood,"['know', 'good', 'knows']"
heardhow,"['theyhow', 'hear', 'head']"
men,"['mean', 'meant', 'means']"
tionhow,['how']
knowmissing,['knows']
timesympathize,['emphasize']
withthinking,"['writing', 'winning', 'winding']"
youwe,"['young', 'house']"
towhen,"['own', 'kitchen', 'went']"
counting,"['hunting', 'sounding', 'coming']"
finals,"['fascinates', 'friends', 'fingers']"
handwriting,"['handwritten', 'writing', 'hardworking']"
quickest,"['nicest', 'quit', 'question']"
moral,"['formal', 'more', 'mail']"
priceless,['express']
brighten,"['written', 'brought', 'write']"
bookseller,['books']
vocation,"['avocation', 'information', 'national']"
bibliophile,[]
avocation,"['vocation', 'adoption', 'affection']"
goes,"['gone', 'ages', 'pages']"
corresponding,"['correspondent', 'correspondents', 'correspondence']"
oppressive,"['expression', 'appreciate']"
brand,"['ran', 'road', 'read']"
crying,"['trying', 'caring', 'spring']"
eureka,"['neutral', 'week', 'read']"
conceived,"['coined', 'considered', 'receive']"
executed,['repeated']
wonders,"['wonder', 'wondered', 'wondering']"
cease,"['case', 'easier', 'care']"
sprouting,"['spring', 'starting', 'sounding']"
grade,"['reader', 'grudge', 'garden']"
monster,"['most', 'youngsters', 'semester']"
sore,"['more', 'story', 'sorry']"
mouth,"['months', 'much', 'most']"
habitat,"['habit', 'bit']"
vous,"['various', 'nervous', 'house']"
ran,"['drawn', 'brand', 'man']"
stuff,['study']
winding,"['winning', 'wondering', 'writing']"
serene,"['seen', 'sentence', 'seeing']"
coined,"['lined', 'pinned', 'corner']"
lazy,['plays']
vital,"['capital', 'visit', 'talks']"
signs,"['sign', 'sprints', 'using']"
kidding,"['winding', 'wedding', 'doing']"
gymnastics,['fantastic']
mosquitoes,['movies']
derricks,[]
farmers,['are']
bow,"['own', 'how']"
dentistry,['details']
softball,"['fall', 'ball', 'baseball']"
headache,"['teacher', 'head', 'heardhow']"
scale,"['sales', 'social', 'special']"
winning,"['winding', 'beginning', 'writing']"
tied,"['tried', 'time', 'times']"
league,"['leave', 'pleasure', 'languages']"
hardest,"['harness', 'share', 'cards']"
semester,"['monster', 'remember', 'seems']"
tv,[]
thereisgoing,"['interesting', 'hearing', 'treating']"
subj,['subjects']
keepin,"['keep', 'seeing', 'feeling']"
touchdate,"['touch', 'thought', 'hate']"
doubts,"['adults', 'vous']"
justifies,[]
nicest,"['nice', 'quickest', 'net']"
baseball,"['ball', 'softball', 'small']"
swing,"['using', 'swimming', 'spring']"
sprints,"['print', 'spring', 'sports']"
hitting,"['writing', 'setting', 'hunting']"
toughest,"['thought', 'thoughts', 'bought']"
taped,"['stamped', 'type', 'tied']"
refrigerator,[]
eaten,"['eat', 'relate', 'attend']"
alligator,[]
bonked,"['bored', 'coined', 'tone']"
skyscraper,[]
bargain,"['brand', 'begin', 'caring']"
rummage,"['summer', 'manage', 'grudge']"
poodle,"['people', 'provide', 'problem']"
lint,"['print', 'lined', 'limit']"
ball,"['fall', 'softball', 'small']"
fruit,"['quit', 'fits', 'frequent']"
ingredients,"['infrequent', 'reins', 'recipient']"
flavoring,"['learning', 'favorite', 'losing']"
grows,"['goes', 'generous', 'knows']"
trees,"['fees', 'pictures', 'features']"
guessing,"['using', 'guess', 'guessed']"
climate,"['limit', 'immediate', 'candidate']"
disjointed,"['coined', 'discovered']"
harness,"['hardest', 'changes', 'share']"
fingers,"['fine', 'first', 'feelings']"
reins,"['begins', 'sprints', 'reading']"
metaphor,[]
morningdate,"['morning', 'candidate']"
medley,"['medical', 'made']"
experiment,"['temperament', 'print', 'equipment']"
languages,"['manage', 'manager', 'luggage']"
cat,"['eat', 'cut', 'car']"
features,"['gestures', 'fees', 'farmers']"
paced,"['pace', 'replaced', 'places']"
