say,"['way', 'pay', 'day']"
person,"['personnel', 'respond']"
write,"['wait', 'rate', 'printed']"
pleased,"['release', 'learned', 'prepared']"
other,"['others', 'note', 'third']"
letter,"['letters', 'better', 'lettice']"
first,"['figures', 'forms', 'faith']"
see,"['speed', 'sheet', 'sense']"
have,"['leave', 'heavy', 'change']"
discuss,['discount']
date,"['rate', 'data', 'indicate']"
company,"['companies', 'many', 'copy']"
name,"['same', 'game', 'number']"
questions,"['reservations', 'resolution', 'testing']"
able,"['sales', 'readable', 'absolute']"
look,"['looks', 'looking', 'logos']"
thanks,"['thank', 'think', 'has']"
want,"['wait', 'watch', 'waits']"
meeting,"['testing', 'keeping', 'thing']"
do,['does']
time,"['times', 'timely', 'estimate']"
working,"['morning', 'looking', 'works']"
how,"['shows', 'own']"
let,"['set', 'letter', 'length']"
position,"['situation', 'description', 'application']"
use,"['uses', 'used', 'useful']"
kind,"['mind', 'find', 'signed']"
application,"['applicants', 'applicationtransmittal', 'specifications']"
contract,"['contracts', 'contact', 'correct']"
call,"['fall', 'small', 'allows']"
sure,"['surgery', 'assured', 'store']"
take,"['make', 'thank', 'stage']"
good,['wood']
send,"['end', 'sender', 'second']"
mail,"['mailed', 'small', 'daily']"
respond,"['responding', 'response', 'correspondent']"
include,[]
starting,"['stamping', 'saving', 'situation']"
telephone,['phone']
number,"['numbers', 'name']"
check,[]
stationery,"['situation', 'starting', 'satisfactory']"
same,"['name', 'game', 'stage']"
thank,"['thanks', 'think', 'take']"
wait,"['waits', 'want', 'waiting']"
used,"['use', 'uses', 'send']"
letterhead,"['letterheads', 'letter', 'letters']"
requested,"['unrequested', 'requestedto', 'request']"
appreciate,"['appreciated', 'appropriate', 'associate']"
office,"['voice', 'efficient']"
response,"['respond', 'responding', 'correspondent']"
next,[]
looking,"['look', 'long', 'working']"
reception,"['receipt', 'description', 'corrections']"
best,"['pests', 'bears', 'result']"
mind,"['kind', 'find', 'signed']"
way,"['say', 'pay', 'day']"
request,"['requested', 'unrequested', 'requestedto']"
letters,"['letter', 'letterheads', 'better']"
find,"['mind', 'kind', 'final']"
difficult,[]
conference,"['referenced', 'convenient', 'confirming']"
amount,"['want', 'most', 'font']"
agree,"['agrees', 'page', 'stage']"
receipt,"['recipient', 'reception', 'receiptprice']"
reservations,"['reception', 'questions', 'resolution']"
better,"['letter', 'letters', 'newsletter']"
tips,['times']
possible,"['possibleas', 'possibility', 'problems']"
idea,['rider']
make,"['marked', 'take', 'made']"
stock,"['stick', 'store']"
marked,"['make', 'worked', 'mailed']"
information,"['confirmation', 'instructions', 'situation']"
cases,"['class', 'uses', 'purchase']"
phone,"['one', 'telephone', 'pointed']"
day,"['days', 'today', 'daily']"
receiving,"['receive', 'received', 'recipient']"
third,"['hard', 'think', 'thing']"
sent,"['set', 'send', 'shipment']"
handwritten,['write']
mailed,"['mail', 'marked', 'stapled']"
e,[]
words,"['worse', 'works', 'worked']"
estimate,"['estimator', 'time', 'times']"
room,['bottom']
complete,['collect']
become,['welcomes']
read,"['ready', 'reads', 'reading']"
attention,"['afternoon', 'testing', 'transaction']"
it,"['wait', 'kits', 'item']"
important,['instant']
receive,"['received', 'receiving', 'receipt']"
standard,[]
minutes,"['notes', 'machines', 'lines']"
final,"['signals', 'initial', 'find']"
set,"['sent', 'sheet', 'use']"
appointment,"['pointed', 'appropriate', 'point']"
received,"['receive', 'receiving', 'revised']"
acknowledge,[]
know,[]
confirmation,"['confirming', 'information', 'confirm']"
order,"['orders', 'ordered', 'borders']"
orders,"['borders', 'order', 'ordered']"
confirm,"['confirming', 'confirmation']"
morning,"['working', 'opening', 'printing']"
message,"['messages', 'stage']"
contact,"['contract', 'contracts']"
need,"['needed', 'speed', 'intended']"
appropriate,"['appreciate', 'appreciated', 'preprinted']"
sales,"['uses', 'stapled', 'signals']"
business,"['businesses', 'uses', 'lines']"
arrived,"['arrives', 'received', 'proved']"
made,"['mode', 'make', 'ad']"
birthday,['today']
note,"['notes', 'other', 'quotes']"
address,"['addressee', 'addressing', 'press']"
notify,"['thrifty', 'rectify', 'note']"
sender,"['send', 'sense', 'see']"
arrives,"['arrived', 'agrees']"
necessary,['unnecessary']
report,"['preprinted', 'respond', 'receipt']"
people,['pool']
applicants,"['application', 'appealing', 'applicationtransmittal']"
routine,"['resolution', 'run', 'one']"
item,"['items', 'write', 'it']"
printed,"['pointed', 'print', 'preprinted']"
copies,"['companies', 'encies', 'recipients']"
several,"['sender', 'see']"
delivery,"['delivered', 'live', 'deadlineby']"
get,"['set', 'let']"
reach,"['read', 'watch', 'ready']"
different,"['decent', 'department']"
process,"['press', 'proceed', 'parcels']"
short,"['shop', 'store', 'sorry']"
documents,"['document', 'decent', 'current']"
indicated,"['indicate', 'initialed', 'increased']"
statement,"['instant', 'sent', 'same']"
thing,"['think', 'tuning', 'waiting']"
items,"['item', 'minutes', 'kits']"
confirming,"['confirm', 'confirmation', 'conference']"
department,"['experiment', 'different', 'decent']"
timely,"['time', 'times', 'rely']"
transactions,"['transaction', 'transmits', 'transmission']"
delivered,"['delivery', 'reversed', 'ordered']"
one,"['ones', 'zones', 'phone']"
sending,"['depending', 'send', 'sealing']"
announcement,"['appointment', 'document']"
length,"['let', 'sent', 'long']"
pool,['people']
foreign,"['original', 'design']"
hotels,"['notes', 'helps', 'quotes']"
fax,"['faxes', 'faxed', 'faxby']"
most,"['cost', 'memos', 'costs']"
proposals,['process']
immediate,"['immediacy', 'indicate', 'indicated']"
résumés,['résumé']
preprinted,"['printed', 'prepared', 'pointed']"
form,['forms']
many,"['company', 'means', 'making']"
messages,"['message', 'stage', 'sales']"
keep,['keeping']
hard,"['card', 'third', 'ad']"
memo,['memos']
afternoon,"['afternoonhappy', 'attention', 'noon']"
appreciated,"['appreciate', 'appropriate', 'printed']"
shipment,"['sent', 'shipping', 'sheet']"
catalog,[]
current,"['correct', 'document', 'documents']"
revised,"['reversed', 'received', 'provided']"
inspection,"['instructions', 'transaction', 'specifications']"
prepared,"['preprinted', 'read', 'proceed']"
making,"['saving', 'faxing', 'working']"
run,"['return', 'routine']"
needed,"['need', 'intended']"
bring,"['working', 'reading', 'morning']"
today,"['day', 'okay', 'days']"
contracts,"['contract', 'contact', 'converts']"
rate,"['date', 'write', 'virtue']"
end,"['send', 'sender', 'second']"
long,"['looking', 'closing', 'logos']"
store,"['sure', 'worse', 'stock']"
situation,"['stationery', 'starting', 'position']"
résumé,['résumés']
means,"['many', 'machines', 'years']"
leave,"['release', 'pleased', 'live']"
others,"['other', 'notes', 'quotes']"
paper,"['page', 'pages']"
supply,[]
sorry,"['surgery', 'store', 'short']"
correct,"['corrections', 'current', 'collect']"
products,"['reduces', 'process']"
has,"['thanks', 'ads']"
discount,"['discuss', 'disclosure', 'document']"
quality,[]
credit,"['receipt', 'reading', 'current']"
years,"['bears', 'buyers', 'reads']"
doing,"['going', 'working', 'sending']"
past,"['plastic', 'pests', 'pages']"
only,[]
such,[]
indicate,"['indicated', 'immediate', 'date']"
voice,"['invoices', 'office', 'piece']"
appeal,"['appealing', 'appreciate', 'appearance']"
problems,"['problemsvia', 'process', 'possibleas']"
companies,"['copies', 'company', 'ones']"
small,"['mail', 'fall', 'call']"
return,"['turn', 'run']"
ordered,"['order', 'orders', 'borders']"
machine,"['machines', 'matches', 'making']"
keeping,"['keep', 'meeting', 'reception']"
errors,[]
worse,"['works', 'words', 'worked']"
works,"['worse', 'words', 'worked']"
assume,"['assured', 'sure', 'same']"
lawyer,[]
businesses,['business']
pay,"['way', 'say', 'day']"
easier,"['release', 'pleased', 'size']"
little,"['live', 'like', 'item']"
instructions,"['inspection', 'transactions', 'situation']"
cost,"['costs', 'most', 'icons']"
purchase,['cases']
piece,"['picked', 'pictured', 'voice']"
point,"['pointed', 'print', 'printed']"
sense,"['dense', 'see', 'sender']"
typed,"['stapled', 'speed']"
sheet,"['set', 'see', 'sheehythe']"
size,"['signed', 'easier']"
copy,"['company', 'photocopy', 'copies']"
missing,"['transmission', 'saving', 'making']"
days,"['day', 'today', 'daily']"
print,"['printed', 'point', 'printing']"
responding,"['respond', 'depending', 'sending']"
design,"['sign', 'signed', 'destroying']"
reading,"['read', 'sending', 'sealing']"
shipping,"['stamping', 'shipment', 'thing']"
page,"['pages', 'stage', 'paper']"
proved,"['provided', 'proceed', 'revised']"
costs,"['cost', 'most', 'converts']"
appealing,"['pealing', 'appeal', 'sealing']"
shows,"['how', 'shop', 'short']"
top,[]
attached,"['matches', 'watch']"
personnel,['person']
times,"['time', 'timely', 'tips']"
think,"['thing', 'thank', 'ink']"
going,"['doing', 'working', 'opening']"
useful,"['use', 'helpful', 'uses']"
own,"['owners', 'one', 'how']"
unsolicited,"['solicited', 'indicated', 'associate']"
like,"['live', 'lines', 'picked']"
put,['putting']
numbers,"['number', 'bears', 'owners']"
professional,"['process', 'possible', 'position']"
certain,"['certainty', 'reception', 'casino']"
helpful,"['helps', 'useful']"
available,['able']
recipient,"['recipients', 'receipt', 'efficient']"
individuals,"['initial', 'initialed']"
associate,"['solicited', 'appreciate', 'unsolicited']"
sensitive,"['sense', 'sent', 'reconstructive']"
waiting,"['wait', 'waits', 'thing']"
convenient,"['converts', 'confidential', 'correspondent']"
newsletter,"['letter', 'letters', 'better']"
increase,"['increased', 'increasing', 'release']"
distance,"['existence', 'instant', 'stage']"
less,"['sales', 'press', 'pests']"
card,"['hard', 'ad', 'marked']"
live,"['like', 'lines', 'leave']"
notes,"['note', 'quotes', 'others']"
signature,"['signed', 'signals', 'figures']"
envelope,[]
inserted,"['printed', 'pointed', 'need']"
uses,"['use', 'used', 'sense']"
assured,"['assume', 'sure', 'marked']"
class,"['cases', 'less', 'costs']"
game,"['same', 'name', 'assume']"
second,"['send', 'sender', 'end']"
change,"['changing', 'changegrowing', 'machine']"
opening,"['depending', 'sending', 'pealing']"
release,"['pleased', 'reversed', 'reads']"
paragraph,[]
increased,"['increase', 'increasing', 'indicated']"
description,"['reservations', 'situation', 'reception']"
obvious,['bio']
forms,"['form', 'worse', 'works']"
communication,"['communicating', 'confirmation']"
intended,"['needed', 'printed', 'pointed']"
bottom,['room']
ink,['think']
fonts,"['font', 'ones', 'converts']"
efficient,"['recipient', 'office', 'decent']"
depending,"['sending', 'opening', 'responding']"
sign,"['signed', 'design', 'signals']"
bulk,[]
printing,"['print', 'waiting', 'putting']"
referenced,"['conference', 'reversed', 'preprinted']"
putting,"['testing', 'thing', 'starting']"
annoys,"['many', 'days']"
pointed,"['printed', 'point', 'preprinted']"
original,"['signals', 'foreign', 'final']"
did,[]
cover,"['converts', 'other', 'order']"
worked,"['worse', 'works', 'words']"
result,"['resolution', 'request', 'rely']"
surgery,"['sure', 'sorry', 'blurry']"
solicited,"['unsolicited', 'associate', 'pointed']"
rely,"['ready', 'timely', 'result']"
heavy,"['have', 'ready', 'leave']"
ad,"['ads', 'read', 'made']"
smudged,['signed']
resolution,"['routine', 'reservations', 'situation']"
arrangements,[]
faxing,"['saving', 'making', 'fax']"
satisfactory,"['estimator', 'stationery']"
learned,"['pleased', 'prepared', 'leave']"
plastic,"['past', 'stick']"
changing,"['changegrowing', 'change', 'thing']"
scheduled,[]
data,['date']
figures,"['first', 'signature', 'fields']"
turn,"['return', 'tuning']"
acceptable,[]
principal,['initial']
absolute,['able']
bypass,['past']
recipients,"['recipient', 'receipt', 'efficient']"
brochure,[]
does,"['ones', 'zones', 'notes']"
ones,"['zones', 'one', 'owners']"
correspondence,"['correspondent', 'responding', 'respond']"
signed,"['sign', 'signature', 'design']"
collect,"['correct', 'complete', 'let']"
saving,"['sealing', 'starting', 'stamping']"
possibility,"['possible', 'possibleas']"
ready,"['read', 'reads', 'rely']"
confidential,"['confidentiality', 'convenient', 'initial']"
photocopy,"['photocopying', 'copy']"
invoices,"['voice', 'indicate', 'increase']"
decent,"['document', 'recipient', 'efficient']"
addressing,"['address', 'addressee', 'design']"
legible,"['illegible', 'gobble']"
speed,"['speedy', 'see', 'used']"
initial,"['initialed', 'individuals', 'final']"
correspondent,"['correspondence', 'respond', 'responding']"
graphics,[]
transmit,"['transmits', 'transmittal', 'transmission']"
closing,"['long', 'looking', 'going']"
watch,"['wristwatch', 'want', 'wait']"
speedy,"['speed', 'see', 'stapled']"
specifications,"['inspection', 'application', 'confirmation']"
lines,"['ones', 'minutes', 'live']"
binding,"['sending', 'printing', 'doing']"
faxes,"['faxed', 'fax', 'sales']"
transmittal,"['transmit', 'transmits', 'transferal']"
pages,"['page', 'agrees', 'past']"
document,"['documents', 'decent', 'current']"
faxed,"['faxes', 'fax', 'faxby']"
signals,"['sign', 'sales', 'original']"
reads,"['read', 'ready', 'ads']"
readable,"['read', 'able', 'ready']"
appearance,"['appealing', 'appeal']"
fall,"['call', 'small', 'final']"
adjust,"['ads', 'past']"
provided,"['proved', 'revised', 'proceed']"
technology,['technological']
confidentiality,['confidential']
accommodate,['immediate']
rectify,"['reception', 'notify']"
stage,"['take', 'stapled', 'same']"
constitute,"['reconstructive', 'inconsist']"
daily,"['day', 'mail', 'days']"
increasing,"['increase', 'increased', 'reading']"
quotes,"['notes', 'others', 'hotels']"
stick,"['stock', 'plastic', 'think']"
helps,"['hotels', 'helpful']"
ads,"['ad', 'reads', 'has']"
communicating,"['communication', 'confirmation', 'confirming']"
memos,"['memo', 'most', 'times']"
advise,"['ads', 'revised', 'made']"
allows,"['fall', 'call']"
authorize,[]
looks,"['look', 'logos', 'looking']"
experiment,"['department', 'print', 'preprinted']"
transmission,"['transmits', 'transmit', 'transaction']"
addressee,"['address', 'addressing']"
machines,"['machine', 'matches', 'minutes']"
corrections,"['correct', 'reception', 'transactions']"
noon,['afternoon']
certainty,['certain']
existence,"['distance', 'resemblance']"
changegrowing,"['changing', 'change']"
technological,['technology']
leapfrog,[]
sheehythe,['sheet']
facsimile,[]
indispensable,[]
scans,"['sense', 'sales', 'means']"
converts,"['cover', 'owners', 'contracts']"
transmits,"['transmit', 'transmittal', 'transmission']"
reversed,"['revised', 'requested', 'delivered']"
photocopying,['photocopy']
folding,"['going', 'doing', 'faxing']"
sealing,"['pealing', 'saving', 'appealing']"
stamping,"['starting', 'saving', 'testing']"
virtue,"['rate', 'item']"
blurry,['surgery']
illegible,['legible']
transferal,['transmittal']
parcels,"['process', 'press', 'pages']"
waits,"['wait', 'want', 'waiting']"
picked,"['pictured', 'proceed', 'printed']"
font,"['fonts', 'point', 'amount']"
minimum,[]
instant,"['distance', 'statement', 'important']"
reduces,"['request', 'reads', 'products']"
sharpness,['address']
unap,[]
pealing,"['appealing', 'sealing', 'reading']"
fuzzy,[]
mode,"['made', 'order', 'orders']"
dense,"['sense', 'does', 'response']"
borders,"['orders', 'order', 'ordered']"
icons,"['inconsist', 'ones', 'cost']"
gobble,"['legible', 'able']"
thrifty,['notify']
colors,"['closing', 'cost']"
letterheads,"['letterhead', 'letters', 'letter']"
logos,"['looks', 'look', 'long']"
tuning,"['thing', 'waiting', 'testing']"
zones,"['ones', 'one', 'owners']"
immediacy,['immediate']
initialed,"['initial', 'indicated', 'stapled']"
transaction,"['transactions', 'transmission', 'inspection']"
proceed,"['proved', 'process', 'speed']"
unrequested,"['requested', 'requestedto', 'request']"
welcomes,['become']
centers,"['letters', 'notes', 'converts']"
stapled,"['typed', 'stage', 'speed']"
shop,"['shows', 'short']"
unnecessary,['necessary']
possibleas,"['possible', 'problems', 'possibility']"
requestbecause,"['requested', 'request', 'unrequested']"
tight,[]
deadlineby,['delivery']
faxby,"['fax', 'faxes', 'faxed']"
afternoonhappy,['afternoon']
alongplease,['pleased']
receiptprice,"['receipt', 'recipient', 'reception']"
quotationprompt,[]
requestedto,"['requested', 'unrequested', 'request']"
youto,[]
applicationtransmittal,"['transmittal', 'application', 'applicants']"
problemsvia,"['problems', 'professional']"
debit,[]
rush,[]
press,"['process', 'pests', 'parcels']"
estimator,"['estimate', 'satisfactory', 'stationery']"
headquarters,[]
owners,"['ones', 'zones', 'converts']"
buyers,"['years', 'bears', 'numbers']"
disclosure,['discount']
rider,"['order', 'orders', 'ordered']"
faith,"['wait', 'watch', 'waits']"
inconsist,"['icons', 'cost']"
encies,"['copies', 'recipients', 'reduces']"
wood,"['good', 'words', 'worked']"
destroying,"['testing', 'starting', 'doing']"
pests,"['press', 'process', 'past']"
organisms,['transmits']
testing,"['putting', 'meeting', 'destroying']"
kits,"['waits', 'items', 'it']"
okay,['today']
fields,"['figures', 'find']"
lettice,"['letter', 'letters', 'little']"
casino,"['increasing', 'closing', 'certain']"
reconstructive,"['contract', 'instructions', 'sensitive']"
bio,['obvious']
wristwatch,['watch']
agrees,"['agree', 'pages', 'request']"
bears,"['years', 'buyers', 'numbers']"
resemblance,['existence']
pictured,"['picked', 'pointed']"
matches,"['machines', 'machine', 'watch']"
