invitation,"['inviting', 'situation', 'vacation']"
accept,"['packet', 'receipt', 'account']"
say,"['says', 'way', 'saying']"
reply,['imply']
pleasure,"['pleased', 'sure', 'pleasant']"
person,"['personal', 'reason', 'impression']"
happy,[]
write,"['writer', 'written', 'wrote']"
pleased,"['pleasure', 'pleasant', 'place']"
dinner,"['winter', 'manners', 'dear']"
other,"['vote', 'note', 'hear']"
letter,"['letters', 'letteras', 'letterhead']"
first,"['list', 'gist', 'fair']"
see,"['serve', 'use', 'settle']"
have,"['gave', 'having', 'change']"
offer,"['offered', 'office', 'offices']"
discuss,"['discussed', 'discussion', 'discount']"
date,"['late', 'state', 'indicate']"
look,"['looking', 'loose', 'books']"
delighted,[]
thanks,"['thank', 'think', 'takes']"
enclosed,"['enclosing', 'enjoyed', 'loose']"
want,"['wanted', 'went', 'warranty']"
meeting,"['meetings', 'seeing', 'meet']"
job,[]
do,[]
time,"['tie', 'simple', 'notice']"
working,"['wondering', 'work', 'writing']"
how,"['show', 'shown', 'showed']"
let,"['left', 'set', 'met']"
position,"['situation', 'options', 'application']"
use,"['used', 'set', 'see']"
tell,"['toll', 'telling']"
inviting,"['invitation', 'visiting', 'giving']"
asking,"['taking', 'making', 'thanking']"
application,"['appreciation', 'vacation', 'action']"
week,"['weeks', 'were']"
contract,"['contact', 'contacts', 'demonstrate']"
call,"['calls', 'called', 'fall']"
help,"['held', 'helpful', 'heels']"
come,"['home', 'complex', 'combine']"
writing,"['waiting', 'awaiting', 'written']"
sure,"['insure', 're', 'pleasure']"
requests,"['request', 'requesting', 'recess']"
wedding,"['sending', 'doing', 'wondering']"
repeat,"['report', 'recipient', 'recent']"
expression,"['express', 'impression', 'impressions']"
part,"['party', 'past', 'paper']"
evening,"['seeing', 'sending', 'opening']"
good,['go']
send,"['end', 'second', 'used']"
brief,"['write', 'refer', 'price']"
state,"['restate', 'statement', 'stationery']"
add,"['ad', 'had']"
personal,['person']
mail,"['mailed', 'material', 'fails']"
include,['insure']
telephone,"['telephoned', 'phone', 'tone']"
number,"['summer', 'members']"
ask,"['asked', 'asking']"
secretary,['necessary']
handwrite,"['write', 'writer', 'written']"
stationery,"['situation', 'state', 'presentation']"
format,"['form', 'information', 'inform']"
thank,"['thanks', 'think', 'thanking']"
used,"['use', 'send', 'asked']"
letterhead,"['letteras', 'letter', 'letters']"
appreciate,"['appreciated', 'thatappreciate', 'appreciation']"
office,"['offices', 'offer', 'notice']"
year,"['hear', 'dear', 'heard']"
response,"['responses', 'responds', 'responded']"
speak,"['special', 'seat', 'senta']"
month,"['months', 'amount', 'most']"
work,"['working', 'wonder']"
looking,"['look', 'working', 'going']"
best,['guest']
fair,"['first', 'favor', 'fails']"
mind,"['remind', 'reminder', 'reminding']"
way,['say']
request,"['requests', 'requesting', 'question']"
letters,"['letteras', 'letter', 'letterhead']"
place,"['spaces', 'packet', 'package']"
conference,"['conferences', 'references', 'confronted']"
express,"['expression', 'process', 'recess']"
amount,"['account', 'month', 'months']"
inquire,"['inquiry', 'insure', 'unique']"
particular,"['articles', 'participants']"
receipt,"['recent', 'recipient', 'receive']"
home,"['hope', 'come', 'phone']"
list,"['lost', 'last', 'gist']"
seeing,"['sending', 'selling', 'meeting']"
group,[]
future,"['features', 'further', 'turn']"
action,"['vacation', 'application', 'situation']"
busy,['buyer']
calendar,['called']
simple,"['imply', 'stamped', 'example']"
possible,"['possibility', 'problem', 'problems']"
late,"['last', 'date', 'state']"
says,"['say', 'days', 'sales']"
inquiry,"['inquire', 'query', 'insure']"
idea,"['ideas', 'dear', 'detail']"
make,"['makes', 'made', 'youmake']"
go,"['good', 'goal']"
saying,"['tying', 'trying', 'taking']"
more,"['oren', 're', 'order']"
mention,"['mentioned', 'attention', 'meeting']"
essential,"['senta', 'potential', 'special']"
special,"['specialist', 'social', 'speak']"
offered,"['offer', 'different', 'opened']"
remark,"['reader', 'regular', 'year']"
experience,"['references', 'price', 'expect']"
interview,"['interviewing', 'interest', 'winter']"
information,"['informational', 'confirmation', 'inform']"
decision,"['decisions', 'discussion', 'question']"
example,"['simple', 'people', 'expect']"
phone,"['one', 'telephone', 'tone']"
third,"['authored', 'trade', 'think']"
sent,"['senta', 'set', 'went']"
case,"['care', 'purchase', 'cards']"
party,"['part', 'past', 'warranty']"
mailed,"['failed', 'mail', 'detailed']"
e,['re']
vote,"['note', 'wrote', 'other']"
meet,"['met', 'meeting', 'meetings']"
enclosing,"['enjoying', 'enclosed', 'telling']"
complete,"['complex', 'come', 'college']"
telling,"['selling', 'tell', 'tying']"
regular,"['remark', 'reader']"
record,"['second', 'report', 'recommends']"
attention,"['attending', 'mention', 'mentioned']"
detail,"['detailed', 'neutral', 'certain']"
it,"['site', 'list', 'gist']"
banquet,['unique']
new,"['one', 'few']"
enjoyed,"['enjoying', 'enclosed', 'mentioned']"
community,"['account', 'opportunity']"
discussed,"['discuss', 'discussion', 'discounted']"
last,"['past', 'lost', 'list']"
receive,"['received', 'receivedi', 'reserve']"
package,"['packet', 'place', 'pages']"
minutes,"['printers', 'notes', 'lines']"
held,"['help', 'heels', 'heard']"
self,['settle']
suggest,"['suggests', 'guest', 'issues']"
packet,"['package', 'place', 'spaces']"
informational,"['information', 'confirmation', 'inform']"
materials,"['material', 'trial', 'manners']"
set,"['sent', 'seat', 'senta']"
appointment,"['disappointment', 'point', 'potential']"
meetings,"['meeting', 'things', 'seeing']"
thought,"['thoughts', 'thoughtless', 'usaboutthought']"
received,"['receivedi', 'receive', 'reserve']"
acknowledge,"['unacknowledged', 'acknowledgments', 'acknowledging']"
know,"['known', 'ofnow']"
weeks,"['week', 'were', 'heels']"
confirmation,"['confirming', 'information', 'conversation']"
order,"['wonder', 'reader', 'modern']"
acknowledgments,"['acknowledge', 'acknowledging', 'unacknowledged']"
confirm,"['confirming', 'confirmation', 'inform']"
morning,"['working', 'running', 'opening']"
message,[]
acknowledging,"['acknowledge', 'acknowledgments', 'unacknowledged']"
contact,"['contract', 'contacts', 'con']"
need,"['intended', 'wanted', 'seemed']"
sales,"['spaces', 'says', 'safe']"
payment,"['payments', 'departmental', 'statement']"
gifts,"['gift', 'gist', 'gets']"
refer,"['reader', 'career', 'reserve']"
conversation,"['convention', 'confirmation', 'covers']"
previous,"['revise', 'impressions', 'products']"
hear,"['heard', 'year', 'dear']"
business,"['businesses', 'lines']"
payments,"['payment', 'pages', 'departmental']"
made,"['make', 'trade', 'makes']"
cards,"['card', 'awards', 'case']"
gift,"['gifts', 'gist', 'it']"
note,"['notes', 'notice', 'vote']"
merchandise,"['purchase', 'handwrite']"
responses,"['response', 'responds', 'responded']"
follow,"['following', 'allow', 'toll']"
written,"['write', 'writer', 'writing']"
necessary,"['secretary', 'recess']"
report,"['reprints', 'repeat', 'record']"
people,"['problem', 'example', 'complex']"
printed,"['printers', 'write', 'reprints']"
agreed,"['remedy', 'career', 'agreement']"
yesterday,['yesterdaybeginning']
several,"['overall', 'serve', 'see']"
get,"['gets', 'guest', 'set']"
different,['offered']
advertisement,"['departmental', 'agreement']"
arrange,"['arranged', 'warranty', 'change']"
process,"['recess', 'express', 'products']"
is,"['list', 'inas', 'gist']"
serve,"['service', 'reserve', 'services']"
present,"['recent', 'presentation', 'sent']"
additional,"['action', 'informational']"
oral,"['goal', 'overall', 'trial']"
describe,[]
reader,"['trade', 'refer', 'order']"
appreciation,"['appreciate', 'appreciated', 'application']"
courtesy,"['course', 'encourages', 'yours']"
statement,"['state', 'agreement', 'advertisement']"
tone,"['one', 'ones', 'phone']"
confirming,"['confirm', 'confirmation', 'considering']"
asked,"['ask', 'used', 'send']"
touch,"['tour', 'thought', 'such']"
provide,"['promised', 'price', 'revise']"
went,"['want', 'sent', 'senta']"
one,"['tone', 'ones', 'phone']"
sending,"['seeing', 'reminding', 'attending']"
customers,"['customer', 'covers', 'come']"
responded,"['response', 'responds', 'responses']"
price,"['service', 'provide', 'process']"
fax,[]
called,"['call', 'calls', 'calendar']"
most,"['lost', 'month', 'months']"
interest,"['interested', 'printers', 'winter']"
organization,"['reorganization', 'confirmation', 'information']"
form,"['inform', 'former', 'format']"
fill,"['filled', 'file', 'fall']"
foldovers,['covers']
keep,"['kept', 'keeping']"
file,"['filled', 'failed', 'fill']"
memo,[]
mentioned,"['mention', 'attention', 'misidentified']"
members,"['remember', 'number']"
appreciated,"['appreciate', 'thatappreciate', 'appreciation']"
presentation,"['representative', 'present', 'situation']"
taking,"['thanking', 'making', 'asking']"
concerns,"['concern', 'conferences', 'covers']"
catalog,[]
recent,"['recipient', 'receipt', 'present']"
installed,"['install', 'filled', 'called']"
customer,"['customers', 'come']"
making,"['taking', 'asking', 'thanking']"
had,"['ad', 'heard', 'add']"
chance,"['change', 'choice', 'concern']"
thinking,"['thanking', 'think', 'things']"
wanted,"['want', 'winter', 'printed']"
problem,"['problems', 'possible', 'prompt']"
agreement,"['statement', 'recent', 'agreed']"
end,"['send', 'second', 'remind']"
visits,"['visit', 'visited', 'visiting']"
situation,"['stationery', 'invitation', 'position']"
résumé,['sum']
qualified,['classified']
addressed,['agreed']
paper,"['part', 'place', 'party']"
staff,"['safe', 'state', 'senta']"
expect,"['repeat', 'aspect', 'experience']"
few,['new']
extra,"['neutral', 'letteras', 'ultra']"
key,[]
begin,['going']
complex,"['complete', 'come', 'accomplished']"
products,"['product', 'process', 'previous']"
discount,"['discounted', 'discussion', 'discuss']"
product,"['products', 'introduce', 'prompt']"
invoice,"['notice', 'indicate', 'reinforce']"
due,['use']
doing,"['going', 'hoping', 'working']"
past,"['part', 'last', 'pleasant']"
letting,"['meeting', 'tying', 'meetings']"
opportunity,['community']
such,"['touch', 'lunch', 'school']"
believe,[]
care,"['career', 'case', 'card']"
imply,"['simple', 'amplify', 'reply']"
indicate,"['invoice', 'date', 'certificate']"
problems,"['problem', 'process', 'promised']"
fault,"['fall', 'ultra', 'fails']"
notice,"['note', 'invoice', 'notes']"
free,"['refer', 're', 'revise']"
months,"['month', 'points', 'amount']"
account,"['amount', 'discount', 'community']"
visited,"['visit', 'visits', 'site']"
dear,"['year', 'idea', 'hear']"
keeping,"['seeing', 'keep', 'meeting']"
maintain,"['waiting', 'mention', 'invitation']"
choice,"['office', 'notice', 'choose']"
further,"['other', 'writer', 'future']"
services,"['service', 'serve', 'reserve']"
explanation,"['mention', 'reorganization', 'evaluations']"
things,"['tying', 'think', 'thinking']"
makes,"['make', 'takes', 'youmake']"
favor,"['form', 'fair']"
negligent,['negligence']
negligence,"['negligent', 'experience', 'conference']"
businesses,"['business', 'issues']"
certificate,"['verified', 'indicate', 'identifiable']"
question,"['requesting', 'questionnaire', 'request']"
little,"['settle', 'written', 'textile']"
benefit,[]
purchase,"['purpose', 'case', 'merchandise']"
allow,"['follow', 'fall', 'call']"
warranty,"['want', 'arrange', 'arranged']"
point,"['points', 'printed', 'appointment']"
view,"['interview', 'revise']"
typed,"['type', 'stopped', 'stamped']"
copy,[]
missing,"['visiting', 'reminding', 'seeing']"
giving,"['going', 'inviting', 'having']"
days,"['says', 'ideas']"
carry,"['career', 'clarify', 'care']"
hope,"['hopes', 'home', 'phone']"
taken,"['takes', 'taking', 'talk']"
performance,"['importance', 'reinforce']"
credited,"['printed', 'cornelldate', 'contributed']"
shipping,"['hoping', 'thinking']"
filled,"['failed', 'fill', 'file']"
issues,"['insure', 'suggest', 'minutes']"
interested,"['interest', 'printers', 'intended']"
hearing,"['having', 'housewarming', 'hear']"
type,['typed']
requesting,"['request', 'requests', 'question']"
reason,"['response', 'responds', 'responses']"
visit,"['visits', 'visited', 'visiting']"
concern,"['concerns', 'conference', 'considering']"
gave,['have']
re,"['were', 'sure', 'oren']"
offices,"['office', 'offer', 'notice']"
evaluations,"['vacation', 'explanation', 'application']"
met,"['meet', 'set', 'let']"
site,"['visited', 'write', 'visit']"
think,"['thank', 'thinking', 'things']"
going,"['doing', 'hoping', 'giving']"
school,"['choose', 'such', 'show']"
outline,"['lines', 'lounge', 'tie']"
college,"['collect', 'complete', 'acknowledge']"
own,"['shown', 'known', 'one']"
like,"['lines', 'little']"
wonder,"['wondering', 'order', 'winter']"
put,['product']
course,"['yours', 'courtesy', 'use']"
wrote,"['write', 'writer', 'written']"
program,['prompt']
trying,"['tying', 'things', 'taking']"
certain,"['conversation', 'taking', 'detail']"
helpful,['help']
talk,"['trial', 'thank', 'takes']"
building,"['bulldog', 'doing']"
following,"['follow', 'telling', 'selling']"
thanking,"['thinking', 'taking', 'thank']"
available,[]
said,"['ad', 'saying', 'mailed']"
superior,[]
child,"['held', 'third']"
references,"['conferences', 'experience', 'conference']"
reinforce,"['inform', 'references', 'invoice']"
emphasize,['emphasizing']
recipient,"['recent', 'receipt', 'reprints']"
social,"['special', 'specialist', 'oral']"
impression,"['impressions', 'expression', 'presentation']"
considering,"['wondering', 'confirming', 'tosider']"
waiting,"['awaiting', 'writing', 'visiting']"
schedule,['scheduled']
service,"['services', 'serve', 'reserve']"
install,['installed']
takes,"['taken', 'makes', 'thanks']"
subscription,['question']
ideas,"['idea', 'inas', 'dear']"
postcard,"['card', 'cards']"
visiting,"['visit', 'inviting', 'visits']"
seemed,"['see', 'remedy', 'stamped']"
aware,"['awards', 'were', 'care']"
card,"['cards', 'care', 'postcard']"
remember,"['members', 'reminder', 'refer']"
choose,"['loose', 'school', 'course']"
lost,"['most', 'list', 'last']"
notes,"['note', 'notice', 'vote']"
photographs,[]
points,"['point', 'reprints', 'printers']"
writer,"['write', 'winter', 'written']"
books,"['look', 'boss', 'loose']"
returned,"['turn', 'features', 'credited']"
thoughts,"['thought', 'thoughtless', 'usaboutthought']"
prompt,"['program', 'product', 'problem']"
successful,[]
second,"['send', 'record', 'end']"
change,"['chance', 'having', 'hearing']"
event,"['recent', 'went', 'sent']"
opening,"['hoping', 'sending', 'morning']"
known,"['know', 'own', 'shown']"
inform,"['form', 'information', 'reinforce']"
purpose,"['proposed', 'response', 'purchase']"
former,"['form', 'order', 'inform']"
career,"['care', 'refer', 'carry']"
longer,"['lounge', 'wonder', 'one']"
intended,"['printed', 'need', 'interested']"
combine,"['come', 'choice', 'cabins']"
printers,"['printed', 'reprints', 'interest']"
modern,"['order', 'wondering', 'wonder']"
area,"['care', 're', 'aware']"
reached,"['teachers', 'received', 'receivedi']"
ultra,"['neutral', 'letteras', 'trial']"
vacation,"['action', 'evaluations', 'application']"
toll,"['tell', 'follow']"
pleasant,"['present', 'pleased', 'past']"
potential,"['essential', 'departmental', 'textile']"
boss,"['books', 'boats']"
having,"['hearing', 'thanking', 'things']"
misunderstandings,[]
detailed,"['detail', 'mailed', 'failed']"
material,"['materials', 'trial', 'mail']"
gets,"['get', 'suggests', 'pages']"
promised,"['proposed', 'purpose', 'provide']"
original,"['originality', 'oral', 'trial']"
occurred,['brochure']
failed,"['mailed', 'filled', 'file']"
submitted,"['omitted', 'settled', 'site']"
showed,"['show', 'shown', 'how']"
discussion,"['discuss', 'discussed', 'discount']"
yours,"['course', 'tour', 'courtesy']"
hoping,"['opening', 'going', 'doing']"
abilities,['familiarize']
lunch,"['lunches', 'such', 'touch']"
representative,"['presentation', 'restate', 'present']"
summary,"['summer', 'sum', 'say']"
shorter,"['other', 'order', 'writer']"
overall,"['oral', 'several', 'covers']"
ad,"['had', 'add', 'said']"
familiarize,['abilities']
color,[]
heard,"['hear', 'had', 'year']"
convention,"['conversation', 'mention', 'confirmation']"
summer,"['summary', 'sum', 'number']"
strong,"['trying', 'turn', 'tone']"
seat,"['set', 'sent', 'state']"
arranged,"['arrange', 'warranty', 'returned']"
tour,"['turn', 'yours', 'touch']"
reminding,"['remind', 'sending', 'reminder']"
proposed,"['purpose', 'promised', 'response']"
accomplished,"['complex', 'promised', 'complete']"
contacts,"['contact', 'contract', 'concerns']"
scheduled,"['schedule', 'settled', 'held']"
show,"['shown', 'how', 'showed']"
unique,"['inquire', 'banquet']"
contributed,"['confronted', 'credited', 'contract']"
demonstrate,"['restate', 'contract', 'state']"
awards,"['cards', 'aware', 'card']"
reminder,"['remind', 'reminderyou', 'reader']"
shown,"['show', 'own', 'how']"
enormous,[]
turn,"['tour', 'returned', 'trying']"
reprints,"['printers', 'report', 'points']"
suspect,"['aspect', 'expect', 'use']"
kept,"['keep', 'report', 'repeat']"
brochure,"['brochures', 'occurred']"
importance,['performance']
pick,"['price', 'packet']"
ones,"['one', 'tone', 'phone']"
left,"['let', 'letter']"
collect,"['college', 'complete', 'called']"
remind,"['reminder', 'reminding', 'mind']"
stamped,"['stopped', 'typed', 'state']"
settle,"['settled', 'state', 'set']"
sum,"['summer', 'résumé', 'summary']"
trade,"['tracer', 'reader', 'made']"
possibility,"['possible', 'originality']"
responds,"['response', 'responses', 'responded']"
spaces,"['sales', 'place', 'pages']"
calls,"['call', 'called', 'fall']"
neighbors,[]
advocate,"['vote', 'date', 'advance']"
clarify,"['carry', 'verify']"
options,"['position', 'things', 'points']"
running,"['morning', 'reminding', 'trying']"
earlier,"['writer', 'reader', 'career']"
verify,"['verified', 'university', 'clarify']"
unanswered,['answers']
departmental,"['potential', 'payment', 'payments']"
winter,"['writer', 'write', 'inthe']"
remedy,"['seemed', 'remind', 'agreed']"
goal,"['oral', 'go', 'social']"
adopt,['advocate']
wondering,"['wonder', 'considering', 'working']"
lines,"['outline', 'ones', 'minutes']"
advance,"['advocate', 'chance']"
introduce,"['product', 'invoice']"
pages,"['spaces', 'past', 'package']"
brochures,"['brochure', 'process']"
impressions,"['impression', 'expression', 'response']"
selling,"['telling', 'seeing', 'sending']"
hopes,"['hope', 'ones', 'home']"
specialist,"['special', 'social', 'aspect']"
fall,"['fill', 'call', 'fault']"
covers,"['concerns', 'foldovers', 'customers']"
articles,"['tickler', 'particular', 'services']"
tie,"['time', 'notice', 'tosider']"
suggests,"['suggest', 'gets', 'requests']"
omitted,"['submitted', 'promised', 'mailed']"
classified,['qualified']
answers,"['manners', 'unanswered', 'awards']"
encourages,"['courtesy', 'course']"
recommends,"['responds', 'second', 'remind']"
lobby,[]
reorganization,"['organization', 'explanation', 'presentation']"
originality,"['original', 'possibility']"
neutral,"['ultra', 'trial', 'extra']"
reserve,"['serve', 'service', 'receive']"
features,"['future', 'returned', 'pleasure']"
unacknowledged,"['acknowledge', 'acknowledgments', 'acknowledging']"
brings,"['trying', 'things', 'cabins']"
university,"['verify', 'oversights']"
stopped,"['stamped', 'typed', 'stops']"
swordswhen,[]
confronted,"['contributed', 'confirmation', 'discounted']"
halseywriting,"['writing', 'awaiting', 'housewarming']"
heels,"['help', 'held', 'weeks']"
graceful,[]
tying,"['trying', 'things', 'taking']"
loose,"['choose', 'lost', 'look']"
bulldog,['building']
tenacity,[]
charm,"['hear', 'care', 'card']"
achieve,['choice']
lunches,"['lunch', 'lines', 'lounge']"
standouts,[]
jump,[]
amplify,['imply']
attending,"['attention', 'sending', 'reminding']"
guest,"['get', 'suggest', 'request']"
supplemental,[]
revise,"['previous', 'visited', 'restate']"
verified,"['verify', 'visited', 'certificate']"
settled,"['settle', 'state', 'detailed']"
satisfactionhow,[]
boats,"['boss', 'contacts', 'notes']"
thoughtless,"['thoughts', 'thought']"
slim,['simple']
manners,"['answers', 'makes', 'materials']"
identifiable,"['misidentified', 'certificate', 'detailed']"
query,"['inquiry', 'buyer']"
tickler,"['articles', 'tracer', 'notice']"
awaiting,"['waiting', 'writing', 'halseywriting']"
oversights,"['visits', 'covers', 'university']"
interviewing,"['interview', 'inviting', 'evening']"
push,[]
restate,"['state', 'representative', 'demonstrate']"
were,"['week', 'wrote', 'write']"
disappointment,['appointment']
fails,"['failed', 'mail', 'fill']"
opened,"['one', 'end', 'stopped']"
misidentified,"['identifiable', 'mentioned', 'visited']"
emphasizing,"['emphasize', 'reminding']"
stops,"['stopped', 'hopes']"
booth,"['other', 'month', 'books']"
trial,"['material', 'materials', 'talk']"
aspect,"['suspect', 'set', 'expect']"
participants,"['particular', 'printers', 'articles']"
decisions,"['decision', 'discussion', 'impressions']"
inthe,"['winter', 'site', 'printed']"
gist,"['list', 'gift', 'visit']"
conferences,"['conference', 'references', 'confronted']"
senta,"['sent', 'set', 'essential']"
reminderyou,"['reminder', 'remind', 'reminding']"
aboutam,[]
thatappreciate,"['appreciate', 'appreciated', 'appreciation']"
inas,"['lines', 'is', 'ideas']"
thismorningas,"['morning', 'thinking', 'things']"
letteras,"['letters', 'letter', 'letterhead']"
yesterdaybeginning,['yesterday']
receivedi,"['received', 'receive', 'reserve']"
documentationi,"['mention', 'presentation', 'mentioned']"
tojog,[]
memoryjust,[]
youmake,"['make', 'makes', 'moldmaker']"
ofnow,"['know', 'known']"
con,"['second', 'own', 'one']"
tosider,"['order', 'considering', 'wonder']"
withsince,"['writing', 'waiting']"
usaboutthought,"['thought', 'thoughts']"
mindedsentencesafter,[]
textile,"['detailed', 'potential', 'settle']"
telephoned,"['telephone', 'phone', 'responded']"
discounted,"['discount', 'discussed', 'second']"
microwave,[]
questionnaire,"['question', 'requesting']"
teachers,"['tracer', 'reached', 'takes']"
lounge,"['longer', 'one', 'outline']"
enjoying,"['enclosing', 'sending', 'opening']"
media,['material']
buyer,"['year', 'busy', 'query']"
moldmaker,"['modern', 'youmake', 'make']"
paradise,"['merchandise', 'purchase', 'promised']"
cabins,"['brings', 'combine', 'certain']"
expanded,"['responded', 'intended']"
housewarming,"['hearing', 'halseywriting', 'considering']"
insure,"['sure', 'inquire', 'issues']"
tracer,"['trade', 'teachers', 'reader']"
oren,"['more', 're', 'order']"
cornelldate,['credited']
recess,"['process', 'requests', 'recent']"
safe,"['state', 'staff', 'sales']"
authored,['third']
