invitation,"['invitations', 'inviting', 'institution']"
accept,"['acceptable', 'acceptances', 'account']"
say,"['says', 'way', 'pay']"
reply,"['reap', 'employer', 'creep']"
person,"['persons', 'personal', 'personnel']"
happy,['happen']
write,"['written', 'writing', 'withage']"
other,"['others', 'ofthere', 'vote']"
letter,"['letters', 'better', 'newsletter']"
invitations,"['invitation', 'inviting', 'institution']"
see,"['seen', 'sheet', 'sense']"
have,"['gave', 'share', 'saved']"
offer,"['offered', 'offering', 'office']"
discuss,"['issues', 'dishes']"
questions,"['questionable', 'acquisitions', 'quotations']"
delighted,"['limited', 'established']"
thanks,"['thank', 'think', 'things']"
enclosed,"['enclose', 'envelope', 'loved']"
want,"['wants', 'went', 'woman']"
job,[]
do,"['done', 'does']"
time,"['dime', 'active']"
working,"['wording', 'work', 'writing']"
how,"['shows', 'ofhow', 'sow']"
acceptances,"['acceptable', 'accept']"
position,"['positive', 'petition', 'situation']"
use,"['used', 'rouse', 'purse']"
tell,"['toll', 'telling', 'spell']"
inviting,"['invitation', 'invitations', 'living']"
kind,"['kindness', 'signed', 'friend']"
asking,"['washing', 'ranking', 'raising']"
week,"['weak', 'weaker']"
call,"['calls', 'small', 'ofall']"
help,"['helps', 'helped', 'tohelping']"
come,"['comes', 'ofcome', 'become']"
writing,"['rising', 'written', 'working']"
sure,"['source', 'ensure', 'assure']"
requests,"['request', 'requires', 'questions']"
contribution,"['contributions', 'contributing', 'contributors']"
part,"['parts', 'parent', 'past']"
take,"['taken', 'sake', 'make']"
try,"['tary', 'story', 'entry']"
good,"['goodness', 'go']"
send,"['end', 'used', 'sent']"
brief,"['write', 'raise', 'drive']"
answer,"['easier', 'danger', 'cleaner']"
word,"['world', 'words', 'worded']"
state,"['strategy', 'statement', 'take']"
add,"['adds', 'odd', 'bad']"
personal,"['person', 'personnel', 'persons']"
mail,"['main', 'mailing', 'mailbox']"
respond,"['responding', 'response', 'reason']"
include,"['including', 'incidence']"
telephone,"['phone', 'tone']"
number,"['outnumber', 'member', 'members']"
large,"['are', 'age', 'target']"
check,"['checks', 'checking']"
ask,"['asked', 'has', 'asking']"
guidelines,"['lines', 'deadline']"
children,"['child', 'chairing', 'chair']"
thank,"['thanks', 'think', 'take']"
used,"['use', 'send', 'saved']"
letterhead,"['lettersdear', 'letter', 'letters']"
great,"['greater', 'rent', 'reap']"
appreciate,"['appreciated', 'appreciation', 'appropriate']"
office,"['offer', 'ofgive', 'ofcome']"
year,"['years', 'heart', 'clear']"
response,"['responses', 'respond', 'reason']"
next,"['annex', 'invest', 'expect']"
month,"['monthly', 'amount', 'point']"
work,"['works', 'word', 'working']"
much,['such']
looking,"['cooking', 'provoking', 'working']"
best,"['invest', 'budget', 'better']"
way,"['say', 'pay', 'day']"
decide,"['describe', 'divide', 'dime']"
request,"['requests', 'requires', 'resources']"
letters,"['letter', 'lettersdear', 'better']"
heart,"['year', 'part', 'healthy']"
place,"['placed', 'plan', 'page']"
contributions,"['contribution', 'contributors', 'contributing']"
express,"['expresses', 'expense', 'progress']"
amount,"['account', 'month', 'accountant']"
assistance,"['assistancegood', 'importance']"
needs,"['need', 'needbors', 'needed']"
tax,['fax']
deductible,"['deduction', 'describe', 'education']"
home,"['hope', 'come', 'phone']"
group,"['groups', 'vigorous', 'generous']"
future,"['futurespecial', 'picture', 'ofthere']"
action,"['donation', 'eradication', 'situation']"
events,"['recent', 'levels', 'achievements']"
stop,"['story', 'strong']"
better,"['letter', 'bettering', 'letters']"
possible,"['possibleon', 'possibleas', 'possibleyour']"
deal,"['dealt', 'dream', 'deadline']"
says,"['say', 'sales', 'system']"
make,"['take', 'sake', 'made']"
friends,"['friend', 'funds', 'series']"
go,"['good', 'goes', 'goal']"
more,"['order', 'money', 'major']"
mention,"['attention', 'recognition', 'petition']"
special,"['futurespecial', 'spell', 'specific']"
offered,"['offer', 'ofthere', 'offering']"
expresses,"['express', 'expense', 'responses']"
information,"['invitation', 'invitations', 'donation']"
phone,"['one', 'telephone', 'tone']"
day,"['today', 'way', 'say']"
sent,"['spent', 'set', 'went']"
case,"['cause', 'care', 'came']"
handwritten,"['written', 'handswithout', 'write']"
e,[]
words,"['word', 'world', 'works']"
vote,"['note', 'other', 'others']"
thoughtful,['thought']
join,"['forjoin', 'point', 'going']"
funding,"['fundraising', 'fund', 'running']"
generous,"['generosity', 'groups', 'serious']"
meet,"['sheet', 'select', 'recent']"
plan,"['plant', 'place', 'placed']"
support,"['short', 'report', 'supportingrising']"
room,"['roommate', 'ofcome', 'bottom']"
telling,"['tohelping', 'tell', 'feeling']"
night,"['neigh', 'might']"
become,"['come', 'welcome', 'comes']"
including,"['include', 'influencing', 'mailing']"
read,"['reader', 'reap', 'head']"
attention,"['mention', 'action', 'tuition']"
parents,"['parent', 'parts', 'apartment']"
it,"['bit', 'gift']"
society,"['source', 'set']"
suggested,"['suggest', 'used']"
new,"['one', 'few']"
education,"['deduction', 'eradication', 'reputation']"
strategies,"['strategy', 'state', 'rates']"
dynamic,[]
important,['importance']
community,"['country', 'committee', 'commitment']"
hours,"['hurts', 'occurs', 'course']"
last,"['vast', 'past', 'plant']"
understand,"['undercut', 'interested']"
benefits,"['benefit', 'banquets']"
minutes,"['lines', 'interest', 'interests']"
annual,"['unusual', 'factual']"
self,"['spell', 'unselfish', 'select']"
give,"['given', 'ofgive', 'givers']"
family,"['familiar', 'mail']"
suggest,"['suggested', 'urges', 'struggle']"
set,"['sent', 'spent', 'sheet']"
bit,"['it', 'benefit']"
thought,"['thoughtful', 'enough']"
students,"['sent', 'senators', 'study']"
refusals,"['requests', 'sales', 'rural']"
received,"['recognized', 'appreciated', 'preserve']"
know,['known']
order,"['worded', 'wonder', 'reader']"
acknowledgments,[]
message,['age']
contact,['accountant']
need,"['needs', 'needed', 'needbors']"
appropriate,"['appreciate', 'appreciated', 'approval']"
sales,"['smaller', 'sizable', 'says']"
gifts,"['gift', 'facts']"
manuscripts,['postscripts']
business,"['kindness', 'using', 'lines']"
made,"['make', 'reader', 'matter']"
gift,"['gifts', 'it']"
matter,"['waters', 'letter', 'better']"
note,"['vote', 'other', 'anecdotes']"
responses,"['response', 'respond', 'resources']"
serious,"['series', 'various', 'services']"
follow,"['allow', 'toll']"
written,"['write', 'handwritten', 'writing']"
necessary,['necessaryfundsit']
report,"['support', 'respond', 'efforts']"
evaluated,"['invaluable', 'manipulated']"
people,"['couple', 'open', 'hope']"
several,"['severe', 'overall', 'levels']"
different,"['difference', 'direct', 'offered']"
short,"['support', 'scholars', 'story']"
enough,"['encourage', 'encour', 'thought']"
passed,"['asked', 'wasted', 'placed']"
additional,"['eradication', 'emotional', 'deduction']"
dealt,"['deal', 'wealth', 'healthy']"
describe,"['decide', 'deductible', 'description']"
reader,"['readers', 'read', 'greater']"
appreciation,"['appreciate', 'appreciated', 'recreation']"
kindness,"['kind', 'goodness', 'business']"
statement,"['state', 'apartment', 'supplement']"
tone,"['one', 'done', 'phone']"
asked,"['ask', 'wasted', 'passed']"
issue,"['issues', 'assure', 'sure']"
provide,"['provides', 'provided', 'providing']"
unusual,"['unable', 'annual']"
went,"['want', 'sent', 'rent']"
one,"['tone', 'done', 'phone']"
offering,"['suffering', 'offer', 'working']"
behalf,"['liberal', 'self', 'deal']"
fax,['tax']
assure,"['sure', 'measure', 'issue']"
mailing,"['main', 'mail', 'raising']"
immediate,"['indicate', 'limited']"
interest,"['interests', 'interested', 'invest']"
organization,"['organizations', 'donation', 'recognition']"
form,"['forms', 'ofour', 'forcan']"
public,"['publicity', 'publicizing']"
many,"['main', 'woman', 'money']"
keep,['creep']
members,"['member', 'number', 'memory']"
appreciated,"['appreciate', 'appreciation', 'appropriate']"
recent,"['rent', 'urgent', 'parent']"
current,"['urgent', 'rent', 'recent']"
progress,"['program', 'express', 'provides']"
chance,"['change', 'canbe', 'cleaner']"
committee,"['commitment', 'community', 'come']"
needed,"['need', 'needs']"
bring,"['rising', 'breathing', 'bettering']"
today,"['day', 'tary', 'study']"
end,"['send', 'friend', 'expand']"
seen,"['see', 'sent', 'send']"
situation,"['institution', 'solicitation', 'tuition']"
means,"['meanings', 'measure', 'many']"
lettersdear,"['letters', 'letterhead', 'letter']"
others,"['other', 'ofthere', 'waters']"
staff,['state']
expect,"['expected', 'select', 'reflect']"
few,['new']
expense,"['extensive', 'expresses', 'express']"
key,['likely']
begin,"['begun', 'going', 'given']"
using,"['rising', 'asking', 'washing']"
old,"['world', 'odd']"
has,"['thanks', 'ask']"
done,"['one', 'tone', 'does']"
credit,"['credibility', 'reading', 'current']"
years,"['year', 'readers', 'easy']"
happen,"['happy', 'appeal', 'cheaper']"
doing,"['going', 'working', 'wording']"
past,"['vast', 'part', 'last']"
only,"['monthly', 'money']"
such,"['much', 'source']"
continue,"['continues', 'continued', 'contribute']"
believe,"['live', 'lives', 'lived']"
care,"['are', 'case', 'came']"
positive,"['position', 'productive', 'postage']"
indicate,"['invite', 'immediate', 'candidate']"
appeal,"['appeals', 'appears', 'approval']"
small,"['smaller', 'mail', 'call']"
return,"['retain', 'greater', 'rent']"
difference,"['different', 'directed', 'audience']"
free,"['fees', 'feel', 'feels']"
account,"['accountant', 'amount', 'country']"
appears,"['appeals', 'appeal', 'years']"
reputation,"['retain', 'education', 'recreation']"
powerful,"['colorful', 'lower']"
bad,"['bed', 'aid', 'add']"
works,"['work', 'words', 'working']"
continued,"['continue', 'continues', 'contribute']"
services,"['series', 'servicescall', 'prices']"
majority,"['major', 'charity']"
solution,"['pollution', 'situation', 'solicitation']"
memory,"['member', 'members', 'more']"
weak,"['weaker', 'week', 'wealth']"
things,"['think', 'tohelping', 'thanks']"
attitude,[]
specific,['special']
active,"['activities', 'archives', 'incentive']"
advantage,"['danger', 'average']"
pay,"['way', 'say', 'day']"
easier,"['weaker', 'reader', 'answer']"
strategy,"['strategies', 'state', 'illustrates']"
benefit,"['benefits', 'bit']"
allow,"['allowing', 'follow', 'allowable']"
point,"['painted', 'join', 'deposit']"
sense,"['see', 'ensure', 'sent']"
wording,"['working', 'word', 'writing']"
sheet,"['set', 'see', 'select']"
giving,"['living', 'going', 'given']"
hope,"['open', 'home', 'hospice']"
taken,"['take', 'sake', 'make']"
responding,"['resounding', 'respond', 'reading']"
young,"['counting', 'volun', 'using']"
reading,"['retain', 'breathing', 'read']"
issues,"['issue', 'dishes', 'assure']"
interested,"['interest', 'interests', 'directed']"
given,"['give', 'givenow', 'ofgive']"
page,"['age', 'postage', 'place']"
costs,"['consists', 'facts', 'comes']"
shows,"['sow', 'how', 'scholars']"
reason,"['respond', 'areas', 'response']"
share,"['shared', 'are', 'shamed']"
satisfaction,"['satisfying', 'situation', 'action']"
plant,"['plan', 'parent', 'want']"
checks,"['check', 'checking', 'richest']"
ensure,"['sure', 'measure', 'sense']"
gave,"['have', 'give', 'saved']"
personnel,"['personal', 'person', 'persons']"
bill,"['will', 'build', 'balls']"
limited,"['lived', 'delighted', 'invite']"
independent,['independence']
fact,"['facts', 'face', 'factual']"
cause,"['case', 'use', 'course']"
unable,"['enables', 'vulnerable', 'questionable']"
think,"['thank', 'things', 'thanks']"
going,"['growing', 'doing', 'giving']"
friend,"['friends', 'end', 'written']"
feel,"['feels', 'free', 'fees']"
college,"['challenges', 'couple']"
own,"['known', 'sow', 'one']"
consider,"['considera', 'ofconsider', 'wonder']"
like,"['likely', 'live', 'life']"
wonder,"['order', 'consider', 'worded']"
open,"['hope', 'spent', 'person']"
course,"['rouse', 'purse', 'hours']"
getting,"['bettering', 'petition', 'going']"
program,['progress']
financial,"['tofinancial', 'initial', 'factual']"
concerned,"['continued', 'offered']"
competition,"['petition', 'contribution', 'tuition']"
odd,"['worded', 'old', 'add']"
deadline,"['reading', 'guidelines', 'deal']"
available,"['invaluable', 'avail', 'allowable']"
came,"['come', 'case', 'care']"
confidence,"['confident', 'convince', 'convenience']"
sake,"['take', 'make', 'taken']"
wants,"['want', 'waters', 'went']"
found,"['fund', 'funds', 'funding']"
resources,"['source', 'responses', 'ensure']"
parent,"['parents', 'rent', 'part']"
teacher,"['other', 'typefaces', 'weaker']"
child,"['children', 'chair', 'build']"
protect,"['protecting', 'prospects', 'potential']"
money,"['one', 'tone', 'only']"
individuals,"['individual', 'initial']"
major,"['majority', 'more']"
raise,"['raising', 'grasped', 'case']"
management,"['statement', 'apartment']"
drive,"['divide', 'arrive', 'live']"
newsletter,"['letter', 'letters', 'better']"
readers,"['reader', 'read', 'greater']"
learning,"['cleaning', 'meanings', 'sharing']"
activities,"['active', 'capacities', 'archives']"
less,"['sales', 'lives', 'lines']"
representatives,['preserve']
effective,"['affected', 'active', 'subjective']"
life,"['live', 'like', 'lives']"
feeling,"['feel', 'telling', 'offering']"
age,"['page', 'large', 'angle']"
live,"['lives', 'lived', 'like']"
shared,"['share', 'shamed', 'saved']"
loved,"['lived', 'live', 'provided']"
couple,"['people', 'course', 'college']"
productive,"['positive', 'active', 'subjective']"
member,"['members', 'number', 'memory']"
envelope,"['developed', 'development', 'enclose']"
postage,"['page', 'state', 'positive']"
dollar,"['dollars', 'toll']"
individual,"['individuals', 'initial', 'divide']"
books,"['works', 'doors']"
established,"['establish', 'disabled', 'questionable']"
paid,"['aid', 'painted', 'placed']"
lived,"['live', 'loved', 'lives']"
cleaning,"['learning', 'canin', 'meanings']"
healthy,"['wealth', 'heart', 'dealt']"
success,"['successful', 'resources', 'source']"
successful,['success']
comfort,"['ofour', 'colors']"
change,"['chance', 'challenges', 'canbe']"
known,"['know', 'own']"
living,"['giving', 'inviting', 'rising']"
facts,"['fact', 'faces', 'factual']"
woman,"['want', 'many', 'main']"
achievements,"['archives', 'events', 'development']"
are,"['care', 'share', 'large']"
lower,"['wildflowers', 'powerful', 'employer']"
prices,"['richest', 'services', 'provides']"
raising,"['rising', 'training', 'fundraising']"
rent,"['urgent', 'recent', 'parent']"
purpose,"['purse', 'rouse', 'response']"
description,"['deduction', 'decisions', 'recreation']"
welcome,"['become', 'come', 'comes']"
forms,"['form', 'efforts', 'works']"
identify,['entry']
acquisitions,"['questions', 'decisions', 'action']"
bottom,['room']
inks,"['think', 'lines', 'things']"
development,"['developmental', 'developed', 'envelope']"
world,"['word', 'words', 'old']"
toll,"['tell', 'ofall', 'tolerable']"
emphasis,['emphasizing']
monthly,"['month', 'only', 'money']"
sign,"['signed', 'using', 'vision']"
greater,"['great', 'reader', 'readers']"
bulk,['build']
easy,"['years', 'means', 'areas']"
direct,"['directed', 'tiondirect', 'recent']"
bond,"['found', 'wonder']"
potential,"['political', 'protecting', 'special']"
legislature,"['legislator', 'legislators', 'legislation']"
fees,"['feels', 'free', 'feel']"
face,"['faces', 'fact', 'place']"
parts,"['part', 'arts', 'parents']"
hurts,"['hours', 'arts', 'hundreds']"
likely,"['like', 'key', 'liberal']"
higher,[]
requires,"['request', 'requests', 'urges']"
persuasive,"['persuasion', 'impressive', 'easier']"
dream,"['reap', 'read', 'deal']"
placed,"['place', 'passed', 'painted']"
expected,"['expect', 'expense', 'appreciated']"
familiar,['family']
prefer,"['preserve', 'reader', 'reflect']"
employer,"['reply', 'lower']"
skills,"['will', 'bill']"
library,['liberal']
candidate,"['indicate', 'manipulated', 'handwritten']"
goals,"['goal', 'goes', 'sales']"
head,"['read', 'thereand', 'heart']"
invite,"['inviting', 'indicate', 'invest']"
comes,"['come', 'ofcome', 'become']"
organizations,"['organization', 'recognition', 'eradication']"
overall,"['several', 'ofall', 'tolerable']"
checking,"['check', 'checks', 'cooking']"
gimmicks,[]
confident,"['confidence', 'consider', 'considera']"
verbs,"['givers', 'years', 'lives']"
generic,"['generosity', 'generous', 'center']"
seconds,"['send', 'sense', 'decisions']"
clear,"['cleaner', 'year', 'cheaper']"
picture,"['purse', 'prices', 'future']"
study,"['students', 'today', 'story']"
extensive,['expense']
administrative,[]
levels,"['lives', 'feels', 'events']"
strong,"['strongest', 'sharing', 'growing']"
hundreds,"['hundredfold', 'urges', 'needs']"
convenience,"['convince', 'confidence', 'violence']"
areas,"['are', 'reason', 'areplease']"
accomplished,['established']
enclose,"['enclosed', 'envelope', 'encourage']"
unique,[]
disabilities,"['disability', 'disabled', 'activities']"
recognition,"['organization', 'contribution', 'appreciation']"
generosity,"['generous', 'generic']"
system,['says']
average,"['large', 'encourage', 'advantage']"
figures,"['urges', 'issues', 'future']"
maximum,['minimum']
feels,"['fees', 'feel', 'levels']"
reflect,"['select', 'effective', 'recent']"
groups,"['group', 'rouse', 'vigorous']"
acceptable,"['acceptances', 'accept', 'charitable']"
donated,"['done', 'donation', 'fortunate']"
interests,"['interest', 'interested', 'invest']"
scholarships,['scholars']
efforts,"['forms', 'effortscounting', 'report']"
volunteers,"['volun', 'others']"
brochure,['rouse']
vulnerable,"['unable', 'tolerable', 'available']"
begun,['begin']
importance,"['important', 'assistance']"
main,"['many', 'mail', 'mailing']"
does,"['goes', 'done', 'doors']"
mission,"['vision', 'decisions', 'rising']"
signed,"['sign', 'painted', 'used']"
donation,"['action', 'education', 'organization']"
fundraising,"['raising', 'funding', 'underlining']"
matched,"['wasted', 'placed', 'matter']"
series,"['services', 'serious', 'servicescall']"
affected,"['effective', 'offered', 'appreciated']"
encourage,"['encour', 'ensure', 'enough']"
urgent,"['rent', 'urgency', 'current']"
divide,"['vivid', 'drive', 'invite']"
providing,"['provoking', 'improving', 'provide']"
histories,"['series', 'strategies', 'legislators']"
establish,"['established', 'enables']"
satisfying,"['satisfaction', 'raising', 'vanishing']"
protecting,"['protect', 'pressing', 'appreciation']"
rates,"['waters', 'strategies', 'greater']"
calls,"['call', 'balls', 'challenges']"
apartment,"['parent', 'parents', 'management']"
country,"['community', 'account', 'entry']"
approval,"['appeal', 'appeals', 'appropriate']"
spell,"['tell', 'special', 'self']"
neighbors,"['neigh', 'needbors']"
factual,"['fact', 'facts', 'financial']"
subjective,"['effective', 'active', 'productive']"
emotional,"['testimonials', 'questionable', 'additional']"
lawmakers,"['weaker', 'waters', 'make']"
legislation,"['legislator', 'legislators', 'legislature']"
running,"['ranking', 'funding', 'resounding']"
initial,"['individual', 'inviting', 'individuals']"
smaller,"['small', 'sales', 'matter']"
spent,"['sent', 'set', 'parent']"
adds,['add']
consists,"['costs', 'consider']"
goal,"['goals', 'ofall', 'go']"
disability,"['disabilities', 'credibility', 'disabled']"
impressive,"['persuasive', 'pressing', 'preserve']"
vigorous,"['groups', 'various', 'generous']"
inspiring,"['inviting', 'springing', 'improving']"
campaign,['main']
growing,"['going', 'doing', 'bring']"
deposit,"['positive', 'position', 'point']"
lines,"['lives', 'invest', 'minutes']"
funds,"['fund', 'found', 'funding']"
fund,"['funds', 'found', 'funding']"
charitable,"['charity', 'available', 'acceptable']"
faces,"['face', 'facts', 'typefaces']"
contribute,"['contributors', 'contribution', 'contributing']"
provides,"['provide', 'provided', 'prices']"
arrive,"['drive', 'archives', 'are']"
hundredfold,['hundreds']
budget,"['urgent', 'suggest', 'best']"
will,"['bill', 'skills']"
provided,"['provide', 'provides', 'improved']"
various,"['serious', 'vigorous', 'rouse']"
institutional,"['institution', 'situation', 'initial']"
institution,"['institutional', 'situation', 'invitation']"
allowing,"['allow', 'telling', 'mailing']"
statistics,"['satisfaction', 'strategies', 'satisfying']"
quotations,"['questions', 'reputation', 'invitations']"
accountant,"['account', 'accountability', 'contact']"
shamed,"['shared', 'share', 'saved']"
convince,"['convenience', 'confidence', 'continue']"
sharing,"['chairing', 'harassing', 'washing']"
training,"['ranking', 'raising', 'rising']"
chair,"['chairing', 'air', 'cheaper']"
story,"['try', 'tary', 'stop']"
legislators,"['legislator', 'legislature', 'legislation']"
petition,"['competition', 'tuition', 'position']"
liberal,"['library', 'tolerable', 'likely']"
political,"['potential', 'initial', 'periodicals']"
physical,[]
publicity,"['public', 'publicizing']"
build,"['bulk', 'bill', 'child']"
givers,"['give', 'verbs', 'lives']"
urges,"['urgent', 'urgency', 'sure']"
congressional,[]
severe,"['several', 'series', 'see']"
disabled,"['disabilities', 'sizable', 'disability']"
helps,"['help', 'helped', 'feels']"
organized,"['recognized', 'organization', 'organizations']"
mailbox,['mail']
underlining,"['fundraising', 'running', 'funding']"
anecdotes,"['note', 'does']"
entry,"['try', 'center', 'went']"
richest,"['prices', 'services', 'archives']"
measure,"['ensure', 'assure', 'sure']"
questionable,"['questions', 'unable', 'testimonials']"
saved,"['shared', 'shamed', 'used']"
lives,"['live', 'lived', 'lines']"
strongest,"['strong', 'target', 'strategies']"
colorful,"['colors', 'powerful']"
participated,"['participate', 'appreciated', 'appreciate']"
wasted,"['asked', 'waters', 'passed']"
counting,"['continue', 'continues', 'continued']"
goes,"['does', 'urges', 'goodness']"
minimum,['maximum']
colors,"['doors', 'scholars', 'colorful']"
possibleas,"['possible', 'possibleon', 'possibleyour']"
interviewing,"['inviting', 'interrupting', 'underlining']"
emphasizing,"['emphasis', 'moralizing', 'mailing']"
decisions,"['vision', 'questions', 'deduction']"
contributing,"['contribution', 'contributions', 'contribute']"
lobbying,"['looking', 'allowing', 'going']"
appeals,"['appeal', 'appears', 'areas']"
dollars,"['dollar', 'scholars', 'doors']"
compelling,"['telling', 'competition', 'tohelping']"
testimonials,"['questions', 'questionable', 'periodicals']"
credibility,"['disability', 'credit', 'disabilities']"
contributors,"['contributions', 'contribution', 'contribute']"
bed,"['end', 'bad']"
hungry,"['laundry', 'country']"
disease,"['dishes', 'sense', 'issue']"
percentage,"['recent', 'parent', 'center']"
aid,"['paid', 'bad', 'air']"
goodness,"['good', 'goes', 'kindness']"
preserve,"['prefer', 'impressive', 'services']"
helped,"['help', 'helps', 'developed']"
rising,"['raising', 'writing', 'using']"
tuition,"['petition', 'situation', 'solution']"
taxpayer,[]
developmental,"['development', 'developed', 'envelope']"
independence,"['independent', 'incidence', 'convenience']"
thereand,"['read', 'ofthere', 'letterhead']"
mosbacherintense,[]
pack,"['place', 'placed']"
persuasion,"['persuasive', 'person', 'persons']"
outnumber,['number']
setyourletter,"['letter', 'newsletter', 'letters']"
grasped,"['raise', 'asked', 'wasted']"
provoking,"['providing', 'improving', 'looking']"
metaphors,[]
worded,"['word', 'world', 'words']"
purse,"['purpose', 'use', 'course']"
balls,"['calls', 'call', 'bill']"
banquets,"['requests', 'wants', 'becausethose']"
retain,"['reading', 'reputation', 'return']"
alleviation,"['legislation', 'appreciation', 'invitation']"
suffering,"['offering', 'sharing', 'feeling']"
improving,"['provoking', 'providing', 'improved']"
bettering,"['better', 'getting', 'bring']"
prospects,"['protect', 'protecting', 'purpose']"
deduction,"['education', 'deductible', 'eradication']"
select,"['reflect', 'sheet', 'set']"
resulting,"['resounding', 'pressing', 'existing']"
surplus,[]
ranking,"['training', 'asking', 'working']"
postscript,['postscripts']
interrupting,"['interviewing', 'contributing', 'inviting']"
sequence,"['seen', 'evidence', 'audience']"
harassing,"['sharing', 'raising', 'pressing']"
moralizing,"['raising', 'mailing', 'training']"
creep,"['reap', 'keep', 'free']"
manipulated,"['participated', 'evaluated', 'candidate']"
springing,"['supportingrising', 'inspiring', 'sharing']"
impulses,['purse']
clichés,[]
distinguish,"['existing', 'decisions']"
worthwhile,[]
typefaces,"['faces', 'teacher', 'face']"
capitalization,"['competition', 'alleviation', 'petition']"
layouts,['amount']
undercut,['understand']
incentive,"['incidence', 'center', 'active']"
improved,"['provided', 'improving', 'provide']"
evidence,"['violence', 'incidence', 'confidence']"
urgency,"['urgent', 'urges']"
givenow,"['given', 'give', 'ofgive']"
author,[]
ofhow,"['how', 'shows', 'ofour']"
occurs,"['hours', 'course']"
vivid,"['divide', 'lived']"
nourished,"['course', 'used']"
center,"['cleaner', 'entry', 'recent']"
eradication,"['education', 'action', 'organization']"
painted,"['paid', 'point', 'plant']"
vision,"['mission', 'vanishing', 'rising']"
legislator,"['legislators', 'legislature', 'legislation']"
participate,"['participated', 'appreciate', 'appreciated']"
accountability,"['accountant', 'account', 'community']"
postscripts,"['postscript', 'manuscripts']"
weaker,"['weak', 'waters', 'reader']"
angle,"['age', 'danger', 'change']"
rouse,"['use', 'groups', 'course']"
might,"['night', 'neigh']"
allowable,"['allow', 'available', 'invaluable']"
meanings,"['means', 'learning', 'cleaning']"
vast,"['past', 'last', 'wasted']"
sums,['issues']
audience,"['difference', 'violence', 'sequence']"
target,"['large', 'urgent', 'strongest']"
solicitation,"['situation', 'invitation', 'solution']"
directed,"['direct', 'tiondirect', 'interested']"
handedparticipatepartnershippatronagehow,[]
encour,"['encourage', 'ensure', 'enough']"
acquaint,"['account', 'canin', 'acquisitions']"
withage,"['write', 'target', 'change']"
ofall,"['toll', 'overall', 'goal']"
canbe,"['change', 'chance', 'cleaner']"
tobroad,['bad']
servicescall,"['services', 'series', 'several']"
forcan,"['forcesmake', 'forjoin', 'forable']"
needofchampion,['education']
ofcome,"['come', 'comes', 'office']"
ofconsider,"['consider', 'considera', 'confident']"
carefullycontinue,"['continue', 'continues', 'continued']"
effortscounting,"['counting', 'resounding', 'efforts']"
contributiondeserves,"['contributions', 'contributors', 'contribution']"
considera,"['consider', 'ofconsider', 'wonder']"
tiondirect,"['direct', 'indicate', 'directed']"
tofinancial,['financial']
ofgive,"['give', 'given', 'office']"
assistancegood,['assistance']
angelhave,"['angle', 'have', 'gave']"
tohelping,"['telling', 'things', 'compelling']"
canin,"['cleaning', 'ranking', 'main']"
necessaryfundsit,['necessary']
forjoin,"['join', 'friend', 'forcan']"
forcesmake,['forcan']
possibleon,"['possible', 'possibleyour', 'possibleas']"
ofour,"['form', 'comfort', 'ofhow']"
areplease,"['areas', 'expense', 'appears']"
neigh,"['night', 'neighbors', 'might']"
pressing,"['rising', 'resulting', 'harassing']"
needbors,"['needs', 'neighbors', 'need']"
supportingrising,"['springing', 'support']"
costsshaping,"['sharing', 'counting', 'chairing']"
futurespecial,"['special', 'future']"
needstruggling,['struggle']
worldwide,"['world', 'worded', 'worthwhile']"
ofthere,"['other', 'others', 'offered']"
avail,"['available', 'mail', 'approval']"
forable,"['tolerable', 'fortunate', 'allowable']"
becausethose,['banquets']
fortunate,"['forable', 'donated']"
towelfare,[]
handswithout,['handwritten']
contributionworking,"['contribution', 'contributing', 'contributions']"
canyour,"['encour', 'course']"
enableyour,"['enables', 'possibleyour', 'unable']"
possibleyour,"['possibleon', 'possible', 'possibleas']"
unselfish,['self']
giftsentencesalmost,[]
annex,"['next', 'canin', 'canbe']"
tragic,['strategies']
troubled,"['struggle', 'rouse']"
incidence,"['confidence', 'evidence', 'independence']"
violence,"['evidence', 'convince', 'audience']"
continues,"['continue', 'continued', 'contribute']"
fierce,"['office', 'difference', 'confidence']"
illustrates,"['strategies', 'strategy', 'state']"
heroism,"['series', 'others']"
scholars,"['scholarships', 'colors', 'dollars']"
arts,"['parts', 'part', 'parents']"
dime,"['time', 'drive', 'divide']"
doors,"['colors', 'dollars', 'does']"
crisis,"['rising', 'decisions', 'raising']"
crossroads,[]
sustain,"['using', 'solution', 'resulting']"
hospice,"['hope', 'prices', 'office']"
invest,"['lives', 'lines', 'interest']"
expand,"['end', 'respond', 'painted']"
waters,"['wants', 'rates', 'weaker']"
existing,"['rising', 'resulting', 'writing']"
archives,"['arrive', 'active', 'achievements']"
supplement,"['spent', 'statement']"
periodicals,"['personal', 'testimonials', 'political']"
recognized,"['recognizes', 'organized', 'recognition']"
paragraphsmany,[]
alumni,[]
wealth,"['healthy', 'dealt', 'went']"
senators,"['sent', 'legislators', 'students']"
publicizing,"['public', 'publicity']"
breathing,"['reading', 'bring', 'things']"
cleaner,"['clear', 'center', 'cheaper']"
air,"['chair', 'easier', 'are']"
tolerable,"['forable', 'vulnerable', 'overall']"
pollution,"['solution', 'position', 'reputation']"
rural,"['refusals', 'urban']"
urban,['rural']
influencing,"['including', 'funding', 'learning']"
challenges,"['change', 'college', 'calls']"
source,"['sure', 'resources', 'ensure']"
volun,"['volunteers', 'violence', 'solution']"
tary,"['try', 'today', 'story']"
vanishing,"['washing', 'raising', 'vision']"
wildflowers,['lower']
sizable,"['sales', 'possible', 'disabled']"
ward,"['word', 'world', 'words']"
recognizes,"['recognized', 'recognition', 'responses']"
invaluable,"['available', 'evaluated', 'allowable']"
capacities,"['activities', 'active', 'appreciate']"
chairing,"['sharing', 'chair', 'change']"
commitment,"['committee', 'confident', 'community']"
involve,"['invite', 'invest']"
charity,"['charitable', 'majority', 'heart']"
witnessed,"['interested', 'need']"
reap,"['read', 'reply', 'great']"
sow,"['shows', 'own', 'how']"
struggle,"['suggest', 'needstruggling', 'troubled']"
cheaper,"['cleaner', 'heart', 'clear']"
resounding,"['responding', 'resulting', 'running']"
laundry,['hungry']
cooking,"['looking', 'provoking', 'working']"
recreation,"['education', 'appreciation', 'reputation']"
buddy,"['study', 'build']"
washing,"['asking', 'vanishing', 'sharing']"
dishes,"['disease', 'issues', 'richest']"
roommate,"['room', 'rates']"
developed,"['envelope', 'development', 'developmental']"
danger,"['angle', 'change', 'answer']"
enables,"['unable', 'enableyour', 'sales']"
persons,"['person', 'personal', 'personnel']"
