invitation,"['situation', 'organization', 'stationery']"
say,"['way', 'day']"
pleasure,"['pleased', 'ensure', 'measurable']"
person,"['personnel', 'season', 'reason']"
happy,[]
write,"['written', 'handwritten', 'favorite']"
pleased,"['pleasure', 'nextpleased', 'pleasant']"
other,"['note', 'worth', 'order']"
letter,"['letters', 'let', 'cleaner']"
first,"['firm', 'officers', 'interest']"
see,"['use', 'serves', 'series']"
have,"['save', 'rave', 'share']"
company,"['many', 'copy', 'accompanied']"
questions,"['questionnaire', 'dimensions', 'reasons']"
able,"['sale', 'value', 'sales']"
look,"['withlook', 'floor']"
delighted,"['delight', 'delicate', 'decided']"
thanks,"['thank', 'thanked', 'think']"
enclosed,"['enclosing', 'enjoyed']"
want,"['went', 'forwanted']"
meeting,"['greetings', 'mention', 'keeping']"
time,"['times', 'tile', 'tiles']"
let,"['letter', 'length', 'mindlet']"
use,"['used', 'house', 'see']"
informal,['form']
asking,"['taking', 'raising', 'passing']"
contract,"['contact', 'congratulate']"
help,['helpful']
come,"['become', 'welcome', 'customer']"
take,"['make', 'thanked', 'thank']"
good,['goodwill']
send,"['end', 'used', 'sending']"
brief,"['write', 'price', 'bring']"
state,"['statement', 'take', 'stationery']"
mail,"['main', 'mailing', 'small']"
include,"['including', 'dilute']"
number,[]
stationery,"['situation', 'state', 'reputation']"
thank,"['thanks', 'thanked', 'think']"
used,"['use', 'send', 'house']"
great,"['grateful', 'ready']"
appreciate,"['appreciative', 'appreciation', 'appropriate']"
office,"['officers', 'offers', 'notice']"
year,"['years', 'heard', 'reader']"
next,[]
work,"['worth', 'craftwork']"
much,['touch']
best,['budget']
mind,"['main', 'mindlet', 'kinds']"
way,"['say', 'day']"
letters,"['letter', 'leaves', 'let']"
offers,"['officers', 'office']"
assistance,[]
future,['free']
events,"['serves', 'leaves', 'went']"
stop,"['store', 'strong']"
tips,"['times', 'tiles']"
possible,['responsible']
late,"['state', 'delicate', 'relatives']"
make,"['makes', 'take', 'asked']"
friends,"['friendly', 'friendliness', 'kinds']"
mention,"['meeting', 'dimensions', 'recommendation']"
mandatory,"['many', 'grandfather']"
special,"['terial', 'appeal']"
congratulatory,"['congratulate', 'congratulations']"
complimentary,"['complete', 'comments', 'company']"
goodwill,['good']
example,"['sample', 'samples', 'employee']"
general,"['referral', 'generous', 'terial']"
day,"['today', 'way', 'say']"
case,"['purchase', 'based', 'asked']"
party,"['past', 'paper']"
handwritten,"['written', 'handling', 'write']"
generous,['general']
enclosing,"['enjoying', 'enclosed', 'choosing']"
complete,"['competence', 'complimentary', 'come']"
become,"['come', 'welcome', 'been']"
record,['card']
player,"['paper', 'payment', 'cleaner']"
including,"['include', 'enclosing', 'sending']"
rooms,[]
fiftieth,[]
anniversary,['anniversaries']
it,['gift']
new,"['news', 'few']"
wishes,['wish']
enjoyed,"['enjoy', 'enjoyment', 'enjoying']"
important,"['impact', 'opportunity']"
give,[]
thought,"['thorough', 'bought', 'touch']"
favorite,"['favor', 'appropriate', 'write']"
enjoy,"['enjoyed', 'enjoying', 'enjoyment']"
know,['knowkeep']
weeks,[]
order,"['ordered', 'ordering', 'reader']"
message,['missed']
contact,['contract']
appropriate,"['appreciate', 'appreciative', 'marriage']"
sales,"['sale', 'samples', 'sample']"
payment,"['spent', 'ornament', 'statement']"
gifts,['gift']
previous,"['products', 'proud']"
business,['sizes']
gift,"['gifts', 'it']"
birthday,['today']
congratulations,"['congratulatory', 'congratulate']"
note,"['notes', 'notice', 'noticed']"
merchandise,"['purchase', 'handsome', 'purchases']"
address,['admire']
follow,[]
written,"['write', 'handwritten']"
people,"['example', 'open', 'hope']"
routine,"['hotline', 'continue', 'continued']"
samples,"['sample', 'sales', 'sale']"
process,"['prices', 'procedures', 'products']"
enough,"['length', 'encourage', 'bought']"
serves,"['services', 'series', 'surveys']"
greetings,"['meeting', 'getting', 'feelings']"
announcements,"['ornaments', 'management']"
occasion,[]
reader,"['ready', 'order', 'premier']"
appreciation,"['appreciative', 'appreciate', 'reputation']"
statement,"['state', 'retirement', 'management']"
tone,"['store', 'strong']"
asked,"['based', 'used', 'thanked']"
touch,"['thought', 'much', 'thorough']"
went,"['want', 'spent', 'length']"
sending,"['send', 'selling', 'handling']"
customers,"['customer', 'customary', 'come']"
behalf,[]
length,"['let', 'enough', 'went']"
price,"['prices', 'service', 'process']"
most,"['lost', 'months']"
mailing,"['main', 'mail', 'waiting']"
interest,"['interests', 'interested', 'integrity']"
organization,[]
form,"['firm', 'informal', 'floor']"
many,"['main', 'company', 'mandatory']"
keep,"['deep', 'keeping', 'knowkeep']"
memo,[]
taking,"['thanking', 'asking', 'thinking']"
concerns,"['coverings', 'conveys', 'officers']"
catalog,[]
current,"['credit', 'carpet', 'burden']"
attitudes,['gratitude']
installed,"['interested', 'invited', 'sale']"
value,"['sale', 'able', 'sales']"
customer,"['customers', 'customary', 'come']"
had,"['heard', 'has', 'thanked']"
chance,"['change', 'choice', 'charge']"
thinking,"['thanking', 'think', 'taking']"
bring,"['raising', 'growing', 'billing']"
today,"['day', 'holiday', 'holidays']"
billing,"['selling', 'mailing', 'calling']"
glad,[]
end,"['send', 'expand', 'sending']"
employee,"['employees', 'example', 'complete']"
store,"['storewide', 'tone', 'stop']"
situation,"['stationery', 'invitation', 'reputation']"
sample,"['samples', 'sale', 'example']"
paper,"['player', 'party']"
few,['new']
responsible,"['possible', 'reasons']"
key,[]
wonderful,[]
officers,"['office', 'offers', 'policies']"
products,"['product', 'profits', 'process']"
has,"['thanks', 'had']"
product,"['products', 'proud', 'introduce']"
quality,[]
credit,"['carpet', 'current', 'carpets']"
years,"['year', 'easy', 'leaps']"
doing,"['going', 'sending', 'growing']"
past,"['pass', 'pleasant', 'party']"
opportunity,['important']
continue,"['continued', 'routine', 'hotline']"
high,['higher']
leaves,"['leaps', 'serves', 'relatives']"
appeal,"['appreciate', 'special']"
notice,"['noticed', 'note', 'notes']"
small,"['sell', 'sale', 'mail']"
ordered,"['order', 'ordering', 'reader']"
free,"['reader', 'future']"
months,['most']
account,['discounts']
reputation,"['appreciation', 'situation', 'reason']"
handling,"['thanking', 'sending', 'mailing']"
keeping,"['keep', 'meeting', 'feelings']"
sell,"['selling', 'small']"
choice,"['office', 'notice', 'chance']"
continued,"['continue', 'routine', 'noticed']"
loyalty,[]
services,"['service', 'serves', 'series']"
passing,"['asking', 'pass', 'raising']"
focus,['house']
employees,"['employee', 'samples', 'example']"
wish,['wishes']
makes,"['make', 'take', 'times']"
favor,"['favorite', 'form', 'floor']"
friendly,"['friends', 'friendliness', 'ready']"
advantage,[]
certificate,"['certificates', 'delicate', 'celebrate']"
excellent,['collect']
purchase,"['purchases', 'case', 'merchandise']"
firm,"['form', 'first']"
typed,['type']
copy,['company']
hope,"['open', 'house', 'houses']"
calling,"['selling', 'mailing', 'camping']"
interested,"['interest', 'interests', 'integrity']"
type,['typed']
charge,"['change', 'share', 'chance']"
shows,"['show', 'toshow', 'house']"
reason,"['reasons', 'season', 'person']"
share,"['charge', 'save', 'sale']"
checks,[]
procedures,"['process', 'properties', 'products']"
ensure,"['pleasure', 'survey', 'encourage']"
line,"['like', 'life', 'fine']"
personnel,['person']
times,"['time', 'tiles', 'tips']"
deep,"['keep', 'develop']"
think,"['thank', 'thinking', 'thanks']"
opinion,[]
grateful,"['faithful', 'great', 'congratulate']"
going,"['growing', 'doing', 'getting']"
noticed,"['notice', 'note', 'notes']"
like,"['iflike', 'line', 'life']"
open,"['hope', 'spent', 'person']"
getting,"['greetings', 'meeting', 'going']"
helpful,['help']
kinds,"['mind', 'friends']"
thanking,"['thinking', 'taking', 'thank']"
gratitude,['attitudes']
recipient,['retirement']
morale,"['measurable', 'sale', 'rave']"
management,"['ornament', 'statement', 'ornaments']"
comments,"['ornaments', 'complimentary', 'come']"
waiting,"['raising', 'mailing', 'carpeting']"
service,"['services', 'serves', 'series']"
choosing,"['enclosing', 'going', 'doing']"
effective,"['executive', 'effusive']"
proud,"['product', 'products', 'previous']"
admire,['address']
life,"['line', 'like', 'iflike']"
based,"['asked', 'used', 'send']"
house,"['houses', 'use', 'used']"
reasons,"['reason', 'season', 'responsible']"
decided,['delighted']
anniversaries,['anniversary']
celebrate,"['celebrating', 'cleaner', 'late']"
card,"['heard', 'board', 'record']"
remember,['premier']
marriage,['appropriate']
lost,['most']
congratulate,"['congratulatory', 'congratulations', 'contact']"
notes,"['note', 'notice', 'noticed']"
delight,"['delighted', 'delicate']"
news,"['new', 'notes']"
celebrating,"['celebrate', 'cleaning', 'meeting']"
postage,['state']
colleagues,"['leaves', 'collecting']"
relatives,"['leaves', 'appreciative', 'properties']"
board,"['card', 'order', 'heard']"
premier,"['remember', 'price', 'reader']"
competence,['complete']
paid,['expand']
cleaning,"['planning', 'celebrating', 'sending']"
healthy,[]
success,['successful']
successful,['success']
photograph,[]
change,"['charge', 'chance', 'thanked']"
policies,"['prices', 'process', 'officers']"
prices,"['price', 'process', 'services']"
raising,"['asking', 'waiting', 'passing']"
executive,['effective']
retirement,"['statement', 'recipient']"
welcome,"['become', 'come']"
article,"['tile', 'tiles', 'price']"
husband,['had']
purchases,"['purchase', 'prices', 'process']"
savings,"['coverings', 'taking', 'asking']"
easy,"['years', 'ready', 'leaps']"
pleasant,"['pleased', 'past', 'pleasure']"
higher,['high']
pass,"['past', 'passing', 'purchases']"
fine,"['line', 'office']"
bought,"['thought', 'enough', 'budget']"
save,"['sale', 'rave', 'have']"
cover,"['coverings', 'discovered', 'conveys']"
accompanied,"['company', 'continued']"
aspects,"['carpets', 'spent', 'carpet']"
spot,['spent']
color,"['floor', 'cover']"
heard,"['had', 'year', 'hearhow']"
team,['terial']
genuine,['ensure']
strong,"['growing', 'tone', 'stop']"
thorough,"['thought', 'touch']"
invited,"['invites', 'installed']"
show,"['shows', 'toshow']"
longtime,"['time', 'continue', 'times']"
appreciative,"['appreciate', 'appreciation', 'appropriate']"
impact,['past']
acceptable,['returnable']
interests,"['interest', 'interested', 'integrity']"
worth,"['work', 'write', 'other']"
been,"['events', 'burden', 'become']"
floor,"['look', 'form', 'favor']"
feelings,"['greetings', 'selling', 'meeting']"
main,"['mind', 'many', 'mail']"
tomorrow,[]
effusive,['effective']
holiday,"['holidays', 'today', 'day']"
series,"['services', 'serves', 'service']"
collect,"['collecting', 'complete', 'excellent']"
encourage,"['ensure', 'enough']"
ready,"['reader', 'easy', 'friendly']"
missed,"['message', 'used', 'send']"
collecting,"['collect', 'calling', 'cleaning']"
sale,"['sales', 'sample', 'save']"
ordering,"['order', 'referring', 'coverings']"
buy,[]
profits,"['products', 'prices']"
integrity,"['interest', 'interests', 'intensify']"
spent,"['went', 'spot', 'send']"
carpet,"['carpets', 'carpeting', 'credit']"
warmest,['carpet']
limit,[]
develop,['deep']
growing,"['going', 'doing', 'bring']"
introduce,['product']
planning,"['cleaning', 'passing', 'thanking']"
survey,"['surveys', 'serves', 'ensure']"
thanked,"['thank', 'thanks', 'take']"
selling,"['sell', 'sending', 'calling']"
budget,"['burden', 'bought', 'best']"
properties,"['procedures', 'appropriate', 'relatives']"
discovered,['cover']
recommendation,"['mention', 'comments', 'appreciation']"
bank,"['thank', 'thanks']"
discounts,['account']
natural,"['trial', 'terial']"
season,"['reason', 'reasons', 'person']"
camping,"['carpeting', 'calling', 'cleaning']"
trial,"['terial', 'tile', 'natural']"
questionnaire,['questions']
enjoying,"['enjoy', 'enjoyment', 'enclosing']"
expand,"['end', 'send', 'paid']"
cleaner,"['cleaning', 'reader', 'player']"
friendliness,"['friends', 'friendly', 'feelings']"
holidays,"['holiday', 'today']"
tiles,"['tile', 'times', 'tips']"
ornaments,"['ornament', 'comments', 'management']"
dimensions,"['mention', 'questions', 'discounts']"
measurable,"['returnable', 'pleasure', 'morale']"
terial,"['trial', 'special', 'natural']"
referral,"['referring', 'general']"
houses,"['house', 'use', 'used']"
certificates,"['certificate', 'services', 'delicate']"
surveys,"['survey', 'serves', 'services']"
dilute,"['include', 'tile', 'late']"
outputs,[]
conveys,"['cover', 'concerns', 'coverings']"
burden,"['budget', 'current', 'been']"
returnable,"['measurable', 'acceptable']"
sizes,"['series', 'services', 'business']"
intensify,"['integrity', 'invites']"
customary,"['customer', 'customers', 'company']"
wordsappreciatedelightedenjoyedgratefulinspiredkindnessmemorablepleasedremarkablesatisfyingsensationalspecialsuperbterrificthoughtfuluniquevaluablephraseshappy,[]
hearhow,['heard']
withjust,[]
knowkeep,"['know', 'keep']"
mindlet,"['mind', 'let']"
iflike,"['like', 'tile', 'line']"
withlook,['look']
nextpleased,"['pleased', 'pleasure']"
toshow,"['show', 'shows']"
forwanted,['want']
knowwishing,['enclosing']
inagain,[]
whensentencesall,[]
hotline,"['line', 'routine', 'continue']"
invites,"['invited', 'notes', 'interest']"
handsome,['merchandise']
referring,"['referral', 'ordering', 'greetings']"
leaps,"['leaves', 'pleased', 'easy']"
bounds,[]
founding,"['sending', 'ordering', 'handling']"
grandfather,['mandatory']
rave,"['save', 'have', 'relatives']"
tile,"['tiles', 'time', 'article']"
storewide,['store']
coverings,"['cover', 'ordering', 'concerns']"
carpets,"['carpet', 'carpeting', 'aspects']"
faithful,['grateful']
carpeting,"['carpet', 'carpets', 'camping']"
enjoyment,"['enjoyed', 'enjoy', 'enjoying']"
craftwork,['work']
delicate,"['delighted', 'late', 'delight']"
ornament,"['ornaments', 'payment', 'management']"
keepsake,['keep']
