say,"['stay', 'scary', 'saying']"
person,"['personal', 'season', 'reason']"
happy,['yearhappy']
write,"['writes', 'written', 'wrote']"
dinner,"['dinners', 'inner', 'winter']"
other,"['others', 'mother', 'note']"
letter,"['letters', 'latter', 'better']"
first,"['firms', 'list', 'firm']"
see,"['use', 'sealed', 'eye']"
have,"['save', 'shade', 'having']"
offer,"['officers', 'offering', 'office']"
discuss,"['discount', 'dishes']"
details,"['retail', 'ideas', 'daily']"
company,"['companies', 'many', 'candy']"
name,"['names', 'same', 'number']"
look,"['book', 'cooked']"
want,"['wait', 'wanting', 'agent']"
job,[]
time,"['trimmers', 'overtime', 'titles']"
working,"['worrying', 'boring', 'work']"
how,"['show', 'shown', 'shadow']"
let,"['least', 'lowest', 'letter']"
use,"['used', 'house', 'see']"
tell,[]
inviting,"['printing', 'giving', 'finishing']"
asking,"['skiing', 'speaking', 'spring']"
call,"['fall', 'calling', 'small']"
help,"['helped', 'health']"
come,"['comes', 'home', 'customer']"
writing,"['printing', 'written', 'working']"
sure,"['urge', 'cure', 'insured']"
expression,"['express', 'professional', 'expensive']"
part,"['party', 'parent', 'past']"
take,"['talk', 'make', 'taste']"
try,"['story', 'pantry']"
good,"['food', 'goodwill', 'cooked']"
send,"['spend', 'sends', 'end']"
state,"['taste', 'start', 'take']"
add,"['bad', 'awarded', 'address']"
personal,"['person', 'seasonal', 'perennial']"
mail,"['mailed', 'meal', 'main']"
include,"['included', 'including', 'single']"
number,"['summer', 'mer', 'member']"
check,"['checklist', 'chic', 'chief']"
same,"['save', 'sale', 'safe']"
children,"['child', 'chide', 'clean']"
wait,"['want', 'write', 'it']"
used,"['use', 'send', 'spend']"
great,"['greater', 'get', 'threat']"
office,"['officers', 'offer', 'ofmagic']"
year,"['years', 'yearin', 'yard']"
next,"['extra', 'expert']"
month,"['months', 'mother', 'most']"
work,"['working', 'workers']"
much,"['such', 'touch']"
best,"['reset', 'least', 'guest']"
book,"['look', 'cooked', 'borrow']"
mind,"['rind', 'main', 'find']"
gives,"['give', 'lives', 'given']"
ways,"['days', 'wacky']"
letters,"['letter', 'newsletters', 'latter']"
find,"['finds', 'rind', 'mind']"
place,"['play', 'late', 'plastics']"
speaking,"['spring', 'skiing', 'saying']"
express,"['expression', 'expense', 'expects']"
assistance,"['insurance', 'acquaintances']"
particular,['practical']
home,"['hope', 'come', 'phone']"
list,"['listed', 'lost', 'last']"
group,['drop']
avoid,"['avoiding', 'paid', 'favorite']"
events,"['elements', 'adherents', 'sentiments']"
better,"['letter', 'letters', 'matter']"
tips,"['titles', 'thinks']"
possible,"['smile', 'professional']"
late,"['relate', 'latter', 'latest']"
expert,"['expects', 'respect', 'perfect']"
idea,"['ideas', 'dear', 'dream']"
make,"['marked', 'take', 'made']"
stock,"['tick', 'touch', 'topic']"
friends,"['finds', 'friendship', 'friendly']"
saying,"['speaking', 'spring', 'skiing']"
more,"['minor', 'mother', 'marked']"
mention,"['commenting', 'metro', 'donation']"
listed,"['list', 'limited', 'lived']"
marked,"['make', 'mailed', 'awarded']"
required,"['require', 'requirements', 'equalize']"
special,"['specialties', 'social', 'specific']"
information,"['identification', 'decorations', 'donation']"
goodwill,['good']
example,"['employees', 'sealed', 'people']"
phone,"['one', 'ones', 'none']"
general,"['generate', 'rental']"
day,"['days', 'today', 'daily']"
receiving,"['receive', 'greeting', 'surviving']"
engraved,['generate']
case,"['care', 'taste', 'purchase']"
convey,"['conveying', 'one', 'con']"
party,"['part', 'pretty', 'parent']"
handwritten,"['written', 'write']"
mailed,"['mail', 'smile', 'miles']"
e,[]
enclosing,"['recycling', 'including', 'coming']"
room,['bathroom']
complete,"['come', 'comes', 'yearcompliments']"
including,"['include', 'included', 'enclosing']"
celebration,"['celebrate', 'selection', 'creations']"
it,"['wait', 'list', 'bite']"
new,"['news', 'newsy', 'one']"
wishes,"['dishes', 'youwishes', 'wish']"
important,['opportunity']
community,"['count', 'communications', 'common']"
hours,"['yours', 'house', 'course']"
last,"['least', 'latest', 'past']"
receive,"['receiving', 'perceived', 'expensive']"
annual,[]
self,"['sealed', 'behalf']"
give,"['gives', 'given', 'live']"
prepare,"['preprinted', 'spreaders', 'relate']"
family,"['daily', 'mail', 'file']"
appointment,"['disappointed', 'appropriate', 'point']"
stay,"['say', 'today', 'story']"
love,"['loved', 'live', 'lives']"
reference,"['references', 'differences', 'reflect']"
favorite,"['favor', 'authorities', 'appropriate']"
enjoy,['joys']
know,['known']
message,['messages']
divorce,"['devote', 'advice', 'die']"
need,"['feed', 'canceled', 'turned']"
appropriate,"['appreciated', 'prosperity', 'preprinted']"
sales,"['sale', 'tables', 'sealed']"
gifts,"['gives', 'felts']"
hear,"['hearts', 'year', 'dear']"
business,"['businesses', 'signs']"
made,"['make', 'shade', 'matter']"
cards,"['card', 'chairs', 'postcards']"
matter,"['latter', 'mother', 'mer']"
congratulations,"['decorations', 'creations', 'communications']"
note,"['none', 'wrote', 'other']"
close,"['course', 'choose', 'love']"
exception,"['selection', 'creations', 'selections']"
address,"['adherents', 'add']"
written,"['write', 'handwritten', 'writes']"
people,"['polled', 'prepare', 'popular']"
printed,"['preprinted', 'oriented', 'rind']"
delivery,"['live', 'believe', 'discover']"
get,"['guest', 'great', 'agent']"
different,"['differences', 'adherents', 'percent']"
enough,[]
greetings,"['greeting', 'greetingsover', 'getting']"
writes,"['write', 'written', 'worries']"
reservation,"['celebration', 'creations', 'serving']"
appreciation,"['appreciated', 'creations', 'proliferation']"
thing,"['think', 'thinking', 'catching']"
mother,"['other', 'others', 'month']"
touch,"['such', 'much', 'topic']"
provide,"['produced', 'price', 'prices']"
one,"['ones', 'none', 'phone']"
sending,"['depending', 'seasonduring', 'send']"
customers,"['customer', 'comes', 'come']"
co,"['con', 'cost', 'come']"
offering,"['offer', 'boring', 'working']"
announcement,"['management', 'appointment']"
behalf,"['beliefs', 'self', 'meal']"
changes,"['chance', 'cancels', 'charming']"
requirements,"['require', 'represents', 'required']"
price,"['prices', 'vice', 'service']"
pool,"['school', 'polled', 'people']"
entertaining,"['interesting', 'remaining', 'letterwriting']"
most,"['post', 'lost', 'cost']"
spend,"['send', 'spent', 'sends']"
interest,"['interests', 'interested', 'interesting']"
organization,"['organize', 'donation', 'tradition']"
preprinted,"['printed', 'prepare', 'oriented']"
form,"['firm', 'firms', 'favor']"
inspires,"['spirits', 'insured', 'supplies']"
many,"['main', 'company', 'means']"
messages,"['message', 'desserts', 'sales']"
keep,['keeping']
file,"['filled', 'fine', 'smile']"
remembering,"['remember', 'member', 'remodeling']"
views,"['vice', 'news', 'cavities']"
appreciated,"['appreciation', 'appropriate', 'printed']"
concerns,"['concerned', 'ones', 'cancels']"
identification,"['information', 'decorations', 'certificate']"
customer,"['customers', 'come', 'story']"
chance,"['changes', 'cancels', 'canceled']"
devote,"['dotes', 'donate', 'divorce']"
thinking,"['hiking', 'think', 'thing']"
bring,"['brings', 'boring', 'big']"
spring,"['serving', 'surprising', 'bring']"
today,"['day', 'stay', 'holiday']"
glad,['salads']
end,"['send', 'spend', 'sends']"
embarrassment,"['arrangements', 'management']"
means,"['meal', 'many', 'main']"
beginning,"['beginnings', 'begin', 'remaining']"
supplies,"['supply', 'specialties', 'upper']"
others,"['other', 'mother', 'terms']"
unacceptable,['acceptable']
papers,"['appears', 'upper', 'chippers']"
usual,"['sale', 'small', 'sales']"
supply,"['supplies', 'play']"
expense,"['expensive', 'express', 'expects']"
extra,"['next', 'trash', 'metro']"
key,['eye']
begin,"['beginning', 'beginnings', 'blessing']"
wonderful,['regardswonderful']
old,"['polled', 'holiday', 'colored']"
officers,"['office', 'offer', 'offering']"
sorry,"['story', 'worrying', 'scary']"
has,"['hats', 'hearts', 'hat']"
discount,"['count', 'discuss', 'discover']"
full,"['fall', 'floral', 'filled']"
years,"['year', 'yearin', 'hearts']"
doing,"['coming', 'boring', 'working']"
past,"['post', 'part', 'last']"
letting,"['getting', 'eating', 'testing']"
opportunity,"['important', 'community']"
such,"['much', 'touch', 'school']"
continue,"['connection', 'commenting', 'donation']"
terms,"['others', 'tillers', 'team']"
believe,"['live', 'beliefs', 'lives']"
care,"['cure', 'crew', 'case']"
companies,"['company', 'comes', 'cookies']"
small,"['sale', 'meal', 'mail']"
return,"['turned', 'require', 'lecture']"
free,"['tree', 'feel', 'feed']"
months,"['month', 'others', 'mother']"
appears,"['appeals', 'papers', 'disappear']"
dear,"['year', 'idea', 'hear']"
keeping,"['keep', 'greeting', 'receiving']"
respect,"['reset', 'reflect', 'expects']"
bad,"['brand', 'board', 'breads']"
win,"['winter', 'own', 'written']"
confusion,"['conscious', 'connection']"
majority,"['favorite', 'smart', 'party']"
latter,"['matter', 'letter', 'late']"
employees,"['employeesfrom', 'example']"
wish,"['wishes', 'dish', 'wishing']"
power,"['prosper', 'blowers', 'upper']"
big,"['bring', 'brings', 'bright']"
favor,"['favorite', 'form', 'avoid']"
cancels,"['canceled', 'chance', 'changes']"
least,"['last', 'let', 'lowest']"
friendly,"['friends', 'rind', 'friendship']"
approach,['appropriate']
specific,"['special', 'specialties']"
businesses,"['business', 'illnesses']"
gesture,"['sure', 'lecture', 'guest']"
certificate,"['identification', 'delicate', 'celebrate']"
handle,"['shade', 'chance', 'changes']"
advice,"['vice', 'audience', 'die']"
little,"['titles', 'listed', 'latter']"
cost,"['post', 'most', 'lost']"
purchase,"['case', 'purposes', 'price']"
firm,"['firms', 'form', 'first']"
point,"['printed', 'post', 'appointment']"
play,"['place', 'party', 'supply']"
consult,"['cost', 'count', 'conscious']"
typed,['spend']
giving,"['given', 'inviting', 'timing']"
days,"['day', 'ways', 'today']"
carry,"['scary', 'caterer', 'care']"
bright,"['bring', 'flight', 'brings']"
colored,"['cooked', 'covered', 'loved']"
rental,"['retail', 'perennial', 'parent']"
hope,"['hopes', 'shop', 'open']"
calling,"['call', 'willing', 'camping']"
serving,"['spring', 'surviving', 'wearing']"
reading,"['eating', 'remaining', 'wearing']"
filled,"['file', 'followed', 'polled']"
interested,"['interest', 'interests', 'interesting']"
given,"['give', 'gives', 'giving']"
irish,"['finish', 'wish', 'spirits']"
linens,"['line', 'lives', 'likes']"
regards,"['breads', 'readers', 'years']"
treatment,"['threat', 'relate', 'sentiments']"
reason,"['season', 'seasonat', 'seasonal']"
food,"['good', 'followed', 'cooked']"
line,"['linens', 'live', 'like']"
limited,"['listed', 'invited', 'lived']"
insurance,"['insured', 'sure']"
turned,"['return', 'stuffed', 'printed']"
think,"['thinks', 'thing', 'thinking']"
feel,"['free', 'feed', 'felts']"
school,"['choose', 'such', 'show']"
own,"['town', 'shown', 'known']"
consider,"['continue', 'concerns', 'close']"
like,"['likes', 'live', 'line']"
put,[]
open,"['hope', 'spent', 'spend']"
course,"['cure', 'yours', 'house']"
wrote,"['write', 'writes', 'written']"
getting,"['letting', 'greeting', 'eating']"
willing,"['writing', 'wishing', 'calling']"
professional,"['expression', 'personal', 'proliferation']"
program,"['paragraph', 'pro']"
financial,[]
concerned,"['concerns', 'covered', 'canceled']"
talk,"['walk', 'take', 'table']"
coming,"['camping', 'commenting', 'doing']"
names,"['name', 'warmest', 'same']"
parent,"['part', 'percent', 'spent']"
vice,"['advice', 'service', 'views']"
low,"['flow', 'own', 'lowest']"
health,"['healthy', 'hearts', 'hat']"
child,"['chide', 'children', 'chic']"
references,"['reference', 'differences']"
legal,"['meal', 'logical', 'leaf']"
recommend,"['second', 'common', 'commenting']"
social,"['special', 'local', 'commercial']"
perceived,"['receive', 'preprinted', 'printed']"
eye,"['see', 'key', 'recycle']"
management,"['engagement', 'arrangements', 'agent']"
schedule,"['scheduled', 'shade', 'chide']"
service,"['vice', 'serving', 'servers']"
convenient,"['conveying', 'concerned', 'convey']"
readers,"['spreaders', 'breads', 'shredders']"
environment,"['sentiments', 'requirements']"
oriented,"['printed', 'rind', 'preprinted']"
activities,"['cavities', 'authorities', 'titles']"
ideas,"['idea', 'kids', 'details']"
suggestions,"['selections', 'salutations', 'selection']"
directors,"['dinners', 'differences', 'decorations']"
aggressive,[]
insistent,"['invited', 'appointment']"
life,"['live', 'line', 'like']"
house,"['hours', 'use', 'course']"
disappointed,"['appointment', 'disappear', 'preprinted']"
wearing,"['yearin', 'eating', 'writing']"
greeting,"['greetings', 'getting', 'greetingsover']"
celebrate,"['celebration', 'generate', 'relate']"
card,"['cards', 'yard', 'care']"
live,"['lives', 'lived', 'love']"
remember,"['member', 'remembering']"
commercial,"['social', 'commemoration', 'commenting']"
choose,"['house', 'close', 'school']"
lost,"['lowest', 'post', 'most']"
loved,"['love', 'lived', 'live']"
happiness,"['happenings', 'changes', 'appears']"
news,"['newsy', 'new', 'ones']"
newsy,"['news', 'new', 'ones']"
member,"['remember', 'remembering', 'number']"
clever,"['letter', 'servers', 'letters']"
upper,"['papers', 'prosper', 'appears']"
envelope,[]
covered,"['concerned', 'colored', 'verse']"
postcards,"['cards', 'post', 'card']"
clippings,"['happenings', 'camping', 'calling']"
colleagues,[]
sends,"['send', 'spend', 'end']"
front,"['wrote', 'point', 'month']"
died,"['die', 'lived', 'signed']"
prosperity,"['prosper', 'prosperous', 'appropriate']"
blessing,"['blessings', 'testing', 'letting']"
board,"['bad', 'yard', 'card']"
class,"['last', 'case', 'plastics']"
paid,"['avoid', 'mailed']"
lived,"['live', 'loved', 'lives']"
crew,"['cure', 'care', 'course']"
dinners,"['dinner', 'inner', 'interest']"
joyous,"['joys', 'yours']"
healthy,"['health', 'reality', 'hearts']"
count,"['discount', 'con', 'community']"
success,"['soccer', 'guests']"
second,"['send', 'spend', 'sends']"
baby,['beauty']
engagement,"['management', 'elements', 'agent']"
known,"['know', 'own', 'town']"
paragraph,['program']
town,"['own', 'shown', 'known']"
traditional,"['tradition', 'organization', 'practical']"
prices,"['price', 'writes', 'worries']"
single,"['smile', 'spring', 'skiing']"
sentiments,"['environment', 'elements', 'requirements']"
common,"['recommend', 'con', 'community']"
banks,"['balloons', 'rakes', 'peaks']"
acquaintances,"['assistance', 'cancels']"
travels,"['trees', 'trash', 'rakes']"
television,"['selection', 'selections', 'expression']"
area,"['care', 'great', 'dream']"
included,"['include', 'including', 'insured']"
canceled,"['cancels', 'chance', 'concerned']"
friendship,"['friends', 'friendly', 'finds']"
retail,"['rental', 'details', 'reality']"
finds,"['find', 'friends', 'finish']"
depending,"['sending', 'happenings', 'reading']"
greater,"['great', 'relate', 'readers']"
printing,"['writing', 'inviting', 'spring']"
illnesses,"['businesses', 'tillers', 'lessons']"
recycling,"['recycle', 'receiving', 'enclosing']"
yard,"['year', 'card', 'years']"
household,"['house', 'used']"
taste,"['take', 'past', 'late']"
box,[]
having,"['thing', 'charming', 'avoiding']"
bite,"['write', 'it', 'writes']"
patronage,['patronageholiday']
discover,"['covered', 'discount', 'delivery']"
none,"['one', 'ones', 'note']"
fine,"['line', 'find', 'file']"
dream,"['team', 'idea', 'drum']"
entire,"['sentiments', 'require', 'mention']"
save,"['same', 'sale', 'safe']"
forget,"['get', 'efforts', 'urge']"
topic,"['tick', 'touch', 'stock']"
religious,[]
beliefs,"['believe', 'lives', 'likes']"
yours,"['hours', 'joyous', 'course']"
project,"['perfect', 'pretty', 'parent']"
floral,"['local', 'logical', 'full']"
comes,"['come', 'chores', 'customers']"
boring,"['bring', 'brings', 'working']"
require,"['required', 'requirements', 'equalize']"
workers,"['work', 'worries', 'rakes']"
arrangements,"['management', 'requirements', 'embarrassment']"
communications,"['locations', 'community', 'connection']"
perfect,"['reflect', 'project', 'percent']"
team,"['terms', 'dream', 'treatment']"
summer,"['skimmers', 'number', 'mer']"
hundreds,['hours']
invited,"['printed', 'limited', 'oriented']"
wanting,"['eating', 'want', 'writing']"
equal,"['equalize', 'meal', 'usual']"
minute,"['winter', 'printed', 'limited']"
thinks,"['think', 'thing', 'thinking']"
drop,['group']
latest,"['late', 'last', 'least']"
scheduled,"['schedule', 'sealed', 'helped']"
show,"['shown', 'how', 'shadow']"
trouble,"['table', 'toques', 'tables']"
relate,"['late', 'greater', 'great']"
warm,['warmest']
start,"['state', 'smart', 'stay']"
likes,"['like', 'lives', 'linens']"
shown,"['show', 'own', 'how']"
reflect,"['respect', 'perfect', 'effects']"
acceptable,"['unacceptable', 'table', 'tables']"
unlikely,"['like', 'likes']"
letterwriting,"['writing', 'letting', 'entertaining']"
interests,"['interest', 'interested', 'interesting']"
hat,"['hats', 'threat', 'hearts']"
efforts,"['effects', 'florists', 'hearts']"
selection,"['selections', 'celebration', 'second']"
dozens,"['dotes', 'burdens', 'open']"
followed,"['polled', 'filled', 'food']"
homeless,"['home', 'meaningless', 'miles']"
overwhelmed,"['covered', 'overtime']"
main,"['mind', 'many', 'mail']"
beautiful,['beauty']
interesting,"['interest', 'interests', 'testing']"
finish,"['finishing', 'irish', 'finds']"
ones,"['one', 'none', 'news']"
holiday,"['holidays', 'holidayhow', 'holy']"
borrow,['book']
tree,"['trees', 'free', 'reset']"
signed,"['signs', 'single', 'printed']"
donation,"['decorations', 'donate', 'locations']"
fundraising,"['fundraisers', 'finishing', 'surprising']"
firms,"['firm', 'first', 'form']"
agent,"['get', 'parent', 'want']"
avoiding,"['avoid', 'having', 'reading']"
represents,"['presidents', 'requirements', 'express']"
expensive,"['expense', 'offensive', 'expression']"
urge,"['sure', 'cure', 'turned']"
titles,"['tillers', 'miles', 'writes']"
local,"['logical', 'social', 'floral']"
sale,"['sales', 'sealed', 'save']"
flight,"['bright', 'highlights', 'list']"
smart,"['start', 'part', 'majority']"
homeowner,['home']
insured,"['insurance', 'inscribed', 'sure']"
produced,"['reduce', 'provide', 'price']"
spirit,"['spirits', 'spring', 'prosperity']"
soccer,['success']
buy,"['bunny', 'beauty']"
graphics,[]
guests,"['guest', 'get', 'success']"
transmit,"['trash', 'taste']"
winter,"['write', 'inner', 'interest']"
overtime,"['time', 'covered', 'overwhelmed']"
authorities,"['activities', 'favorite', 'cavities']"
surprising,"['spring', 'surviving', 'printing']"
spent,"['spend', 'parent', 'send']"
worrying,"['working', 'boring', 'writing']"
clean,"['leaf', 'lawn', 'elegant']"
warmest,"['warm', 'seasonwarmest', 'reset']"
sun,[]
surviving,"['serving', 'surprising', 'spring']"
burdens,"['dozens', 'brings', 'breads']"
cure,"['course', 'urge', 'sure']"
piano,['minor']
stunning,"['testing', 'sending', 'thinking']"
saw,"['straws', 'shadow', 'say']"
organize,['organization']
logical,"['local', 'legal', 'political']"
timing,"['trimmings', 'thing', 'thinking']"
purposes,"['prosperous', 'prosper', 'purchase']"
remaining,"['reading', 'printing', 'receiving']"
skip,"['skopf', 'skiing', 'asking']"
dish,"['dishes', 'wish', 'irish']"
generate,"['general', 'celebrate', 'greater']"
table,"['tables', 'trouble', 'talk']"
metro,"['mer', 'mention', 'extra']"
conveying,"['convey', 'coming', 'convenient']"
hopes,"['hope', 'chores', 'shop']"
fall,"['full', 'call', 'softball']"
presidents,"['represents', 'reset', 'correspondents']"
flow,"['low', 'followed', 'lowest']"
quotations,"['salutations', 'locations', 'donation']"
reduce,"['produced', 'require', 'recycle']"
meal,"['mail', 'small', 'means']"
story,"['sorry', 'try', 'stay']"
percent,"['parent', 'perfect', 'spent']"
daily,"['day', 'family', 'mail']"
connection,"['donation', 'continue', 'communications']"
political,"['hypocritical', 'practical', 'logical']"
commenting,"['coming', 'mention', 'commemoration']"
popular,['people']
effects,"['reflect', 'perfect', 'expects']"
selections,"['selection', 'locations', 'suggestions']"
gotten,"['written', 'getting', 'open']"
feed,"['need', 'free', 'feel']"
practical,"['political', 'hypocritical', 'particular']"
simpler,"['smile', 'skimmers', 'summer']"
servers,"['service', 'verse', 'spreaders']"
tradition,"['traditional', 'organization', 'creations']"
plastics,"['past', 'last', 'gymnastics']"
meaningless,"['homeless', 'miles', 'means']"
lives,"['live', 'lived', 'likes']"
awarded,"['backward', 'marked', 'add']"
employeesfrom,['employees']
kids,"['kiss', 'ideas', 'finds']"
colorful,['colored']
season,"['seasonat', 'seasonal', 'reason']"
attended,[]
camping,"['charming', 'coming', 'calling']"
snapshots,[]
luggage,[]
swimming,"['timing', 'skiing', 'trimmings']"
correspondents,"['correspond', 'represents', 'presidents']"
brand,"['ran', 'bad', 'breads']"
ran,"['brand', 'reason', 'reading']"
signs,"['signed', 'business', 'sends']"
gymnastics,['plastics']
softball,"['fall', 'small']"
trees,"['tree', 'travels', 'readers']"
shop,"['show', 'hope', 'skopf']"
testing,"['interesting', 'eating', 'letting']"
brings,"['bring', 'boring', 'trimmings']"
lunches,"['linens', 'chores']"
guest,"['guests', 'get', 'gesture']"
con,"['co', 'count', 'second']"
safe,"['save', 'same', 'sale']"
appeals,"['appears', 'peaks', 'happiness']"
hungry,[]
helped,"['help', 'sealed', 'scheduled']"
audience,"['advice', 'differences']"
dishes,"['wishes', 'dish', 'youwishes']"
eating,"['wearing', 'wanting', 'testing']"
verse,"['servers', 'covered', 'overtime']"
post,"['past', 'most', 'lost']"
wishing,"['finishing', 'wish', 'writing']"
spirits,"['spirit', 'irish', 'inspires']"
holidays,"['holiday', 'holidayhow', 'holy']"
grandfather,['greater']
faithful,['faiths']
delicate,"['relate', 'late', 'certificate']"
seasonal,"['seasonat', 'season', 'personal']"
blessings,"['blessing', 'lessons', 'brings']"
photocopied,['polycopied']
festive,"['offensive', 'expensive', 'entire']"
sealed,"['sale', 'sales', 'see']"
prosperous,"['prosper', 'prosperity', 'purposes']"
hearts,"['hear', 'hats', 'years']"
bonnets,"['ones', 'months', 'one']"
bunny,['buy']
potluck,[]
checklist,"['check', 'list']"
scary,"['carry', 'say', 'stay']"
clarinet,"['line', 'care', 'charming']"
backward,"['card', 'awarded', 'cards']"
reset,"['respect', 'warmest', 'tree']"
inner,"['dinner', 'dinners', 'winter']"
proliferation,"['reservation', 'information', 'professional']"
conscious,"['connection', 'consult']"
fundraisers,"['fundraising', 'hundreds']"
peaks,"['past', 'appears', 'appeals']"
equalize,"['equal', 'require', 'required']"
carriers,"['chairs', 'worries', 'care']"
metropolitan,[]
accounted,['count']
chide,"['child', 'chief', 'children']"
florists,"['lost', 'list', 'efforts']"
candy,"['many', 'company', 'card']"
worries,"['writes', 'workers', 'write']"
expects,"['expert', 'respect', 'express']"
sensitivity,[]
offensive,"['festive', 'office', 'expensive']"
holy,"['holiday', 'holidays', 'school']"
elements,"['events', 'requirements', 'sentiments']"
hypocritical,"['political', 'practical']"
adherents,"['parent', 'hearts', 'events']"
faiths,"['faithful', 'wait']"
holidayhow,"['holiday', 'holidays']"
beginnings,"['beginning', 'begin', 'remaining']"
piggyback,[]
append,"['spend', 'end', 'happenings']"
minor,"['more', 'mind', 'main']"
publisher,[]
disappear,"['appears', 'disappointed', 'appeals']"
pro,"['person', 'provide', 'prosper']"
polled,"['followed', 'people', 'old']"
verdict,['adversity']
newsletters,"['letters', 'letter']"
die,"['died', 'dishes', 'dinner']"
polycopied,"['photocopied', 'polled']"
highlights,['flight']
happenings,"['happiness', 'depending', 'clippings']"
lecture,"['cure', 'gesture', 'turned']"
dotes,"['others', 'dozens', 'donate']"
marching,"['catching', 'wearing', 'main']"
drum,"['serum', 'dream']"
mer,"['metro', 'summer', 'number']"
rind,"['mind', 'find', 'printed']"
skopf,"['skip', 'shop']"
investigate,"['invited', 'interesting', 'inviting']"
differences,"['different', 'references', 'reference']"
decorations,"['creations', 'donation', 'locations']"
creations,"['locations', 'reservation', 'decorations']"
catching,"['thing', 'marching', 'eating']"
correspond,"['correspondents', 'reason', 'chores']"
wordsblessingscelebrationgratitudehappinesshealthprosperityserenityjoypeacepleasurerejoiceremembrancesseasonsuccesswisheshow,[]
seasonat,"['seasonal', 'season', 'seasonwarmest']"
yearcompliments,"['elements', 'complete']"
seasonduring,"['sending', 'seasonwishing', 'season']"
alwaysgreat,['great']
yearhappy,"['happy', 'year']"
patronageholiday,"['patronage', 'holiday']"
greetingsover,"['greetings', 'greeting', 'receive']"
yearin,"['year', 'wearing', 'years']"
commemoration,"['commenting', 'decorations', 'communications']"
ofmagic,['office']
seasonmuch,"['season', 'seasonat', 'seasonal']"
seasonwarmest,"['seasonat', 'warmest', 'seasonal']"
youwishes,"['wishes', 'dishes', 'wish']"
seasonwishing,"['seasonduring', 'wishing', 'finishing']"
regardswonderful,"['wonderful', 'regards']"
seasonsentencesas,[]
prosper,"['prosperous', 'prosperity', 'upper']"
beauty,"['buy', 'beautiful', 'reality']"
joys,"['joyous', 'enjoy']"
inscribed,"['insured', 'invited']"
shadow,"['show', 'shown', 'shade']"
allergic,[]
chief,"['chide', 'chic', 'chippers']"
chic,"['child', 'chief', 'chide']"
hats,"['hat', 'has', 'hearts']"
straws,"['trash', 'saw', 'travels']"
toques,"['trouble', 'ones']"
wacky,"['ways', 'walk']"
skimmers,"['trimmers', 'summer', 'simpler']"
elegant,"['legal', 'least', 'elements']"
felts,"['feel', 'effects', 'florists']"
stuffed,"['turned', 'listed', 'buffet']"
tick,"['topic', 'think', 'stock']"
serum,"['drum', 'terms', 'shrub']"
bomb,[]
threat,"['great', 'treatment', 'relate']"
promote,"['wrote', 'mother', 'pro']"
trash,"['straws', 'travels', 'transmit']"
remodeling,"['reading', 'remembering', 'greeting']"
pantry,"['party', 'try', 'parent']"
bathroom,['room']
locations,"['creations', 'selections', 'quotations']"
charming,"['camping', 'having', 'coming']"
pretty,"['party', 'parent', 'prosperity']"
kiss,"['kids', 'wishes', 'dishes']"
smile,"['miles', 'single', 'mailed']"
adversity,"['verdict', 'readers']"
cooked,"['cookies', 'colored', 'choose']"
trimmings,"['timing', 'trimmers', 'swimming']"
significance,['identification']
reality,"['healthy', 'great', 'threat']"
cafeteria,['caterer']
shrubs,['shrub']
perennials,"['perennial', 'personal', 'rental']"
shrub,"['shrubs', 'serum']"
perennial,"['perennials', 'personal', 'rental']"
shade,"['shadow', 'handle', 'save']"
walk,"['talk', 'wacky']"
licensed,"['listed', 'linens', 'line']"
caterer,"['care', 'carry', 'outerwear']"
multi,[]
buffet,"['stuffed', 'effects', 'best']"
salads,"['sales', 'sealed', 'sale']"
breads,"['regards', 'readers', 'brand']"
desserts,"['messages', 'reset']"
tables,"['table', 'sales', 'titles']"
chairs,"['cards', 'chippers', 'carriers']"
recycle,"['recycling', 'relate', 'reduce']"
donate,"['dotes', 'donation', 'one']"
specialties,"['special', 'appreciated', 'supplies']"
outfitted,[]
lowest,"['lost', 'blowers', 'least']"
outerwear,['caterer']
balloons,['banks']
cookies,"['cooked', 'comes', 'companies']"
coats,"['hats', 'cost', 'case']"
jackets,['rakes']
kindergartener,[]
finishing,"['finish', 'wishing', 'inviting']"
leaf,"['legal', 'least', 'clean']"
blowers,"['lowest', 'lawnmowers', 'power']"
rakes,"['workers', 'travels', 'take']"
lawn,['clean']
vacs,[]
aerators,"['appears', 'decorations', 'years']"
trimmers,"['skimmers', 'trimmings', 'time']"
chippers,"['papers', 'chairs', 'appears']"
shredders,"['spreaders', 'readers', 'servers']"
spreaders,"['readers', 'shredders', 'papers']"
tillers,"['titles', 'trimmers', 'terms']"
lawnmowers,"['blowers', 'lowest']"
chores,"['hours', 'hopes', 'comes']"
salutations,"['quotations', 'locations', 'selections']"
noteworthy,[]
cavities,"['activities', 'specialties', 'authorities']"
lessons,"['blessings', 'blessing', 'illnesses']"
skiing,"['asking', 'swimming', 'speaking']"
hiking,"['thinking', 'thing', 'timing']"
golfing,"['offering', 'doing', 'giving']"
miles,"['smile', 'titles', 'mailed']"
