accept,['attempt']
say,"['way', 'safety', 'pay']"
person,"['personal', 'version', 'operation']"
happy,"['apply', 'happened', 'sharp']"
write,"['written', 'writing', 'switches']"
other,"['others', 'note', 'hear']"
letter,"['letters', 'better', 'enter']"
first,"['list', 'fire', 'worst']"
see,"['seems', 'seeas', 'use']"
have,"['leave', 'phrase', 'leaves']"
offer,"['owner', 'other', 'order']"
discuss,[]
date,"['water', 'waste', 'state']"
company,"['accompany', 'many', 'copy']"
name,"['came', 'inane', 'sample']"
questions,"['question', 'suggestions', 'requests']"
able,"['table', 'sales', 'label']"
thanks,"['thank', 'hands', 'thousands']"
enclosed,"['enclose', 'enclosing', 'included']"
want,"['water', 'waste', 'plant']"
meeting,"['seeing', 'mention', 'letting']"
job,['jobs']
do,['door']
time,"['times', 'trim', 'lifetime']"
working,"['work', 'writing', 'looking']"
how,"['ashow', 'own']"
use,"['used', 'users', 'house']"
tell,['well']
kind,"['kinds', 'mind', 'find']"
asking,"['taking', 'making', 'packing']"
contract,"['contracts', 'contact', 'contacts']"
call,"['calls', 'small', 'local']"
help,[]
writing,"['written', 'working', 'willing']"
sure,"['survey', 'ensure', 'moisture']"
requests,"['requires', 'questions', 'question']"
repeat,"['treat', 'great', 'treats']"
part,"['parts', 'pare', 'separate']"
take,"['tape', 'make', 'wakes']"
good,"['food', 'goodwill']"
send,"['spend', 'end', 'used']"
brief,"['briefest', 'write']"
answer,"['answers', 'transfer', 'danger']"
state,"['statement', 'tape', 'take']"
add,"['odd', 'had', 'address']"
personal,"['person', 'professional', 'version']"
include,['included']
number,"['summer', 'member', 'name']"
check,"['checked', 'crack']"
ask,['asking']
guidelines,['lines']
children,"['child', 'clean']"
thank,"['thanks', 'take', 'hand']"
used,"['use', 'send', 'users']"
great,"['treat', 'get', 'treats']"
year,"['years', 'yard', 'wear']"
response,"['responding', 'purpose', 'resource']"
work,"['working', 'worst', 'worry']"
much,"['mulch', 'such', 'mouth']"
looking,"['long', 'working', 'following']"
book,['bottom']
mind,"['kind', 'find', 'kinds']"
thousands,"['hands', 'thanks', 'hand']"
ways,"['way', 'days', 'waste']"
way,"['ways', 'say', 'pay']"
letters,"['letter', 'lettersdear', 'better']"
find,"['mind', 'kind', 'fine']"
place,"['places', 'replace', 'replaced']"
agreeing,"['seeing', 'agreed', 'agreement']"
amount,"['mouth', 'months', 'want']"
directions,"['relations', 'instructions', 'section']"
home,"['phone', 'house', 'choice']"
equipment,"['department', 'regimen', 'replacement']"
list,"['lines', 'light', 'it']"
seeing,"['sending', 'meeting', 'using']"
future,"['fixture', 'features', 'further']"
stop,"['top', 'step', 'shop']"
simple,"['sample', 'staples', 'example']"
better,"['letter', 'letters', 'enter']"
tips,"['times', 'steps', 'is']"
possible,"['problem', 'problems', 'positive']"
deal,"['ideal', 'seal', 'model']"
inquiry,"['injury', 'query', 'industry']"
make,"['take', 'wakes', 'matter']"
stock,"['stop', 'soak']"
sentence,"['sent', 'maintenance', 'enter']"
more,"['order', 'mower', 'money']"
mention,"['motion', 'section', 'meeting']"
special,"['pencil', 'seal', 'specific']"
information,"['informational', 'operation', 'notarization']"
goodwill,"['will', 'good']"
example,"['sample', 'apple', 'simple']"
cases,"['case', 'clauses', 'cages']"
phone,"['one', 'tone', 'hotline']"
wear,"['year', 'hear', 'years']"
day,"['days', 'way', 'say']"
sent,"['set', 'send', 'present']"
case,"['cases', 'care', 'came']"
e,[]
words,"['worst', 'world', 'orders']"
plan,"['plant', 'lawn', 'placing']"
enclosing,"['enclose', 'enclosed', 'sending']"
complete,"['computer', 'couple', 'compressed']"
admission,"['advising', 'disposing', 'additional']"
become,"['recommend', 'decompose', 'enclose']"
regular,"['return', 'repair']"
record,"['recommend', 'read', 'cold']"
tape,"['take', 'staples', 'typed']"
read,"['readers', 'treat', 'replaced']"
it,['list']
new,"['one', 'few']"
patient,"['painter', 'department', 'plant']"
important,"['unimportant', 'toimportant']"
resource,"['ensure', 'sure', 'returned']"
hours,"['house', 'course', 'worst']"
understand,"['understanding', 'countersigned']"
receive,"['excessive', 'effective', 'freeze']"
benefits,"['benefit', 'belts']"
package,"['page', 'packing', 'place']"
minutes,"['sites', 'lines', 'printouts']"
give,"['given', 'negative']"
final,"['install', 'initial', 'fine']"
family,"['fail', 'familiar', 'fill']"
suggest,"['suggestions', 'set', 'get']"
attorney,"['tone', 'factory', 'thatonce']"
informational,"['information', 'optional', 'notarization']"
materials,"['matters', 'waters', 'matter']"
set,"['sent', 'use', 'see']"
appointment,"['instrument', 'appropriate', 'intermittent']"
explaining,"['explain', 'explains', 'explanations']"
know,[]
order,"['orders', 'wonder', 'corner']"
orders,"['order', 'readers', 'words']"
contact,"['contract', 'contacts', 'contracts']"
need,"['needed', 'generated', 'signed']"
appropriate,"['preprinted', 'appointment', 'appreciation']"
sales,"['staples', 'sample', 'seal']"
hear,"['year', 'wear', 'hard']"
business,"['businesses', 'using', 'users']"
matter,"['matters', 'water', 'waters']"
note,"['tonote', 'other', 'enter']"
merchandise,"['exchange', 'means', 'hands']"
explanations,"['explains', 'relations', 'explain']"
address,"['awareness', 'are', 'add']"
follow,"['followed', 'following', 'allow']"
written,"['write', 'writing', 'intermittent']"
people,"['apple', 'couple', 'replace']"
applications,"['appreciation', 'appliances', 'cautions']"
routine,"['ruin', 'hotline', 'retain']"
copies,"['couple', 'choice', 'compressed']"
agreed,"['agreeing', 'grease', 'are']"
get,"['great', 'set', 'vergent']"
reach,"['replace', 'read', 'preface']"
different,"['department', 'vergent']"
replacement,"['replace', 'replaced', 'agreement']"
process,"['produces', 'procedures', 'prose']"
is,"['tips', 'risk', 'list']"
passed,"['purchased', 'phrase', 'compressed']"
present,"['sent', 'residential', 'prose']"
additional,"['optional', 'admission', 'informational']"
files,"['filter', 'fire', 'fine']"
agreements,"['agreement', 'replacement', 'agreeing']"
describe,"['describing', 'desired', 'dense']"
indicated,"['indicate', 'uninitiated', 'immediate']"
explain,"['explains', 'explaining', 'expand']"
appreciation,"['applications', 'relations', 'operation']"
statement,"['state', 'agreement', 'instrument']"
negative,"['give', 'leave', 'given']"
tone,"['one', 'tonote', 'town']"
provide,"['provider', 'video', 'prose']"
department,"['patient', 'separate', 'replacement']"
one,"['tone', 'phone', 'owner']"
sending,"['seeing', 'send', 'signing']"
customers,"['customer', 'users', 'clauses']"
complaints,"['company', 'plant', 'explains']"
changes,"['cages', 'exchange', 'charge']"
most,"['cost', 'compost', 'worst']"
spend,"['send', 'end', 'used']"
immediate,"['indicate', 'indicated', 'medication']"
preprinted,"['preparing', 'appropriate']"
form,"['forms', 'effort']"
fill,"['will', 'fail', 'final']"
public,['plastic']
many,"['mean', 'company', 'money']"
keep,['asleep']
hard,"['had', 'yard', 'hear']"
memo,['member']
casual,"['manual', 'manuals', 'factual']"
taking,"['making', 'asking', 'staying']"
customer,"['customers', 'computer', 'users']"
making,"['taking', 'asking', 'packing']"
had,"['hard', 'hand', 'heads']"
run,"['ruin', 'return', 'refund']"
thinking,"['things', 'taking', 'signing']"
needed,['need']
leaving,"['cleaning', 'saving', 'placing']"
problem,"['problems', 'trouble', 'prose']"
agreement,"['agreements', 'agreeing', 'replacement']"
contracts,"['contract', 'contacts', 'contact']"
end,"['send', 'spend', 'refund']"
long,"['looking', 'wrong', 'following']"
describing,"['describe', 'exciting', 'condescending']"
situation,"['instruction', 'instructions', 'installation']"
means,"['mean', 'mesh', 'many']"
beginning,"['explaining', 'signing', 'sending']"
sample,"['simple', 'staples', 'example']"
lettersdear,"['letters', 'letter']"
leave,"['leaves', 'lease', 'leaving']"
others,"['other', 'waters', 'owners']"
staff,"['safe', 'state']"
understanding,"['understand', 'condescending', 'responding']"
few,"['fewer', 'new']"
ship,"['shop', 'shipping', 'sharp']"
using,"['seeing', 'saving', 'asking']"
old,"['fold', 'cold', 'world']"
sorry,"['worry', 'order']"
refund,"['found', 'returned', 'run']"
products,"['product', 'produces', 'printouts']"
product,"['products', 'produces']"
relations,"['explanations', 'directions', 'registrations']"
credit,"['crafted', 'clarity', 'read']"
years,"['year', 'gears', 'yard']"
installation,"['install', 'instruction', 'situation']"
repair,"['retain', 'repeat', 'preparing']"
purchased,"['phrase', 'passed', 'purpose']"
rare,"['are', 'pare', 'care']"
letting,"['getting', 'meeting', 'leaving']"
such,"['much', 'mulch']"
care,"['are', 'charge', 'rare']"
positive,"['possible', 'policies', 'spite']"
leaves,"['leave', 'lease', 'places']"
indicate,"['indicated', 'immediate', 'date']"
wrong,"['writing', 'working', 'long']"
problems,"['problem', 'trouble', 'rollers']"
fire,"['free', 'fine', 'fixture']"
replace,"['replaced', 'place', 'replacement']"
small,"['seal', 'install', 'call']"
return,"['returned', 'returning', 'run']"
free,"['freeze', 'fire', 'feel']"
months,"['mouth', 'others', 'amount']"
machine,"['making', 'choice']"
advises,"['cases', 'advising', 'admission']"
specifying,"['specific', 'exciting', 'seeing']"
choice,"['copies', 'machine', 'hotline']"
further,"['quarter', 'other', 'others']"
sound,"['found', 'send', 'compound']"
damage,"['danger', 'package', 'garbage']"
packing,"['placing', 'taking', 'making']"
happened,"['hand', 'spend', 'happy']"
computer,"['complete', 'compost', 'customer']"
things,"['thinking', 'thanks', 'taking']"
specific,"['specifying', 'special']"
steps,"['step', 'sites', 'tips']"
businesses,['business']
fail,"['family', 'fill', 'final']"
pay,"['way', 'say', 'day']"
satisfied,['safe']
question,"['questions', 'suggestions', 'version']"
right,"['light', 'delight', 'write']"
instructions,"['instruction', 'instructionsit', 'directions']"
excessive,['receive']
benefit,['benefits']
manufactured,"['manufacturer', 'features']"
exchange,"['changes', 'charge', 'merchandise']"
cost,"['costs', 'costly', 'most']"
mesh,"['times', 'means']"
allow,"['follow', 'call', 'followed']"
consult,"['cost', 'counsels', 'costs']"
explains,"['explain', 'explanations', 'explainwhyas']"
typed,"['tape', 'spend']"
matters,"['matter', 'waters', 'materials']"
copy,"['company', 'accompany', 'couple']"
days,"['day', 'ways']"
appliances,"['appliance', 'places', 'policies']"
safety,"['safe', 'shafts', 'set']"
blade,"['able', 'table', 'slide']"
performance,['preface']
responding,"['corresponding', 'sending', 'response']"
returning,"['return', 'returned', 'retain']"
shipping,"['clippings', 'springs', 'spin']"
given,"['give', 'regimen', 'negative']"
checked,"['check', 'choice']"
page,"['pare', 'package', 'place']"
costs,"['cost', 'costly', 'most']"
charge,"['care', 'changes', 'cages']"
plant,"['plan', 'pleasant', 'want']"
food,"['good', 'fold', 'found']"
procedures,"['procedureyou', 'produces', 'brochures']"
ensure,"['sure', 'dense', 'survey']"
top,['stop']
times,"['time', 'trim', 'tips']"
obtain,"['contain', 'taking', 'retain']"
loss,['costs']
light,"['delight', 'right', 'list']"
feel,"['free', 'field', 'fewer']"
own,"['town', 'owner', 'brown']"
r,[]
wonder,"['owner', 'order', 'owners']"
advising,"['avoiding', 'asking', 'disposing']"
open,"['spend', 'operation', 'operating']"
course,"['house', 'hours', 'counsels']"
getting,"['letting', 'meeting', 'exciting']"
willing,"['will', 'writing', 'involving']"
professional,"['personal', 'compression', 'process']"
program,[]
seems,"['seeas', 'see', 'users']"
following,"['follow', 'followed', 'mowing']"
odd,"['old', 'add']"
kinds,"['kind', 'mind', 'find']"
came,"['name', 'case', 'care']"
effort,"['left', 'form']"
lifetime,"['time', 'times']"
flexible,[]
found,"['sound', 'refund', 'food']"
falls,"['calls', 'fill', 'fail']"
step,"['steps', 'stop', 'waste']"
child,"['children', 'cold', 'field']"
money,"['one', 'tone', 'more']"
legal,"['seal', 'deal', 'local']"
recommend,"['record', 'become', 'regimen']"
hand,"['hands', 'had', 'hard']"
p,[]
schedule,[]
convenient,"['covering', 'confidential', 'condescending']"
shafts,"['safety', 'soft', 'safe']"
install,"['installation', 'initial', 'small']"
readers,"['orders', 'read', 'years']"
preparing,"['preprinted', 'returning', 'retain']"
suggestions,"['questions', 'suggest', 'question']"
effective,['receive']
mean,"['means', 'many', 'clean']"
house,"['hours', 'use', 'course']"
card,"['yard', 'hard', 'care']"
remember,['member']
commercial,['materials']
couple,"['complete', 'people', 'course']"
signature,"['signatures', 'signed', 'ignore']"
delight,"['light', 'right']"
member,"['remember', 'number', 'memo']"
fixture,"['future', 'fire', 'pictures']"
grow,['brown']
upper,"['appear', 'users', 'query']"
corner,"['owner', 'order', 'cover']"
pencil,"['special', 'enclose', 'open']"
clippings,"['shipping', 'springs']"
sites,"['steps', 'spite', 'switches']"
returned,"['return', 'refund', 'returning']"
worry,"['sorry', 'work', 'worst']"
hair,"['air', 'hear', 'hard']"
cleaning,"['leaving', 'clean', 'sending']"
healthy,[]
field,"['fold', 'fire', 'fine']"
separate,"['part', 'pare', 'department']"
garbage,"['garden', 'damage', 'charge']"
baby,[]
policies,"['places', 'process', 'appliances']"
section,"['mention', 'medication', 'directions']"
town,"['own', 'tone', 'owner']"
deliver,[]
are,"['rare', 'pare', 'care']"
operating,"['operation', 'covering', 'adopting']"
waste,"['water', 'waters', 'fasten']"
purpose,"['prose', 'response', 'purchased']"
obvious,[]
optional,"['motion', 'operation', 'informational']"
forms,"['form', 'enormous', 'worst']"
identify,"['residential', 'confidential']"
communication,"['communications', 'medication', 'mention']"
bottom,"['bottle', 'bottles', 'bedroom']"
included,"['include', 'enclosed']"
world,"['words', 'old', 'work']"
maintenance,"['sentence', 'inane', 'appliance']"
sign,"['signed', 'spin', 'signing']"
pleasant,"['plant', 'present', 'plastic']"
hauler,"['sharper', 'hear', 'have']"
yard,"['year', 'hard', 'card']"
disposing,"['advising', 'admission', 'responding']"
box,[]
unsatisfactory,['factory']
absorb,[]
parts,"['part', 'pare', 'experts']"
worst,"['words', 'work', 'most']"
hands,"['hand', 'heads', 'had']"
likely,[]
requires,"['requests', 'procedures', 'returned']"
n,[]
neighbor,[]
dotted,"['bottle', 'bottles', 'note']"
original,"['optional', 'final']"
label,"['able', 'table', 'place']"
factory,"['unsatisfactory', 'attorney']"
fine,"['finer', 'fire', 'find']"
occurred,"['brochure', 'accurate']"
entire,"['enter', 'ensure', 'mention']"
appear,"['upper', 'apple', 'year']"
familiar,"['family', 'fail']"
apply,"['happy', 'apple']"
cover,"['covering', 'corner', 'provider']"
industry,"['injury', 'inquiry', 'kinds']"
accompanied,"['accompany', 'company', 'compound']"
clear,"['clean', 'year', 'wear']"
sharp,"['sharper', 'shop', 'ship']"
communications,"['communication', 'medication', 'cautions']"
software,"['soft', 'state']"
moving,"['removing', 'mowing', 'covering']"
placing,"['packing', 'plan', 'leaving']"
summer,"['number', 'sure']"
assembly,[]
plastic,"['diplomatic', 'pleasant', 'plant']"
crafted,"['granted', 'accurate', 'indicated']"
places,"['place', 'replace', 'appliances']"
enclose,"['enclosed', 'enclosing', 'dense']"
contacts,"['contracts', 'contact', 'contract']"
video,"['provide', 'provider', 'slide']"
medication,"['medallion', 'section', 'mention']"
trouble,"['problem', 'table', 'rules']"
system,['step']
enormous,['forms']
generated,"['granted', 'crafted', 'need']"
garden,"['are', 'hardest', 'garbage']"
accurate,"['crafted', 'separate', 'occurred']"
model,"['more', 'deal', 'order']"
brochure,"['brochures', 'procedures', 'occurred']"
followed,"['follow', 'following', 'food']"
phrase,"['rephrase', 'prose', 'purchased']"
exciting,"['writing', 'specifying', 'section']"
left,"['letter', 'effort']"
signed,"['sign', 'signature', 'ignore']"
collect,"['complete', 'couple']"
ignore,"['signed', 'signature', 'signatures']"
saving,"['staying', 'leaving', 'using']"
overlooked,[]
avoiding,"['saving', 'leaving', 'advising']"
heads,"['hands', 'had', 'readers']"
confidential,"['residential', 'convenient', 'initial']"
attempt,"['empty', 'statement', 'matter']"
experiencing,"['explaining', 'exciting']"
removing,"['moving', 'mowing', 'responding']"
transfer,"['answer', 'answers', 'transparent']"
calls,"['call', 'falls', 'case']"
local,"['locate', 'call', 'legal']"
dispute,['spite']
lamp,"['flap', 'sample']"
bag,"['bags', 'garbage']"
factual,"['manual', 'casual']"
pictures,"['signatures', 'procedures', 'fixture']"
clarify,"['clarity', 'clear']"
legislation,"['registrations', 'relations', 'installation']"
replaced,"['replace', 'place', 'replacement']"
initial,"['initials', 'install', 'uninitiated']"
manufacturer,"['manufactured', 'features']"
clean,"['cleaned', 'clear', 'cleaning']"
jobs,['job']
spin,"['sign', 'springs', 'using']"
adopting,"['operating', 'optional', 'avoiding']"
m,[]
l,[]
grass,"['grease', 'trash', 'risks']"
quarter,"['further', 'water', 'query']"
lease,"['leave', 'leaves', 'grease']"
lines,"['minutes', 'list', 'hotline']"
constitutes,"['consult', 'counsels', 'contacts']"
covering,"['cover', 'moving', 'operating']"
risk,"['risks', 'is', 'brains']"
signatures,"['signature', 'sites', 'pictures']"
accompany,"['company', 'accompanied', 'complaints']"
document,[]
brochures,"['brochure', 'procedures', 'process']"
survey,"['sure', 'ensure']"
locate,"['local', 'lubricate', 'crafted']"
well,"['will', 'tell']"
interpret,"['instrument', 'painter', 'inserts']"
instrument,"['intermittent', 'instruction', 'appointment']"
table,"['able', 'trouble', 'tape']"
water,"['waters', 'waste', 'matter']"
will,"['well', 'fill', 'willing']"
inch,[]
cold,"['old', 'fold', 'world']"
clauses,"['cases', 'case', 'users']"
version,"['person', 'question', 'personal']"
rules,"['trouble', 'rollers', 'circles']"
signing,"['sign', 'sending', 'using']"
treat,"['treats', 'great', 'repeat']"
paragraphsenclosed,['enclosed']
contain,"['obtain', 'contact', 'contract']"
demands,"['means', 'heads', 'hands']"
door,['do']
withpoint,['writing']
experts,"['parts', 'temperatures', 'repeat']"
trim,"['time', 'times']"
initials,"['initial', 'install', 'essentials']"
spite,"['sites', 'step', 'spin']"
grease,"['lease', 'great', 'grass']"
answers,"['answer', 'inserts', 'users']"
users,"['use', 'customers', 'used']"
unimportant,"['important', 'toimportant']"
empty,['attempt']
asleep,"['see', 'step', 'keep']"
produces,"['products', 'product', 'process']"
corresponding,"['responding', 'condescending', 'sending']"
mouth,"['months', 'amount', 'much']"
hardest,"['hard', 'hands', 'orders']"
fruit,"['ruin', 'write', 'right']"
trees,"['treats', 'readers', 'free']"
features,"['future', 'temperatures', 'signatures']"
dense,"['ensure', 'enclose', 'desired']"
shop,"['stop', 'ship', 'sharp']"
owners,"['owner', 'mower', 'wonder']"
query,"['quarter', 'inquiry', 'users']"
emphasizing,['explaining']
safe,"['safety', 'state', 'staff']"
retain,"['rain', 'taking', 'returning']"
expand,"['explain', 'explains', 'end']"
waters,"['water', 'matters', 'waste']"
air,"['hair', 'repair', 'are']"
danger,"['damage', 'answer', 'painter']"
hotline,"['routine', 'phone', 'lines']"
enjoyment,['enrollment']
trash,"['treats', 'transfer', 'trees']"
shrubs,[]
lawn,"['plan', 'plant', 'clean']"
instruction,"['instructions', 'instructionsit', 'situation']"
appliance,"['appliances', 'place', 'apple']"
manual,"['manuals', 'casual', 'factual']"
decompose,"['compost', 'become', 'compressed']"
soil,"['oil', 'simple']"
compost,"['decompose', 'most', 'cost']"
tools,['toalways']
plugged,['plugging']
stupid,"['stop', 'step', 'spin']"
compound,"['compost', 'company', 'compression']"
rain,"['retain', 'brains', 'ruin']"
slice,"['slide', 'switches', 'policies']"
bottle,"['bottles', 'dotted', 'bottom']"
mowing,"['moving', 'removing', 'own']"
dry,['day']
enrollment,"['enrolled', 'enjoyment', 'instrument']"
vcr,['vcrs']
oil,"['soil', 'old']"
catastrophe,[]
mclaughlinindividual,[]
inserts,"['answers', 'users', 'lines']"
manuals,"['manual', 'means', 'materials']"
drugstore,[]
printouts,"['products', 'springs', 'product']"
involving,"['moving', 'willing', 'signing']"
injury,"['inquiry', 'industry']"
prose,"['purpose', 'phrase', 'provide']"
staying,"['taking', 'saving', 'using']"
regimen,"['given', 'recommend', 'equipment']"
provider,"['provide', 'produces', 'video']"
carpenters,"['parentheses', 'enter', 'cassettes']"
babysitters,"['matters', 'hamsters', 'sites']"
registrations,"['legislation', 'relations', 'instructions']"
optimum,[]
rephrase,"['phrase', 'grease', 'replace']"
preface,"['replace', 'replaced', 'reach']"
rebuked,"['returned', 'refund', 'agreed']"
condescending,"['sending', 'understanding', 'corresponding']"
troubleshooting,['trouble']
neutrally,['install']
pare,"['are', 'rare', 'part']"
essentials,"['residential', 'initials']"
compression,"['compressed', 'professional', 'compound']"
soak,['stock']
desired,"['describe', 'dense', 'signed']"
parentheses,"['awareness', 'carpenters', 'parts']"
cleaned,"['clean', 'leave', 'lease']"
intelligible,[]
clarity,"['clarify', 'clear', 'credit']"
uninitiated,"['indicated', 'initial', 'initials']"
counsels,"['course', 'consult', 'clauses']"
motion,"['mention', 'optional', 'operation']"
granted,"['generated', 'crafted', 'signed']"
exists,"['inserts', 'experts', 'list']"
diplomatic,['plastic']
inane,"['name', 'fine', 'maintenance']"
brains,"['rain', 'retain', 'relations']"
di,[]
vergent,"['different', 'get']"
explainwhyas,"['explains', 'explain', 'explanations']"
ashow,"['how', 'shop', 'trash']"
temperatures,"['features', 'experts', 'separate']"
degrees,"['trees', 'orders', 'grease']"
moisture,"['sure', 'most', 'more']"
freeze,"['free', 'receive', 'fire']"
crack,"['contract', 'reach', 'check']"
fewer,"['few', 'wear', 'feel']"
medallion,"['medication', 'mention', 'mean']"
notarization,"['operation', 'installation', 'appreciation']"
owner,"['owners', 'mower', 'own']"
cautions,"['carton', 'relations', 'questions']"
briefest,"['brief', 'requests', 'trees']"
toillustrateindicatei,"['illustrated', 'illustration']"
toalways,"['ways', 'tools']"
seeas,"['seems', 'see', 'seal']"
illustration,"['illustrated', 'registrations', 'instruction']"
toimportant,"['important', 'unimportant']"
instructionsit,"['instructions', 'instruction', 'registrations']"
tonote,"['tone', 'note', 'one']"
thatonce,"['thatch', 'tone', 'attorney']"
youstandard,['thousands']
procedureyou,"['procedures', 'produces', 'brochure']"
thatsentencescaution,[]
operation,"['operating', 'optional', 'information']"
plugging,"['unplugging', 'plugged', 'placing']"
illustrated,"['illustration', 'toillustrateindicatei', 'state']"
preadmittance,['preface']
electric,[]
knife,[]
awareness,"['parentheses', 'carpenters', 'address']"
countersigned,"['signed', 'course', 'understand']"
hamsters,"['waters', 'matters', 'answers']"
bottles,"['bottle', 'others', 'dotted']"
apple,"['apply', 'sample', 'people']"
marigold,[]
banana,[]
brown,"['own', 'town', 'grow']"
treats,"['treat', 'trees', 'trash']"
cages,"['changes', 'cases', 'charge']"
cardholder,[]
circles,"['rules', 'files', 'copies']"
fold,"['old', 'food', 'cold']"
seal,"['deal', 'special', 'small']"
moistening,"['sending', 'moisture', 'seeing']"
flap,['lamp']
staples,"['sales', 'sample', 'tape']"
transparent,['transfer']
bedroom,"['bottom', 'become']"
wakes,"['waters', 'ways', 'take']"
intermittent,"['instrument', 'nutrients', 'interpret']"
carton,"['cautions', 'can', 'medication']"
fasten,"['waste', 'patient', 'step']"
functioning,"['thinking', 'enclosing']"
residentsfrom,"['residential', 'present']"
residential,"['essentials', 'confidential', 'residentsfrom']"
nutrients,"['treats', 'instrument', 'patient']"
enter,"['letter', 'entire', 'better']"
bags,"['bag', 'cages', 'brains']"
mulch,"['much', 'such', 'mouth']"
ruin,"['run', 'rain', 'routine']"
filter,"['finer', 'files', 'letter']"
mower,"['owner', 'owners', 'wear']"
sharper,"['sharp', 'sample', 'hauler']"
finer,"['fine', 'filter', 'painter']"
overfertilization,"['notarization', 'relations', 'operation']"
thatch,['thatonce']
ideal,"['deal', 'seal', 'residential']"
enrolled,"['enrollment', 'rollers', 'followed']"
vcrs,"['vcr', 'course']"
costly,"['cost', 'costs', 'consult']"
risks,"['risk', 'grass']"
playback,['place']
cassette,"['cassettes', 'case', 'waste']"
cassettes,"['cassette', 'cases', 'carpenters']"
abrasion,"['brains', 'version', 'rain']"
unplugging,['plugging']
soft,"['software', 'shafts', 'safety']"
painter,"['patient', 'water', 'spite']"
brush,"['trash', 'rules']"
can,"['clean', 'carton', 'company']"
compressed,"['compression', 'complete', 'decompose']"
belts,"['benefits', 'label']"
rollers,"['rules', 'problems', 'enrolled']"
switches,"['sites', 'write', 'steps']"
springs,"['spin', 'using', 'shipping']"
lubricate,"['locate', 'illustrated']"
gears,"['years', 'grease', 'year']"
slide,"['slice', 'video', 'spite']"
