invitation,"['situation', 'situations', 'indicating']"
accept,"['accepted', 'acceptances', 'unacceptable']"
say,"['stay', 'says']"
person,"['personal', 'permission', 'papers']"
write,"['writes', 'written', 'writing']"
other,"['others', 'mother', 'voter']"
letter,"['letters', 'letterwant', 'letterhead']"
first,"['officers', 'interest', 'lists']"
see,"['seen', 'serve', 'use']"
have,"['leave', 'chance']"
details,"['dealt', 'extras']"
date,"['dates', 'update', 'rate']"
name,"['named', 'same', 'sample']"
questions,"['requests', 'reservations', 'situations']"
able,"['value', 'sales', 'talent']"
look,['looking']
delighted,['delivered']
thanks,"['thank', 'tanks', 'phonethank']"
want,"['wanted', 'went', 'wait']"
meeting,"['greetings', 'mention', 'thing']"
job,[]
do,[]
time,"['timely', 'meantime', 'simple']"
let,"['talent', 'letter', 'length']"
acceptances,"['accepted', 'accept', 'unacceptable']"
use,"['used', 'see', 'excuse']"
informal,"['information', 'oral', 'form']"
tell,"['telling', 'motel', 'hotel']"
kind,"['skin', 'find', 'kindness']"
application,"['applications', 'implication', 'appreciation']"
week,['weeks']
contract,"['contracts', 'contact', 'contractor']"
call,"['called', 'casual']"
writing,"['written', 'write', 'thing']"
sure,"['assure', 'store', 'issue']"
requests,"['request', 'requested', 'questions']"
wedding,"['sending', 'acknowledging']"
proposal,"['proposals', 'personal']"
repeat,"['street', 'report', 'recent']"
contribution,"['construction', 'conditions', 'conversation']"
take,"['make', 'thank', 'tanks']"
send,"['spend', 'end', 'sender']"
answer,['case']
personal,"['person', 'permission', 'proposal']"
mail,"['mailing', 'materials', 'making']"
respond,"['responded', 'response', 'responses']"
include,[]
telephone,"['phone', 'tone']"
number,"['numerous', 'members', 'name']"
large,"['arrange', 'eager', 'agree']"
ask,"['asks', 'asked']"
stationery,"['situation', 'situations', 'presentation']"
same,"['sample', 'name', 'samples']"
thank,"['thanks', 'tanks', 'take']"
wait,"['want', 'write', 'it']"
used,"['use', 'send', 'spend']"
letterhead,"['lettersdear', 'letter', 'letters']"
accepted,"['accept', 'acceptances', 'unacceptable']"
requested,"['request', 'requests', 'rerouted']"
appreciate,"['appreciated', 'appreciatedwe', 'appreciation']"
office,"['officers', 'file']"
year,"['hear', 'eager', 'reader']"
response,"['responses', 'responsible', 'responded']"
next,"['extra', 'extras', 'expect']"
month,"['mother', 'amount', 'most']"
work,"['worker', 'workshop']"
much,['touch']
looking,"['loving', 'look', 'long']"
best,"['tests', 'breakfast']"
request,"['requests', 'requested', 'requirements']"
letters,"['letter', 'lettersdear', 'letterwant']"
results,"['resorts', 'tests', 'requests']"
find,['kind']
speaking,"['taking', 'spring', 'making']"
workshop,['work']
express,"['expressing', 'expressions', 'process']"
amount,"['month', 'payment', 'want']"
nature,"['assure', 'literature', 'sure']"
agree,"['agreed', 'agreement', 'agreements']"
receipt,"['recent', 'recital', 'receive']"
wheelchair,[]
accessibility,['availability']
action,"['application', 'transactions', 'ton']"
avoid,[]
simple,"['sample', 'samples', 'shipped']"
reservations,"['reservation', 'presentation', 'preparation']"
tips,"['is', 'tennis']"
possible,"['responsible', 'problem']"
says,"['say', 'stay', 'sales']"
idea,"['delay', 'death', 'dealt']"
make,"['take', 'made', 'asked']"
enthusiastic,[]
proper,"['property', 'paper', 'papers']"
stock,"['touch', 'storm', 'store']"
more,"['store', 'order', 'motel']"
mention,"['mentioned', 'meeting', 'meantime']"
special,['recital']
information,"['confirmation', 'confirmations', 'informal']"
decision,"['divisions', 'permission', 'subdivision']"
situations,"['situation', 'stationery', 'invitation']"
example,"['sample', 'samples', 'employee']"
cases,"['case', 'changes', 'asks']"
phone,"['one', 'telephone', 'tone']"
receiving,"['receive', 'received', 'recent']"
engraved,"['bereaved', 'negative', 'serve']"
sent,"['went', 'send', 'seen']"
case,"['cases', 'deceased', 'close']"
handwritten,"['written', 'write']"
e,[]
join,['loving']
apology,['apologies']
enclosing,"['loving', 'telling', 'sending']"
room,[]
telling,"['tell', 'talking', 'billing']"
regular,['reader']
wallpaper,"['paper', 'papers']"
anniversary,['necessary']
it,"['wait', 'item', 'gift']"
new,"['one', 'few']"
wishes,['writes']
assistant,[]
director,['records']
enjoyed,"['mentioned', 'end']"
discussions,"['submissions', 'divisions', 'decision']"
important,[]
last,"['plans', 'lists']"
receive,"['received', 'receiving', 'receivedlook']"
package,[]
give,['negative']
manuscript,['manuscripts']
family,"['mail', 'fill', 'file']"
materials,"['memorial', 'matter', 'medical']"
stay,"['say', 'says', 'today']"
loan,"['long', 'plans', 'organ']"
thought,"['touch', 'enough']"
received,"['receive', 'receivedlook', 'receiving']"
acknowledge,"['acknowledges', 'acknowledged', 'acknowledgment']"
know,"['knows', 'unknown', 'knowing']"
sympathy,['patch']
acknowledgment,"['acknowledgments', 'acknowledge', 'acknowledgethe']"
weeks,['week']
confirmation,"['confirmations', 'confirming', 'consideration']"
order,"['orders', 'worker', 'reader']"
orders,"['order', 'worker', 'reordered']"
acknowledgments,"['acknowledgment', 'acknowledges', 'acknowledge']"
confirm,"['confirmed', 'confirming', 'confirmation']"
morning,"['comforting', 'offering', 'bring']"
message,"['messages', 'messageshow', 'eager']"
acknowledging,"['acknowledge', 'acknowledgment', 'acknowledges']"
expressions,"['expressing', 'express', 'permission']"
divorce,['devote']
absence,"['patience', 'sender', 'chance']"
contact,"['contract', 'contracts', 'contractor']"
need,"['needed', 'named', 'wanted']"
confirmations,"['confirmation', 'confirming', 'conditions']"
appropriate,"['appreciate', 'appreciated', 'preprinted']"
sales,"['samples', 'sample', 'says']"
payment,"['payments', 'department', 'shipment']"
apologies,"['apology', 'samples']"
gifts,"['gift', 'lists', 'items']"
manuscripts,['manuscript']
refer,"['referred', 'reader', 'order']"
conversation,"['consideration', 'recentconversationin', 'confirmation']"
previous,"['serious', 'revised', 'expressions']"
hear,"['year', 'hard', 'other']"
business,"['illness', 'kindness', 'using']"
payments,"['payment', 'shipments', 'department']"
arrived,"['arrives', 'received', 'agreed']"
made,"['make', 'reader', 'matter']"
cards,"['records', 'hard', 'case']"
meantime,"['mentioned', 'time', 'mention']"
skin,"['kind', 'using', 'speaking']"
patch,"['sympathy', 'patience', 'touch']"
delay,"['idea', 'underway', 'delivery']"
organ,"['oral', 'loan', 'foreign']"
gift,"['gifts', 'it']"
matter,"['mother', 'materials', 'letter']"
birthday,['today']
congratulations,"['confirmations', 'donations', 'conversation']"
reports,"['report', 'resorts', 'repairs']"
note,"['voter', 'other', 'motel']"
merchandise,"['meantime', 'means']"
close,"['case', 'cases']"
explanations,"['explain', 'transactions', 'exception']"
exception,"['explanations', 'action', 'collection']"
responses,"['response', 'responsible', 'responded']"
memorial,"['materials', 'editorial', 'removal']"
handled,"['wanted', 'chance', 'called']"
address,['addressed']
notify,['note']
sender,"['send', 'spend', 'see']"
collection,"['conversation', 'construction', 'exception']"
arrives,"['arrived', 'writes', 'serves']"
death,"['dealt', 'idea', 'date']"
serious,"['previous', 'numerous', 'reservations']"
follow,['fill']
written,"['write', 'handwritten', 'writes']"
necessary,['anniversary']
report,"['reports', 'resorts', 'repeat']"
evaluated,['value']
people,"['proper', 'problem', 'example']"
applicants,"['applications', 'application', 'plans']"
applications,"['application', 'applicants', 'implication']"
interviews,"['interest', 'interim', 'views']"
routine,"['rerouted', 'run', 'one']"
item,"['items', 'interim', 'write']"
numerous,"['number', 'serious']"
printed,"['printer', 'preprinted', 'write']"
copies,"['complaints', 'complex']"
agreed,"['agree', 'agreement', 'addressed']"
samples,"['sample', 'sales', 'simple']"
yesterday,"['therapy', 'stay', 'lettersdear']"
several,"['serve', 'serves', 'sender']"
delivery,"['delivered', 'very', 'relative']"
review,"['reviewed', 'revised', 'views']"
get,['let']
reach,"['patch', 'death']"
different,"['department', 'advisement']"
advertisement,"['advisement', 'department', 'agreement']"
arrange,['large']
replacement,"['recent', 'agreement', 'payment']"
recital,"['special', 'receipt', 'editorial']"
process,"['progress', 'express', 'promptness']"
short,"['resorts', 'storm', 'store']"
is,['tips']
enough,"['length', 'thought']"
waldo,[]
emersonletters,"['letters', 'letter']"
resemble,"['responsible', 'remembering']"
serve,"['serves', 'see', 'sure']"
serves,"['serve', 'see', 'supervisor']"
passed,"['asked', 'assure', 'addressed']"
excuse,"['use', 'expense', 'used']"
present,"['recent', 'presentation', 'sent']"
additional,"['editorial', 'action', 'conditions']"
condolence,['conditions']
greetings,"['meeting', 'reservations', 'receiving']"
announcements,"['announcement', 'announces', 'acknowledgments']"
documents,"['announcements', 'current', 'commitments']"
files,"['file', 'illness', 'fill']"
inquiries,"['inspires', 'interviews']"
underway,['delay']
writes,"['write', 'written', 'items']"
dealt,"['death', 'idea', 'date']"
consideration,"['conversation', 'confirmation', 'confirmations']"
oral,"['organ', 'memorial', 'informal']"
agreements,"['agreement', 'requirements', 'replacement']"
dates,"['date', 'update', 'rate']"
messageshow,"['messages', 'message']"
reservation,"['reservations', 'presentation', 'preparation']"
occasion,['decision']
describe,"['describing', 'crib']"
reader,"['refer', 'order', 'eager']"
indicated,"['indicating', 'immediate', 'ciated']"
explain,"['plans', 'explanations', 'exception']"
appreciation,"['appreciate', 'appreciated', 'application']"
kindness,"['kind', 'illness', 'business']"
courtesy,['contents']
statement,"['talent', 'street', 'agreement']"
belabor,['behavior']
negative,"['relative', 'give', 'meantime']"
tone,"['ton', 'one', 'store']"
talking,"['taking', 'making', 'telling']"
thing,"['thinking', 'taking', 'writing']"
items,"['item', 'writes', 'interim']"
confirming,"['confirm', 'confirmation', 'confirmations']"
very,"['voter', 'delivery']"
hardships,"['ship', 'hard']"
involved,[]
relative,"['negative', 'receive', 'rate']"
bereaved,"['engraved', 'revised', 'reviewed']"
mother,"['other', 'others', 'voter']"
asked,"['ask', 'passed', 'used']"
ciated,"['complicated', 'appreciated', 'wanted']"
loving,"['long', 'looking', 'leaving']"
touch,"['thought', 'much', 'stock']"
letterwriter,"['letterwant', 'lettersdear', 'letter']"
asks,"['ask', 'tanks', 'cases']"
issue,"['assure', 'sure', 'lists']"
provide,"['price', 'review', 'proper']"
forward,[]
department,"['payment', 'replacement', 'payments']"
timely,"['time', 'tell']"
transactions,"['reservations', 'organization', 'explanations']"
delivered,"['delivery', 'delighted', 'divorce']"
unusual,"['usual', 'casual']"
went,"['want', 'sent', 'wanted']"
one,"['tone', 'phone', 'ton']"
sending,"['send', 'wedding', 'using']"
implication,"['application', 'applications', 'invitation']"
shipments,"['shipment', 'payments', 'shipped']"
customers,['customer']
suppliers,"['supplies', 'supply', 'papers']"
submissions,"['subdivision', 'permission', 'discussions']"
complaints,"['plans', 'complicated', 'commitments']"
responded,"['respond', 'response', 'responses']"
knows,"['know', 'unknown', 'knowing']"
supervisor,"['suppliers', 'serves', 'person']"
co,[]
worker,"['work', 'order', 'orders']"
offering,"['morning', 'confirming', 'comforting']"
contents,"['concerns', 'commitments', 'contracts']"
announcement,"['announcements', 'announces', 'acknowledgment']"
illness,"['kindness', 'files', 'business']"
behalf,[]
donations,"['conditions', 'confirmations', 'organization']"
donor,[]
domestic,['metric']
hotel,"['hotels', 'motel', 'tell']"
motel,"['hotel', 'mother', 'hotels']"
confirmed,"['confirm', 'confirming', 'confirmation']"
conditions,"['confirmations', 'donations', 'contribution']"
changes,"['chance', 'cases', 'thanks']"
plans,"['loan', 'last', 'explain']"
requirements,"['agreements', 'requests', 'agreement']"
length,"['talent', 'let', 'enough']"
accommodation,"['confirmation', 'action', 'consideration']"
price,"['provide', 'process', 'printer']"
extras,"['extra', 'letters', 'express']"
crib,['describe']
availability,['accessibility']
pool,['people']
entertaining,"['understanding', 'inserting', 'continuing']"
facilities,['files']
foreign,"['organ', 'forgotten']"
hotels,"['hotel', 'motel', 'others']"
resorts,"['reports', 'report', 'results']"
fax,[]
announces,"['announcements', 'announcement']"
expressing,"['expressions', 'express', 'spring']"
called,"['call', 'installed', 'ciated']"
most,"['motel', 'month', 'mother']"
acknowledged,"['acknowledge', 'acknowledges', 'acknowledgment']"
righthow,[]
assure,"['sure', 'issue', 'passed']"
communicate,"['complicated', 'committee', 'commitments']"
spend,"['send', 'end', 'sender']"
proposals,"['proposal', 'promptness', 'process']"
eager,"['reader', 'year', 'message']"
mailing,"['making', 'mail', 'talking']"
immediate,"['indicated', 'medical', 'date']"
résumés,['résumé']
interest,"['interviews', 'printer', 'interim']"
organization,"['transactions', 'donations', 'confirmation']"
preprinted,"['printed', 'prepared', 'printer']"
form,"['storm', 'informal']"
fill,"['file', 'files', 'follow']"
indicating,"['indicated', 'invitation', 'implication']"
public,[]
figure,"['sure', 'file']"
inspires,"['inquiries', 'supplies', 'interest']"
many,"['means', 'making']"
messages,"['message', 'messageshow', 'sales']"
unknown,"['know', 'knowing', 'knows']"
deceased,"['case', 'received', 'bereaved']"
foldovers,['orders']
records,"['resorts', 'reports', 'director']"
keep,[]
hard,"['had', 'hear', 'cards']"
file,"['files', 'fill', 'simple']"
complicated,"['completed', 'communicate', 'ciated']"
memo,['memorial']
casual,"['usual', 'unusual', 'catalog']"
mentioned,"['mention', 'meantime', 'meeting']"
phonethank,"['thank', 'phone', 'thanks']"
acknowledgethe,"['acknowledge', 'acknowledgment', 'acknowledges']"
ofto,[]
recentconversationin,"['conversation', 'presentation', 'entertaining']"
letterwant,"['letter', 'letterwriter', 'letters']"
appreciatedwe,"['appreciated', 'appreciate', 'appreciation']"
receivedlook,"['received', 'receive']"
continuing,"['contribution', 'confirming', 'thinking']"
ourwill,[]
afternoon,[]
printer,"['printed', 'interim', 'preprinted']"
ribbons,[]
remembering,"['members', 'meeting', 'resemble']"
views,"['review', 'interviews', 'reviewed']"
socialized,"['ciated', 'called']"
medicine,['medical']
shipped,"['ship', 'spend', 'shipment']"
acknowledges,"['acknowledge', 'acknowledged', 'acknowledgments']"
comforting,"['morning', 'confirming', 'offering']"
members,"['remembering', 'number']"
appreciated,"['appreciate', 'appreciatedwe', 'appreciation']"
presentation,"['reservation', 'reservations', 'present']"
taking,"['talking', 'making', 'thing']"
concerns,"['contents', 'officers', 'conversation']"
advisement,"['advertisement', 'statement', 'different']"
rerouted,"['requested', 'routine', 'retyped']"
shipment,"['shipments', 'shipped', 'ship']"
tennis,['tips']
rackets,"['contracts', 'accept']"
catalog,['casual']
recent,"['receipt', 'present', 'replacement']"
identification,"['invitation', 'indicating', 'information']"
removal,['memorial']
underground,[]
storage,"['store', 'storm', 'street']"
tanks,"['thanks', 'thank', 'take']"
property,"['proper', 'appropriate', 'paper']"
current,"['documents', 'recent']"
voter,"['other', 'others', 'mother']"
attitudes,[]
revised,"['reviewed', 'review', 'received']"
proceeding,"['receiving', 'greetings', 'spring']"
inspection,"['inserting', 'implication', 'transactions']"
storm,"['store', 'storage', 'form']"
drain,"['organ', 'bring']"
street,"['store', 'see', 'repeat']"
construction,"['contribution', 'contractor', 'consideration']"
installed,"['called', 'printed']"
subdivision,"['divisions', 'submissions', 'decision']"
completed,"['complicated', 'complex', 'complaints']"
referred,"['refer', 'reordered', 'reviewed']"
value,"['evaluated', 'able', 'sales']"
customer,"['customers', 'storm', 'store']"
patience,"['absence', 'experienced', 'price']"
prepared,"['preprinted', 'retyped', 'repairs']"
update,"['date', 'dates', 'rate']"
preparation,"['reservation', 'reservations', 'presentation']"
knowing,"['know', 'unknown', 'acknowledging']"
progress,"['process', 'promptness', 'express']"
making,"['taking', 'talking', 'mailing']"
returns,"['requirements', 'greetings', 'orders']"
had,"['hard', 'handled']"
chance,"['changes', 'handled', 'absence']"
microscope,[]
run,"['routine', 'returns']"
tests,"['results', 'resorts', 'best']"
committee,"['communicate', 'commitments', 'complicated']"
commitments,"['contents', 'committee', 'appointments']"
devote,"['voter', 'divorce', 'note']"
thinking,"['thing', 'taking', 'talking']"
needed,['need']
promptness,"['process', 'progress', 'proposals']"
bring,"['spring', 'writing', 'morning']"
spring,"['using', 'bring', 'speaking']"
lists,"['visits', 'last', 'tests']"
wanted,"['want', 'ciated', 'printed']"
leaving,"['loving', 'speaking', 'leave']"
today,"['stay', 'birthday', 'delay']"
billing,"['telling', 'mailing', 'bring']"
problem,"['possible', 'proper', 'people']"
contractor,"['contract', 'contracts', 'contact']"
glad,[]
agreement,"['agreements', 'agree', 'replacement']"
contracts,"['contract', 'contact', 'contractor']"
retyped,"['rerouted', 'prepared', 'responded']"
inserting,"['inspection', 'spring', 'entertaining']"
metric,"['domestic', 'mention', 'meeting']"
ton,"['tone', 'one', 'action']"
rate,"['date', 'write', 'relative']"
end,"['send', 'spend', 'sender']"
long,"['loving', 'loan', 'looking']"
seen,"['see', 'sent', 'send']"
breakfast,['best']
describing,"['describe', 'decision', 'spring']"
employee,['example']
behavior,['belabor']
encountered,"['reordered', 'confirmed']"
visits,"['lists', 'divisions']"
store,"['storage', 'storm', 'street']"
situation,"['situations', 'stationery', 'invitation']"
embarrassment,['department']
unpleasantness,[]
experienced,"['printed', 'preprinted', 'expense']"
résumé,['résumés']
means,"['many', 'merchandise', 'payments']"
beginning,"['begin', 'sending', 'billing']"
qualified,[]
therapy,"['other', 'yesterday', 'others']"
sample,"['samples', 'simple', 'same']"
supplies,"['suppliers', 'supply', 'samples']"
literature,"['nature', 'letterwant']"
lettersdear,"['letters', 'letterhead', 'letter']"
addressed,"['address', 'passed', 'agreed']"
medical,"['memorial', 'medicine', 'materials']"
leave,"['leaving', 'have', 'relative']"
interim,"['item', 'printer', 'interviews']"
named,"['name', 'same', 'need']"
others,"['other', 'mother', 'voter']"
unacceptable,"['accepted', 'acceptances', 'accept']"
paper,"['papers', 'proper', 'wallpaper']"
puter,"['printer', 'customer', 'voter']"
overwhelming,['offering']
symposium,[]
papers,"['paper', 'wallpaper', 'suppliers']"
editorial,"['memorial', 'additional', 'recital']"
staff,['stay']
usual,"['unusual', 'casual', 'sales']"
understanding,"['entertaining', 'inserting', 'sending']"
reordered,"['order', 'referred', 'responded']"
expect,"['repeat', 'express', 'expense']"
supply,"['supplies', 'suppliers']"
few,['new']
ship,"['shipped', 'shipment', 'shipments']"
permission,"['person', 'submissions', 'personal']"
responsible,"['response', 'responses', 'possible']"
expense,"['express', 'response', 'expressions']"
repairs,"['reports', 'prepared', 'report']"
extra,"['extras', 'next']"
key,[]
begin,"['beginning', 'bring']"
practicing,"['receiving', 'spring', 'action']"
talent,"['statement', 'let', 'length']"
using,"['spring', 'skin', 'sending']"
wonderful,[]
old,[]
forgotten,"['written', 'foreign']"
quicklyhow,[]
complex,"['completed', 'complicated', 'simple']"
reviewed,"['review', 'revised', 'referred']"
officers,"['office', 'offering', 'concerns']"
divisions,"['subdivision', 'decision', 'discussions']"
appointments,"['contents', 'commitments', 'applicants']"
up,[]
