accept,"['concept', 'account', 'fact']"
say,"['way', 'shy', 'staying']"
reply,"['employ', 'replaced']"
person,"['personal', 'personnel', 'son']"
happy,[]
write,"['written', 'wrote', 'writing']"
pleased,"['learned', 'replaced', 'plans']"
dinner,"['printer', 'near', 'mine']"
other,"['others', 'vote', 'teacher']"
letter,"['letters', 'letterthis', 'letterhead']"
first,"['list', 'officers', 'interest']"
invitations,"['inviting', 'traditions', 'renovation']"
see,"['seen', 'seem', 'seek']"
bid,['obliged']
have,"['save', 'phrase', 'having']"
offer,"['offered', 'officers', 'office']"
discuss,['discount']
date,"['dates', 'state', 'slate']"
name,"['names', 'named', 'same']"
questions,"['requesting', 'requests', 'positions']"
able,"['sale', 'value', 'sales']"
look,"['looked', 'book']"
thanks,"['thank', 'think', 'takes']"
enclosed,"['enclose', 'enclosing', 'included']"
want,"['wants', 'wanted', 'wait']"
meeting,"['meetings', 'meet', 'setting']"
job,['jobs']
do,"['door', 'done', 'does']"
time,"['title', 'lifetimes', 'notice']"
working,"['networking', 'work', 'writing']"
how,"['shows', 'own']"
let,"['left', 'set', 'letter']"
position,"['positions', 'imposition', 'motion']"
use,"['used', 'useful', 'set']"
informal,"['information', 'format', 'form']"
tell,[]
inviting,"['visiting', 'invitations', 'living']"
kind,"['find', 'friend', 'asking']"
asking,"['talking', 'having', 'ask']"
week,"['weeks', 'seek', 'weekend']"
contract,"['contact', 'contacts', 'concept']"
call,"['calls', 'small', 'local']"
help,[]
writing,"['handwriting', 'withbring', 'written']"
sure,"['assure', 'gesture', 'urged']"
requests,"['request', 'requested', 'requesting']"
expression,"['express', 'professional', 'professionalism']"
part,"['party', 'art', 'parent']"
take,"['takes', 'talk', 'make']"
good,"['goodwill', 'go', 'looked']"
send,"['second', 'used', 'seen']"
brief,"['write', 'bring']"
state,"['started', 'situate', 'slate']"
personal,"['person', 'personnel', 'professional']"
mail,"['small', 'family']"
respond,"['reason', 'reasons', 'correspondent']"
include,['included']
starting,"['stating', 'staying', 'setting']"
telephone,['phone']
number,"['members', 'near', 'name']"
large,"['are', 'learned', 'arrange']"
ask,"['asked', 'has', 'asking']"
same,"['sample', 'save', 'sale']"
format,"['form', 'informal', 'information']"
children,['while']
thank,"['thanks', 'think', 'talk']"
wait,"['want', 'write', 'wants']"
used,"['use', 'send', 'urged']"
letterhead,"['lettersdear', 'letter', 'letters']"
great,"['get', 'regret', 'related']"
requested,"['request', 'requests', 'requesting']"
appreciate,"['appreciation', 'participate', 'associates']"
office,"['officers', 'offer', 'notice']"
year,"['years', 'near', 'hear']"
next,['extend']
month,"['most', 'smoothes', 'worth']"
work,"['working', 'network', 'worth']"
much,"['touch', 'lunch']"
best,[]
book,"['look', 'looked']"
thousands,"['hands', 'thanks']"
ways,"['way', 'days', 'wants']"
way,"['ways', 'say']"
decide,"['decided', 'decades', 'described']"
request,"['requests', 'requested', 'requesting']"
letters,"['letter', 'letterthis', 'coxletters']"
find,"['friend', 'kind', 'friends']"
place,"['space', 'replaced', 'plan']"
clubs,"['focus', 'calls']"
membership,"['members', 'remember']"
conference,"['conferences', 'confidence', 'reference']"
express,"['expression', 'presents', 'represent']"
assistance,['reassigned']
particular,['participate']
needs,"['need', 'ones', 'unsealed']"
home,"['hope', 'whole', 'phone']"
list,"['last', 'visit', 'it']"
group,['groups']
future,"['gesture', 'turn', 'sure']"
reciprocal,[]
busy,['buy']
possible,"['problem', 'professional']"
deal,"['deals', 'dear', 'behalf']"
make,"['take', 'takes', 'asked']"
friends,"['friend', 'friendship', 'friendplease']"
go,['good']
mention,"['mentioned', 'motion', 'attention']"
required,"['retired', 'requested', 'pressured']"
special,"['superficial', 'social', 'specific']"
offered,"['offer', 'officers', 'office']"
experience,"['reference', 'references', 'prices']"
information,"['informal', 'format', 'transportation']"
goodwill,['good']
example,"['sample', 'employees', 'people']"
parties,"['partners', 'spares', 'prices']"
phone,"['one', 'telephone', 'ones']"
third,"['retired', 'think', 'other']"
case,"['base', 'calls', 'asked']"
party,"['part', 'art', 'parent']"
handwritten,"['handwriting', 'written', 'write']"
e,[]
honored,"['phone', 'looked', 'one']"
vote,"['note', 'wrote', 'other']"
meet,"['meeting', 'meetings', 'regret']"
plan,"['plans', 'explain', 'place']"
enclosing,"['enclose', 'enjoying', 'enclosed']"
room,[]
complete,"['collected', 'coxletters', 'compare']"
night,[]
attention,"['mention', 'mentioned', 'renovation']"
it,"['wait', 'list', 'hint']"
suggested,"['suggest', 'requested', 'gesture']"
new,"['knew', 'one', 'few']"
wishes,['wish']
important,"['imposition', 'opportunity', 'improvement']"
responsibilities,[]
last,"['list', 'slate', 'plans']"
understand,"['entertain', 'interested']"
receive,"['received', 'reserve', 'extensive']"
self,"['useful', 'behalf']"
give,"['given', 'invite']"
manuscript,[]
family,['mail']
suggest,"['suggested', 'set', 'get']"
set,"['use', 'see', 'let']"
meetings,"['meeting', 'things', 'setting']"
reference,"['references', 'experience', 'conference']"
thought,"['bought', 'touch', 'oughthow']"
favorite,"['favor', 'vote', 'write']"
enjoy,['enjoying']
refusals,"['refuse', 'requests', 'grateful']"
received,"['receive', 'retired', 'reserve']"
know,"['knew', 'likeknown']"
weeks,"['week', 'weekend', 'seekers']"
message,['messages']
contact,"['contract', 'contacts', 'concept']"
need,"['needs', 'unsealed', 'named']"
sales,"['sale', 'spares', 'sample']"
payment,"['parent', 'department', 'agent']"
hear,"['heard', 'year', 'near']"
business,[]
matter,"['letter', 'babysitter', 'letters']"
note,"['notice', 'vote', 'wrote']"
address,"['areas', 'added', 'acres']"
serious,"['various', 'services', 'serves']"
written,"['write', 'handwritten', 'writing']"
necessary,['near']
people,"['problem', 'example', 'applies']"
applications,"['appreciation', 'positions', 'traditions']"
several,"['serves', 'see']"
get,"['gets', 'great', 'agent']"
arrange,"['arranging', 'large', 'strangers']"
short,"['worth', 'shows']"
is,"['wish', 'list']"
enough,"['bought', 'thought']"
serves,"['services', 'service', 'reserve']"
present,"['presents', 'topresent', 'represent']"
additional,['traditions']
announcements,['management']
files,"['friends', 'officers', 'while']"
consideration,"['position', 'generations', 'connections']"
dates,"['date', 'parties', 'does']"
reader,"['presider', 'trades', 'bearer']"
explain,"['plan', 'plans']"
appreciation,"['appreciate', 'applications', 'renovation']"
statement,"['state', 'management', 'stating']"
talking,"['asking', 'traveling', 'talk']"
asked,"['ask', 'used', 'take']"
touch,"['thought', 'much', 'vouching']"
provide,"['providing', 'improve', 'presider']"
department,"['parent', 'payment', 'represent']"
one,"['ones', 'done', 'phone']"
customers,"['customer', 'outcomes', 'newcomers']"
behalf,"['self', 'deal']"
plans,"['plan', 'pleased', 'last']"
requirements,"['required', 'requests', 'represent']"
most,"['month', 'motion']"
assure,"['sure', 'pressured', 'are']"
interest,"['interests', 'interested', 'printer']"
form,"['former', 'format', 'informal']"
many,"['man', 'mean', 'means']"
messages,"['message', 'manages', 'ages']"
mentioned,"['mention', 'motion', 'continued']"
printer,"['write', 'presider', 'partners']"
ribbons,[]
members,"['membership', 'remember', 'newcomers']"
value,"['sale', 'able', 'sales']"
customer,"['customers', 'outcomes']"
had,"['heard', 'hands', 'has']"
run,"['return', 'fun', 'running']"
bring,"['trying', 'withbring', 'suchbring']"
wanted,"['want', 'wants', 'started']"
today,['days']
billing,"['building', 'unwilling', 'bring']"
problem,"['possible', 'people']"
long,"['going', 'flung', 'doing']"
seen,"['see', 'send', 'seem']"
embarrassment,"['management', 'department']"
means,"['mean', 'man', 'reasons']"
sample,"['same', 'sale', 'example']"
lettersdear,"['letters', 'letterhead', 'letter']"
named,"['name', 'names', 'camped']"
others,"['other', 'smoothes', 'coxletters']"
few,['new']
ship,[]
begin,"['engineer', 'going', 'given']"
wonderful,['wonder']
old,"['world', 'older', 'obliged']"
officers,"['office', 'offer', 'offered']"
regret,"['great', 'represent', 'get']"
products,"['product', 'projects', 'project']"
has,"['hands', 'thanks', 'phrase']"
discount,"['discuss', 'account', 'division']"
product,"['products', 'project', 'predict']"
quality,['qualifies']
full,['useful']
done,"['one', 'ones', 'does']"
years,"['year', 'near', 'hear']"
due,['use']
doing,"['going', 'moving', 'working']"
letting,"['setting', 'stating', 'putting']"
opportunity,"['opportunities', 'important']"
notice,"['noticeget', 'note', 'office']"
small,"['sale', 'mail', 'call']"
return,"['turn', 'run', 'retired']"
free,"['feel', 'regret', 'refuse']"
account,"['discount', 'accept', 'backgroundthe']"
dear,"['year', 'near', 'hear']"
respect,"['suspect', 'present', 'presents']"
deals,"['deal', 'does', 'demands']"
continued,"['convinced', 'mentioned', 'connections']"
services,"['service', 'serves', 'prices']"
focus,"['yous', 'yours', 'clubs']"
employees,"['employ', 'example']"
wish,"['wishes', 'is']"
things,"['think', 'meetings', 'withbring']"
favor,"['favorite', 'form']"
specific,"['special', 'superficial']"
gesture,"['sure', 'suggested', 'pressured']"
handle,"['hands', 'had', 'change']"
little,"['title', 'written', 'situate']"
art,"['part', 'party', 'parent']"
allow,"['call', 'small', 'calls']"
typed,['type']
stating,"['starting', 'staying', 'setting']"
days,"['ways', 'today', 'deals']"
hope,"['home', 'whole', 'phone']"
design,"['sign', 'reassigned', 'deposit']"
automatic,[]
serving,"['setting', 'service', 'starting']"
interested,"['interest', 'interests', 'requested']"
type,['typed']
requesting,"['request', 'requests', 'requested']"
given,"['give', 'going', 'begin']"
shows,"['how', 'short']"
son,"['strong', 'second', 'reason']"
reason,"['reasons', 'respond', 'areas']"
visit,"['visiting', 'insist', 'list']"
collected,"['complete', 'coxletters', 'colleagues']"
procedures,"['procedure', 'products', 'schedules']"
line,"['mine', 'like', 'living']"
personnel,"['personal', 'person']"
limited,"['irmiter', 'obligated', 'little']"
fact,"['face', 'format', 'accept']"
think,"['thank', 'things', 'thanks']"
grateful,"['refusals', 'great']"
going,"['doing', 'moving', 'working']"
friend,"['friends', 'find', 'friendship']"
feel,"['free', 'feeling', 'field']"
school,[]
useful,"['use', 'used', 'self']"
own,"['town', 'son', 'one']"
like,"['line', 'likeknown', 'looked']"
wonder,"['wonderful', 'older', 'one']"
put,"['putting', 'product']"
course,"['yours', 'use', 'courtesies']"
wrote,"['write', 'written', 'vote']"
professional,"['professionalism', 'expression', 'personal']"
program,"['programs', 'paragraph']"
trying,"['staying', 'bring', 'starting']"
certain,"['entertain', 'creating', 'consideration']"
seem,"['see', 'seen', 'seek']"
talk,"['take', 'talking', 'thank']"
building,"['billing', 'unwilling', 'finding']"
obliged,"['obligated', 'old', 'bid']"
confidence,"['conference', 'conferences', 'convinced']"
wants,"['want', 'wanted', 'ways']"
names,"['name', 'named', 'same']"
parent,"['part', 'present', 'payment']"
teacher,"['researcher', 'other', 'reader']"
references,"['reference', 'conferences', 'experience']"
consequences,"['conferences', 'conference', 'confidence']"
social,"['special', 'local', 'associates']"
convinced,"['continued', 'confidence', 'conveyed']"
management,"['manages', 'agent', 'statement']"
service,"['services', 'serves', 'serving']"
takes,"['take', 'trades', 'thanks']"
improve,"['improvement', 'provide', 'moved']"
environment,"['improvement', 'requirements']"
started,"['state', 'situate', 'starting']"
directors,"['editors', 'investors']"
visiting,"['visit', 'inviting', 'writing']"
admire,"['are', 'address', 'same']"
mean,"['means', 'man', 'many']"
city,['it']
reasons,"['reason', 'respond', 'presents']"
feeling,"['feel', 'meeting', 'remodeling']"
decided,"['decide', 'described', 'decades']"
card,"['heard', 'guard', 'board']"
remember,"['members', 'membership']"
added,"['decided', 'address', 'named']"
finding,"['finishing', 'find', 'spending']"
reluctant,['related']
older,"['old', 'wonder', 'modern']"
ages,"['gets', 'manages', 'takes']"
partners,"['parties', 'spares', 'printer']"
envelope,"['envelopes', 'enclose', 'enclosed']"
dollar,"['door', 'dear']"
colleagues,"['collected', 'coxletters']"
whole,"['while', 'hope', 'home']"
board,"['card', 'world', 'heard']"
established,['publisher']
field,"['friend', 'friends', 'find']"
dependable,['depend']
second,"['send', 'son', 'respond']"
change,"['changed', 'having', 'handle']"
policies,"['prices', 'principles', 'applies']"
living,"['inviting', 'moving', 'involving']"
space,"['place', 'spares', 'save']"
changed,"['change', 'hands', 'wanted']"
paragraph,['program']
town,"['own', 'strong']"
are,"['area', 'large', 'areas']"
division,"['invitations', 'visiting', 'inviting']"
prices,"['parties', 'principles', 'services']"
former,"['form', 'format', 'irmiter']"
improvement,"['improve', 'present', 'environment']"
welcome,"['becomes', 'newcomers']"
common,['recommendation']
obligation,"['obligated', 'position', 'applications']"
obligated,"['obliged', 'obligation', 'related']"
relationships,"['traditions', 'renovation', 'friendship']"
programs,['program']
editors,"['directors', 'investors']"
envelopes,"['envelope', 'enclose']"
modern,"['older', 'wonder', 'remodeling']"
area,"['areas', 'are', 'large']"
energy,['near']
included,"['include', 'windowed', 'enclosed']"
transportation,"['restoration', 'renovation', 'information']"
world,"['old', 'work', 'worth']"
friendship,"['friends', 'friend', 'friendplease']"
sign,"['design', 'asking']"
moved,"['improve', 'conveyed', 'solve']"
putting,"['stating', 'setting', 'letting']"
face,"['fact', 'space', 'place']"
poor,['door']
having,"['traveling', 'things', 'moving']"
base,"['case', 'asked', 'phrase']"
hands,"['has', 'had', 'thanks']"
related,"['replaced', 'retired', 'slate']"
realize,"['organize', 'reader']"
gets,"['get', 'ages', 'great']"
caught,"['bought', 'thought']"
knew,"['new', 'know']"
described,"['decided', 'decide']"
refuse,"['refusals', 'use', 'respect']"
bought,"['thought', 'oughthow', 'enough']"
save,"['same', 'sale', 'have']"
delightful,[]
arranging,"['arrange', 'running']"
yours,"['yous', 'course', 'youif']"
setting,"['stating', 'letting', 'starting']"
engineer,['begin']
project,"['projects', 'product', 'predict']"
lunch,"['much', 'luck', 'touch']"
representative,"['represent', 'presenting', 'present']"
industry,[]
invite,"['inviting', 'insist', 'instituted']"
title,"['little', 'time', 'write']"
presenting,"['present', 'presents', 'topresent']"
seek,"['see', 'week', 'seen']"
heard,"['hear', 'had', 'year']"
qualifies,"['lifetimes', 'quality', 'applies']"
extensive,"['extended', 'extend', 'receive']"
restoration,"['renovation', 'traditions', 'stating']"
dedicated,"['related', 'predict', 'decades']"
perfect,"['project', 'predict', 'projects']"
moving,"['going', 'doing', 'providing']"
learned,"['pleased', 'large', 'heard']"
agency,"['agent', 'many', 'ages']"
strong,"['starting', 'trying', 'strangers']"
assembly,[]
areas,"['area', 'acres', 'are']"
proposed,[]
enclose,"['enclosed', 'enclosing', 'envelope']"
contacts,"['contact', 'contract', 'concept']"
regarding,"['grudging', 'creating', 'remodeling']"
president,"['present', 'presider', 'presents']"
schedules,['procedures']
slate,"['state', 'started', 'situate']"
strangers,"['trades', 'strong', 'staying']"
extend,"['extended', 'extensive', 'depend']"
comfortable,[]
luck,"['lucky', 'lack', 'lunch']"
turn,"['return', 'trying', 'strong']"
groups,"['group', 'various', 'serious']"
man,"['mean', 'many', 'means']"
interests,"['interest', 'interested', 'investors']"
worth,"['work', 'wrote', 'write']"
sympathetic,[]
neighborhood,[]
suspect,"['respect', 'use', 'set']"
weekend,"['week', 'weeks', 'extend']"
does,"['ones', 'done', 'do']"
ones,"['one', 'done', 'does']"
finished,"['finishing', 'find', 'field']"
phrase,"['has', 'present', 'pleased']"
lack,"['luck', 'place', 'lucky']"
left,"['let', 'letter']"
insist,"['invite', 'inspire', 'list']"
predict,"['project', 'product', 'projects']"
becomes,"['newcomers', 'welcome', 'outcomes']"
providing,"['provide', 'moving', 'remodeling']"
agent,"['get', 'parent', 'agency']"
tactful,['grateful']
inspire,"['insimilar', 'spares', 'invite']"
calls,"['call', 'case', 'small']"
local,"['social', 'call', 'cocktail']"
sale,"['sales', 'sample', 'save']"
conveyed,"['convinced', 'need', 'needs']"
creating,"['drafting', 'regarding', 'writing']"
hint,"['think', 'it', 'things']"
homeowner,['home']
replaced,"['related', 'place', 'pleased']"
running,"['hunting', 'grudging', 'bring']"
correspondent,"['respond', 'topresent', 'represent']"
buy,['busy']
jobs,['job']
compare,"['complete', 'spares', 'parent']"
associates,"['social', 'appreciate']"
hesitate,"['situate', 'state', 'started']"
deposit,"['position', 'positions', 'design']"
outcomes,['becomes']
organize,['realize']
mine,"['line', 'mentioned', 'moving']"
introduce,"['introduced', 'introducing', 'introduction']"
recommendations,"['recommendation', 'consideration', 'renovation']"
publishing,"['publisher', 'finishing', 'living']"
introduction,"['introductions', 'introducing', 'introduce']"
presents,"['present', 'topresent', 'represent']"
recommendation,"['recommendations', 'renovation', 'mention']"
various,"['serious', 'groups', 'artist']"
rules,"['request', 'requests', 'sales']"
extended,"['extend', 'extensive']"
accommodate,[]
demands,"['decades', 'means', 'hands']"
door,"['poor', 'do', 'dollar']"
introducing,"['introduction', 'introductions', 'introduce']"
looked,"['look', 'honored', 'like']"
stick,['think']
trades,"['takes', 'strangers', 'reader']"
council,"['cocktail', 'social']"
lucky,"['luck', 'lack', 'lunch']"
depend,"['dependable', 'extend', 'department']"
opportunities,"['opportunity', 'parties']"
projects,"['project', 'products', 'product']"
networking,"['working', 'network', 'trying']"
guard,"['card', 'urged', 'heard']"
positions,"['position', 'imposition', 'questions']"
fun,"['flung', 'run', 'founded']"
hunting,"['running', 'putting', 'inviting']"
traveling,"['talking', 'trying', 'having']"
spending,"['setting', 'serving', 'send']"
reserve,"['serves', 'service', 'receive']"
handwriting,"['handwritten', 'writing', 'hunting']"
headquarters,['partners']
interviewing,"['inviting', 'traveling', 'serving']"
emphasizing,[]
conferences,"['conference', 'consequences', 'references']"
enjoying,"['enjoy', 'enclosing', 'spending']"
participate,"['principles', 'parties', 'particular']"
rural,"['refusals', 'rules']"
literary,['lettersdear']
grandfather,[]
publisher,"['publishing', 'established']"
highlights,[]
remodeling,"['feeling', 'traveling', 'regarding']"
finishing,"['finding', 'inviting', 'finished']"
involving,"['inviting', 'moving', 'living']"
staying,"['stating', 'starting', 'trying']"
motion,"['mention', 'imposition', 'position']"
introductions,"['introduction', 'introducing', 'introduce']"
hospitality,['hesitate']
a,[]
procedure,"['procedures', 'pressured', 'provide']"
introduced,"['introduce', 'introducing', 'introduction']"
courtesies,['course']
entertain,"['certain', 'generations', 'understand']"
spares,"['parties', 'space', 'sales']"
investors,"['interests', 'directors', 'network']"
coxletters,"['letters', 'letter', 'letterthis']"
lifetimes,"['qualifies', 'letters', 'time']"
beneficial,['superficial']
vouching,"['suchbring', 'introducing', 'touch']"
superficial,"['special', 'beneficial', 'specific']"
employ,"['employees', 'reply', 'example']"
newcomers,"['becomes', 'customers', 'welcome']"
seekers,"['seek', 'weeks', 'serves']"
researcher,"['teacher', 'reserve', 'reader']"
tag,"['talking', 'staying', 'stating']"
situate,"['state', 'hesitate', 'started']"
paperweights,[]
connections,"['consideration', 'generations', 'contacts']"
unwilling,"['billing', 'building', 'writing']"
grudging,"['running', 'building', 'going']"
maneuver,[]
unsealed,"['used', 'unsnarl', 'sale']"
applies,"['sales', 'policies', 'applications']"
b,[]
rebuffed,['required']
awkwardness,[]
pressured,"['required', 'procedure', 'assure']"
backgrounds,['backgroundthe']
smoothes,"['others', 'other', 'month']"
windowed,['included']
instituted,"['situate', 'continued', 'invite']"
yous,"['yours', 'youif', 'focus']"
flung,"['fun', 'long', 'feeling']"
withbring,"['writing', 'bring', 'trying']"
suchbring,"['bring', 'vouching', 'withbring']"
noticeget,"['notice', 'note']"
youif,"['yous', 'yours']"
likeknown,"['like', 'know']"
yearslongtime,[]
friendplease,"['friends', 'friend', 'principles']"
topresent,"['present', 'presents', 'represent']"
youshares,"['yours', 'spares', 'yous']"
insimilar,['inspire']
backgroundthe,"['backgrounds', 'account']"
bearer,"['are', 'researcher', 'teacher']"
letterthis,"['letters', 'letter', 'letterhead']"
talkabouthow,['oughthow']
network,"['networking', 'work', 'newcomers']"
concept,"['accept', 'convinced', 'one']"
presider,"['president', 'reader', 'reserve']"
solve,"['solvers', 'save', 'sale']"
acres,"['areas', 'are', 'spares']"
cocktail,"['council', 'local']"
galleries,"['parties', 'applies']"
shy,['say']
artist,"['parties', 'art', 'various']"
camped,"['named', 'sample', 'example']"
babysitter,['matter']
resourceful,['pressured']
neck,[]
unsnarl,['unsealed']
urged,"['used', 'sure', 'large']"
while,"['whole', 'children', 'write']"
reassigned,"['pressured', 'reason', 'design']"
near,"['year', 'hear', 'dear']"
oughthow,"['bought', 'thought', 'talkabouthow']"
imposition,"['position', 'positions', 'motion']"
biographies,[]
retired,"['required', 'related', 'third']"
represent,"['present', 'presents', 'representative']"
manages,"['ages', 'management', 'names']"
irmiter,"['printer', 'limited', 'write']"
founded,"['wonder', 'one', 'fun']"
renovation,"['restoration', 'mention', 'transportation']"
professionalism,"['professional', 'expression', 'personal']"
principles,"['prices', 'policies', 'participate']"
craftsman,['certain']
decades,"['decide', 'demands', 'decided']"
generations,"['entertain', 'traditions', 'renovation']"
combining,"['finding', 'billing']"
techniques,[]
traditions,"['additional', 'introductions', 'restoration']"
workmanship,[]
drafting,"['creating', 'writing', 'stating']"
solvers,"['solve', 'sales', 'older']"
blueprints,[]
