invitation,"['invitations', 'inviting', 'situations']"
accept,"['accepts', 'accepted', 'acceptable']"
say,"['says', 'way', 'day']"
reply,"['employee', 'apply']"
pleasure,"['pleasurebe', 'pleased', 'measure']"
person,"['persons', 'personal', 'son']"
write,"['written', 'wrote', 'white']"
pleased,"['pleasure', 'planned', 'phrased']"
dinner,"['dinners', 'winner', 'designers']"
other,"['others', 'together', 'note']"
letter,"['letters', 'better', 'letterslucas']"
first,"['itsfirst', 'list', 'fits']"
invitations,"['invitation', 'situations', 'inviting']"
see,"['sheet', 'use', 'speech']"
have,"['tohave', 'save', 'leave']"
offer,"['offering', 'office', 'other']"
discuss,"['discussion', 'discount']"
details,"['deal', 'meals', 'titles']"
date,"['late', 'state', 'rates']"
company,"['companyat', 'many', 'woman']"
name,"['names', 'same', 'games']"
questions,"['question', 'requests', 'solutions']"
able,"['sale', 'valuable', 'suitable']"
look,"['book', 'block']"
enclosed,"['enclose', 'included', 'envelope']"
want,"['wants', 'wanted', 'woman']"
meeting,"['meetings', 'seeing', 'meet']"
do,"['o', 'does']"
time,"['times', 'tie', 'titles']"
how,"['shows', 'showed', 'own']"
let,"['left', 'least', 'letter']"
acceptances,"['accepts', 'acceptable', 'accepted']"
use,"['used', 'usage', 'house']"
informal,"['formal', 'semiformal', 'information']"
tell,"['recall', 'enroll']"
inviting,"['invitingin', 'invitation', 'invitations']"
kind,"['hiking', 'friend']"
week,"['weeks', 'weekend']"
extension,"['expression', 'relaxation', 'session']"
call,"['recall', 'ball', 'small']"
help,"['held', 'helpful']"
come,"['comes', 'com', 'become']"
requests,"['request', 'requested', 'ofrequest']"
wedding,"['weddings', 'wing', 'wording']"
contribution,"['instructions', 'confirmation', 'coalition']"
host,"['hosts', 'most', 'cost']"
expression,"['express', 'extension', 'session']"
take,"['taken', 'make', 'trade']"
evening,"['seeing', 'meeting', 'leaving']"
good,"['food', 'golden']"
send,"['second', 'used', 'sent']"
answer,"['answering', 'showers', 'wear']"
word,"['world', 'words', 'work']"
state,"['take', 'stationery', 'stamped']"
add,['address']
personal,"['person', 'persons']"
mail,"['fail', 'mailing', 'small']"
respond,"['responds', 'response', 'reception']"
include,"['includes', 'included', 'single']"
telephone,['phone']
number,"['numbers', 'numeral', 'numerals']"
large,"['charge', 'urge', 'page']"
check,"['checked', 'crack']"
ask,['has']
guidelines,['designers']
handwrite,"['handwritten', 'write', 'handle']"
stationery,"['situations', 'state', 'registration']"
same,"['save', 'sale', 'name']"
format,"['formal', 'form', 'informal']"
children,['child']
thank,"['take', 'rank', 'taken']"
used,"['use', 'send', 'usage']"
great,"['get', 'regret', 'regrets']"
accepted,"['accept', 'accepts', 'acceptable']"
requested,"['request', 'requests', 'ofrequest']"
office,"['voice', 'offer', 'notice']"
year,"['years', 'wear', 'hear']"
response,"['responds', 'respond', 'receptions']"
speak,"['speaker', 'speaking', 'speakers']"
month,"['months', 'most', 'tenth']"
work,"['word', 'world', 'words']"
approved,"['improve', 'approximate', 'appropriate']"
sixteenth,"['tenth', 'fourteenth', 'site']"
reception,"['receptions', 'receptionin', 'direction']"
best,"['biggest', 'least', 'guest']"
book,"['look', 'block', 'booths']"
way,"['away', 'say', 'day']"
request,"['requests', 'requested', 'ofrequest']"
letters,"['letter', 'better', 'letterslucas']"
place,"['spaces', 'planned', 'page']"
speaking,"['parking', 'speak', 'seeing']"
conference,"['inconvenience', 'corner', 'experience']"
express,"['expression', 'experts', 'exposure']"
assistance,['maintenance']
tax,['tea']
deductible,[]
directions,"['direction', 'receptions', 'reception']"
home,"['come', 'women', 'whole']"
equipment,"['requirements', 'retirement', 'department']"
speech,"['see', 'spelled', 'specify']"
list,"['last', 'visit', 'least']"
seeing,"['sleeping', 'sing', 'meeting']"
group,['groups']
future,"['furniture', 'unsure', 'picture']"
avoid,"['paid', 'voice']"
busy,['buffs']
events,"['event', 'preventive', 'regrets']"
speaker,"['speakers', 'speak', 'speaking']"
better,"['letter', 'letters', 'centers']"
tips,"['tops', 'times', 'is']"
late,"['last', 'date', 'tolerate']"
deal,"['details', 'meals', 'death']"
noted,"['note', 'notified', 'wanted']"
usage,"['use', 'used', 'urge']"
says,"['say', 'days', 'sales']"
make,"['marked', 'take', 'taken']"
hosts,"['host', 'houses', 'most']"
friends,"['friend', 'friendship', 'responds']"
cheerful,['helpful']
issued,"['issue', 'issuing', 'used']"
more,"['morale', 'store', 'smoke']"
marked,"['make', 'married', 'shared']"
required,"['require', 'returned', 'treasured']"
special,"['social', 'specify', 'speak']"
enthusiasm,[]
experience,"['presence', 'expected', 'priced']"
information,"['confirmation', 'informal', 'format']"
situations,"['invitations', 'solutions', 'instructions']"
weddings,"['wedding', 'wording', 'wing']"
example,"['ample', 'samples', 'employee']"
cases,"['case', 'class', 'crosses']"
parties,"['prizes', 'parents', 'times']"
phone,"['one', 'telephone', 'home']"
car,"['card', 'clear', 'cards']"
wear,"['year', 'hear', 'years']"
day,"['days', 'way', 'say']"
receiving,"['receive', 'driving', 'receptionin']"
plain,"['plans', 'planning', 'replacing']"
engraved,"['served', 'leave']"
third,"['trade', 'shirt', 'other']"
honor,"['honour', 'donors', 'honorific']"
sent,"['send', 'tenth', 'sheet']"
case,"['cases', 'purchase', 'class']"
party,"['past', 'parties', 'parents']"
handwritten,"['handwrite', 'written', 'write']"
e,[]
formal,"['informal', 'format', 'form']"
words,"['word', 'world', 'awards']"
style,"['styles', 'type', 'site']"
join,"['ofin', 'going', 'obtain']"
senior,"['seniors', 'semiformal', 'session']"
meet,"['meeting', 'sheet', 'meetings']"
room,['roman']
complete,"['couple', 'come', 'tolerate']"
become,"['come', 'comes', 'com']"
music,['using']
read,"['readers', 'trade', 'great']"
celebration,"['celebrating', 'celebrate', 'selection']"
parents,"['pants', 'arenot', 'parties']"
anniversary,"['anniversaries', 'necessary']"
it,"['sit', 't', 'suit']"
banquet,"['banquets', 'bat']"
suggested,"['suggest', 'requested', 'biggest']"
new,"['one', 'few']"
allotted,"['attend', 'followed', 'noted']"
important,[]
community,"['company', 'account', 'city']"
last,"['least', 'past', 'list']"
receive,"['receiving', 'preventive', 'reception']"
standard,"['stand', 'postcard']"
benefits,"['benefit', 'fits', 'banquets']"
addition,"['additional', 'adoption', 'direction']"
annual,"['casual', 'actual', 'numeral']"
held,"['help', 'field', 'child']"
self,['useful']
give,"['given', 'invite', 'arrive']"
family,"['fail', 'unfamiliar', 'mail']"
suggest,"['suggested', 'biggest', 'guest']"
materials,"['trial', 'meals', 'numerals']"
love,"['lower', 'level', 'leave']"
showing,"['wing', 'sing', 'sharing']"
meetings,"['meeting', 'meanings', 'seeing']"
enjoy,['joy']
regrets,"['regret', 'requests', 'great']"
know,[]
weeks,"['week', 'weekend']"
confirmation,"['information', 'confirm', 'donation']"
order,"['holder', 'corner', 'word']"
acknowledgments,[]
confirm,"['confirmation', 'consider', 'com']"
contact,['conduct']
need,"['needed', 'noted', 'intended']"
appropriate,"['inappropriate', 'approximate', 'marriage']"
sales,"['sale', 'samples', 'styles']"
gifts,"['gift', 'fits', 'suits']"
previous,"['religious', 'periods', 'gregarious']"
hear,"['year', 'wear', 'years']"
business,"['illness', 'using', 'guess']"
cards,"['card', 'yards', 'car']"
gift,"['gifts', 'it']"
birthday,['birth']
note,"['noted', 'notice', 'wrote']"
merchandise,"['purchase', 'meanings', 'means']"
address,"['addressed', 'dress', 'dressy']"
collection,"['selection', 'coalition', 'selections']"
death,"['deal', 'date', 'tenth']"
follow,"['followed', 'following', 'flowers']"
written,"['write', 'handwritten', 'wrote']"
necessary,['anniversary']
people,"['couple', 'spoiled', 'spelled']"
applications,"['implications', 'coalition', 'participation']"
printed,"['print', 'printers', 'priced']"
samples,"['sales', 'ample', 'same']"
several,"['level', 'served', 'see']"
get,"['guest', 'great', 'urgent']"
is,"['tips', 'list', 'inks']"
excuse,"['use', 'course', 'enclose']"
additional,"['addition', 'adoption', 'direction']"
occasion,"['occasions', 'fashion', 'donation']"
indicated,"['indicate', 'invited', 'anticipated']"
loving,"['living', 'long', 'leaving']"
issue,"['issued', 'issuing']"
department,"['parents', 'separated', 'equipment']"
one,"['phone', 'money', 'son']"
customers,"['comes', 'stores', 'showers']"
suppliers,"['applies', 'papers', 'samples']"
offering,"['offer', 'wording', 'ofin']"
announcement,"['announced', 'management']"
illness,"['less', 'business', 'interests']"
plans,"['plain', 'pants', 'pleased']"
requirements,"['retirement', 'equipment', 'refreshments']"
length,"['tenth', 'let', 'leaving']"
accommodation,"['accommodations', 'commemoration', 'corporation']"
facilities,[]
most,"['host', 'cost', 'month']"
mailing,"['compiling', 'mail', 'meanings']"
interest,"['interests', 'sincerest', 'printers']"
organization,"['organizations', 'donation', 'registration']"
form,"['formed', 'format', 'formal']"
fill,"['filled', 'full', 'fail']"
public,[]
many,"['mean', 'company', 'woman']"
foldovers,"['foldover', 'flowers', 'holder']"
memo,"['memory', 'memories', 'member']"
casual,"['usual', 'annual', 'actual']"
mentioned,"['mentioning', 'meeting']"
tennis,"['seniors', 'tips', 'teas']"
run,"['return', 'fun', 'brunch']"
needed,"['need', 'intended', 'weekend']"
wanted,"['want', 'wants', 'noted']"
leaving,"['loving', 'living', 'having']"
long,"['loving', 'young', 'wrong']"
employee,"['example', 'complete', 'reply']"
store,"['stores', 'stress', 'tour']"
means,"['mean', 'meals', 'jeans']"
addressed,"['address', 'dresses', 'dress']"
leave,"['level', 'save', 'pleased']"
others,"['other', 'clothes', 'together']"
paper,"['papers', 'notepaper', 'page']"
papers,"['paper', 'speakers', 'suppliers']"
usual,"['useful', 'casual', 'sale']"
expect,"['expected', 'experts', 'experience']"
few,['new']
begin,"['going', 'given']"
using,"['sing', 'single', 'seeing']"
regret,"['regrets', 'great', 'urgent']"
has,"['phrase', 'ask', 'phrased']"
discount,"['discussion', 'discuss', 'account']"
product,['conduct']
quality,[]
full,"['fill', 'useful', 'follow']"
credit,"['charity', 'read', 'city']"
years,"['year', 'yards', 'wear']"
repair,"['replacing', 'require', 'readers']"
past,"['last', 'plans', 'party']"
inconvenience,"['conference', 'invitee']"
believe,"['believable', 'level', 'leave']"
indicate,"['indicated', 'invite', 'invites']"
voice,"['office', 'notice', 'choice']"
wrong,"['wording', 'wing', 'long']"
recall,"['recalling', 'call', 'special']"
notice,"['note', 'voice', 'noted']"
small,"['sale', 'mail', 'call']"
return,"['returned', 'run', 'retirement']"
free,"['farewell', 'ofrequest', 'regret']"
months,"['month', 'others', 'booths']"
account,"['discount', 'community', 'column']"
specifying,"['specify', 'speaking', 'receiving']"
choice,"['voice', 'office', 'notice']"
further,"['other', 'furniture', 'others']"
services,"['service', 'served', 'deserve']"
memory,"['memo', 'memories', 'member']"
least,"['last', 'let', 'teas']"
mentioning,"['mentioned', 'meeting', 'receptionin']"
fail,"['family', 'mail', 'fill']"
codified,"['notified', 'code', 'field']"
handle,"['handwrite', 'sale', 'have']"
question,"['questions', 'session', 'request']"
right,"['overnight', 'write', 'print']"
instructions,"['instructional', 'situations', 'directions']"
inappropriate,"['appropriate', 'approximate']"
benefit,['benefits']
solutions,"['situations', 'selections', 'selection']"
cost,"['most', 'host', 'costume']"
purchase,"['pursue', 'phrase', 'pure']"
biggest,"['best', 'suggest', 'guest']"
wording,"['riding', 'word', 'wing']"
announced,"['announcement', 'planned', 'maintenance']"
half,['handle']
sheet,"['see', 'sent', 'meet']"
size,"['site', 'single', 'prizes']"
days,"['day', 'says', 'dances']"
print,"['printed', 'printers', 'rain']"
fits,"['suits', 'omits', 'it']"
taken,"['take', 'make', 'trade']"
replacing,"['plain', 'planning', 'repair']"
young,"['long', 'wrong', 'using']"
filled,"['fill', 'field', 'followed']"
type,"['style', 'styles']"
given,"['give', 'going', 'event']"
checked,"['check', 'scheduled', 'cherished']"
page,"['postage', 'usage', 'range']"
apologizing,['following']
charge,"['charges', 'large', 'shared']"
non,"['son', 'own', 'one']"
shows,"['showers', 'how', 'showed']"
son,"['second', 'person', 'own']"
visit,"['sit', 'suit', 'site']"
food,"['good', 'followed', 'formed']"
line,"['wine', 'life', 'fine']"
limited,"['invited', 'indicated', 'minute']"
times,"['time', 'tie', 'titles']"
obtain,"['obtained', 'hosting', 'certain']"
corporation,"['commemoration', 'transportation', 'coalition']"
traffic,"['trafficking', 'office']"
code,"['codes', 'come', 'order']"
site,"['sit', 'suit', 'size']"
going,"['loving', 'coming', 'wording']"
friend,"['friends', 'friendship', 'field']"
school,"['scholar', 'shop']"
useful,"['usual', 'use', 'helpful']"
own,"['town', 'gowns', 'son']"
consider,"['corner', 'confirm', 'code']"
open,"['women', 'european', 'person']"
course,"['tours', 'house', 'use']"
phrasing,"['phrase', 'having', 'sing']"
wrote,"['write', 'written', 'note']"
numbers,"['number', 'numerals', 'numeral']"
program,[]
certain,"['entertain', 'rain', 'celebration']"
t,['it']
helpful,"['help', 'cheerful', 'useful']"
coming,"['compiling', 'going', 'loving']"
drug,[]
following,"['follow', 'followed', 'loving']"
obliged,"['youobliged', 'obtained']"
available,"['valuable', 'allowable', 'able']"
wants,"['want', 'pants', 'wanted']"
names,"['name', 'games', 'samples']"
child,"['children', 'held', 'third']"
money,"['one', 'more', 'many']"
social,"['special', 'signal', 'commercial']"
major,"['more', 'minor', 'labor']"
morale,"['more', 'formal', 'semiformal']"
management,"['engagement', 'engagements', 'arrangements']"
service,"['services', 'served', 'deserve']"
merger,"['member', 'measure', 'urge']"
improve,['approved']
subscription,"['description', 'corporation', 'question']"
readers,"['read', 'years', 'trade']"
sports,"['stores', 'shirts', 'showers']"
postcard,"['postal', 'postage', 'card']"
less,"['illness', 'sales', 'least']"
life,['line']
mean,"['means', 'men', 'many']"
subject,[]
driving,"['riding', 'living', 'receiving']"
city,"['charity', 'it', 'activity']"
house,"['houses', 'use', 'course']"
anniversaries,['anniversary']
celebrate,"['celebration', 'celebrating', 'tolerate']"
card,"['cards', 'car', 'yards']"
memories,"['memory', 'more', 'memo']"
married,"['marriage', 'marked', 'arrive']"
commercial,"['comma', 'materials', 'social']"
shared,"['showed', 'served', 'separated']"
marriage,"['married', 'arranged', 'arrive']"
gathering,"['gatherings', 'attending', 'answering']"
couple,"['complete', 'people', 'course']"
outstanding,"['hosting', 'using', 'stand']"
tenth,"['length', 'sixteenth', 'sent']"
member,"['number', 'merger', 'memory']"
bar,"['car', 'bat', 'bag']"
celebrating,"['celebration', 'celebrate', 'receptioncelebrating']"
corner,"['order', 'consider', 'one']"
envelope,"['enclose', 'enclosed', 'level']"
postage,"['postal', 'page', 'usage']"
tickets,"['jackets', 'times', 'topics']"
clients,"['centers', 'length', 'events']"
returned,"['return', 'required', 'treasured']"
whole,"['holder', 'home', 'wrote']"
class,"['cases', 'less', 'laws']"
paid,"['plain', 'avoid', 'repair']"
dinners,"['dinner', 'winner', 'designers']"
field,"['friend', 'filled', 'held']"
designs,"['designers', 'dress', 'questions']"
second,"['send', 'son', 'selection']"
birth,"['birthday', 'shirt', 'first']"
baby,[]
engagement,"['engagements', 'management', 'arrangements']"
event,"['events', 'sent', 'preventive']"
living,"['loving', 'leaving', 'driving']"
attend,"['attending', 'allotted', 'wanted']"
laws,"['last', 'plans', 'least']"
adoption,"['donation', 'addition', 'additional']"
woman,"['women', 'roman', 'want']"
town,"['own', 'gowns', 'downtown']"
includes,"['include', 'included', 'inches']"
hour,"['honour', 'tour', 'tours']"
lower,"['flowers', 'wear', 'showers']"
parking,"['speaking', 'sharing', 'print']"
retirement,"['requirements', 'refreshments', 'arrangements']"
description,"['subscription', 'demonstration', 'corporation']"
single,"['sing', 'using', 'signal']"
ceremonies,"['ceremony', 'memories', 'recognized']"
notified,"['noted', 'codified', 'notice']"
relationships,"['relaxation', 'abbreviations', 'selections']"
flowers,"['lower', 'showers', 'followed']"
intended,"['needed', 'printed', 'need']"
wide,"['wine', 'widowed', 'write']"
unfamiliar,"['military', 'family']"
black,"['block', 'blank', 'place']"
white,"['write', 'written', 'wine']"
stores,"['store', 'stress', 'tours']"
printers,"['printed', 'print', 'interest']"
inks,"['is', 'inches']"
daughter,['date']
included,"['include', 'includes', 'intended']"
transportation,"['corporation', 'information']"
world,"['word', 'words', 'work']"
friendship,"['friends', 'friend', 'relationships']"
downtown,"['donation', 'town', 'adoption']"
labor,"['major', 'lower', 'large']"
charges,"['charge', 'large', 'cases']"
preventive,"['receive', 'presence', 'event']"
maintenance,"['assistance', 'intended', 'audience']"
preferred,"['prefer', 'registered']"
stand,"['standard', 'stamped', 'send']"
easy,"['teas', 'years', 'means']"
women,"['woman', 'men', 'open']"
potential,"['postal', 'special']"
having,"['sharing', 'leaving', 'phrasing']"
specify,"['specifying', 'special', 'speech']"
illegal,"['signal', 'filled']"
pursue,"['pure', 'purchase', 'use']"
original,"['signal', 'trial']"
factory,[]
fine,"['wine', 'ofin', 'line']"
valued,"['valuable', 'used', 'sale']"
save,"['same', 'sale', 'have']"
expected,"['expect', 'experts']"
showed,"['showers', 'shows', 'shared']"
prefer,"['preferred', 'professor', 'speaker']"
religious,"['gregarious', 'previous']"
discussion,"['discuss', 'session', 'discount']"
apply,"['applies', 'reply', 'ample']"
coordinator,['corporation']
industry,['history']
invite,"['invites', 'invitee', 'invited']"
history,"['store', 'industry', 'stores']"
comes,"['come', 'codes', 'com']"
organizations,"['organization', 'donation', 'registration']"
fashion,"['occasion', 'occasions', 'son']"
clear,"['car', 'collar', 'year']"
picture,"['pure', 'furniture', 'pursue']"
require,"['required', 'requirements', 'request']"
military,['unfamiliar']
arrangements,"['management', 'arranged', 'engagements']"
suitable,"['suit', 'site', 'sale']"
com,"['come', 'comma', 'comes']"
answering,"['answer', 'seeing', 'gathering']"
level,"['leave', 'several', 'love']"
issuing,"['sing', 'using', 'issue']"
cancel,"['dance', 'dances', 'cancellation']"
arranged,"['range', 'marriage', 'arrangements']"
postpone,"['postponeowing', 'postage', 'response']"
tour,"['tours', 'hour', 'store']"
enclose,"['enclosed', 'envelope', 'encourage']"
invited,"['invite', 'invites', 'invitee']"
refreshments,"['requirements', 'retirement', 'arrangements']"
minute,"['invite', 'printed', 'limited']"
sit,"['suit', 'site', 'it']"
scheduled,"['spelled', 'checked', 'held']"
awards,"['yards', 'words', 'cards']"
workshops,"['work', 'shop']"
groups,"['group', 'gregarious', 'tops']"
acceptable,"['accepted', 'acceptances', 'accept']"
obtained,"['obtain', 'obliged', 'stand']"
interests,"['interest', 'sincerest', 'printers']"
neighborhood,[]
selection,"['selections', 'collection', 'celebration']"
weekend,"['week', 'weeks']"
brochure,[]
followed,"['follow', 'filled', 'following']"
dance,"['dances', 'cancel', 'date']"
does,"['dress', 'do', 'comes']"
phrase,"['phrased', 'purchase', 'phrasing']"
left,"['let', 'least', 'letter']"
donation,"['demonstration', 'downtown', 'adoption']"
fundraising,"['fundraisers', 'driving', 'phrasing']"
stamped,"['same', 'samples', 'state']"
encourage,"['course', 'enclose', 'urge']"
urgent,"['urge', 'get', 'arenot']"
trade,"['take', 'readers', 'read']"
possibility,['hospitality']
responds,"['respond', 'response', 'receptions']"
periods,"['previous', 'prizes', 'priced']"
spaces,"['sales', 'place', 'papers']"
activity,['city']
urge,"['urgent', 'pure', 'usage']"
rates,"['watches', 'teas', 'parties']"
titles,"['times', 'tie', 'styles']"
sale,"['sales', 'save', 'same']"
bag,"['bat', 'bar']"
column,"['coming', 'com', 'costume']"
oppose,"['postage', 'tops', 'open']"
entertainment,"['entertain', 'retirement', 'engagement']"
served,"['service', 'deserve', 'services']"
guests,"['guest', 'guess', 'requests']"
joy,['enjoy']
occasions,"['occasion', 'fashion', 'accommodations']"
prizes,"['parties', 'printers', 'priced']"
mitzvah,[]
guess,"['guests', 'guest', 'less']"
sincerest,"['interest', 'interests', 'inches']"
valuable,"['available', 'valued', 'allowable']"
debut,['death']
deserve,"['served', 'service', 'services']"
acquire,"['require', 'required', 'course']"
blank,"['black', 'rank', 'thank']"
cancellation,"['celebration', 'coalition', 'cancel']"
constitutes,"['costume', 'consider', 'contribution']"
adults,[]
planning,"['plain', 'replacing', 'planned']"
signal,"['original', 'social', 'single']"
arrive,"['married', 'marriage', 'receive']"
direction,"['directions', 'reception', 'receptions']"
range,"['arranged', 'urge', 'rank']"
alternate,"['tolerate', 'late', 'maintenance']"
furnish,"['furniture', 'fun']"
furniture,"['future', 'unsure', 'picture']"
experts,"['expect', 'express', 'expected']"
sharing,"['having', 'sing', 'showing']"
block,"['black', 'look', 'book']"
watches,"['wants', 'rates', 'machines']"
initials,"['invites', 'animals', 'invitations']"
tie,"['time', 'times', 'titles']"
popular,"['people', 'collar']"
effects,"['buffets', 'expect', 'events']"
presence,"['preventive', 'response']"
clothes,"['others', 'other', 'comes']"
puzzle,['pure']
separated,"['shared', 'served', 'department']"
selections,"['selection', 'solutions', 'receptions']"
lucky,"['block', 'black']"
comma,"['com', 'company', 'commercial']"
abbreviations,"['invitations', 'registration', 'applications']"
advise,"['have', 'case']"
opportunities,['parties']
engagements,"['engagement', 'management', 'arrangements']"
measure,"['pleasure', 'treasured', 'pleasurebe']"
spelled,"['spoiled', 'scheduled', 'speech']"
fun,"['run', 'furnish']"
drawings,"['wing', 'rain', 'driving']"
holder,"['whole', 'order', 'foldover']"
swimming,"['wing', 'sing', 'showing']"
animals,"['numerals', 'meals', 'initials']"
men,"['mean', 'women', 'means']"
bow,"['own', 'how']"
ball,"['balls', 'call', 'small']"
machines,"['watches', 'meanings']"
centers,"['letters', 'clients', 'printers']"
shop,"['shows', 'workshops', 'showed']"
lunches,"['inches', 'dances', 'cheese']"
attending,"['attend', 'outstanding', 'gathering']"
guest,"['guests', 'guess', 'get']"
trial,"['materials', 'original', 'initials']"
balls,"['ball', 'call', 'small']"
banquets,"['banquet', 'buffets', 'requests']"
allowable,"['valuable', 'available', 'able']"
meanings,"['means', 'meetings', 'mentioning']"
audience,"['maintenance', 'dance']"
recognized,"['second', 'registered', 'ceremonies']"
charity,"['city', 'party', 'handwrite']"
persons,"['person', 'personal', 'periods']"
meals,"['means', 'numerals', 'materials']"
games,"['names', 'samples', 'same']"
anticipated,"['indicated', 'participation', 'notified']"
houses,"['house', 'hosts', 'use']"
invites,"['invitees', 'invite', 'invitee']"
fundraisers,['fundraising']
minor,"['more', 'informal', 'major']"
commemoration,"['accommodation', 'corporation', 'accommodations']"
jackets,"['tickets', 'accepts', 'spaces']"
hiking,"['riding', 'living', 'having']"
rain,"['rank', 'certain', 'roman']"
involving,"['inviting', 'loving', 'living']"
crack,"['rank', 'check', 'black']"
circles,"['includes', 'titles', 'inches']"
soft,['sports']
hospitality,['possibility']
entertain,"['entertainment', 'certain', 'demonstration']"
applies,"['suppliers', 'samples', 'sales']"
cocktail,"['acocktail', 'councils']"
dress,"['dressy', 'dresses', 'address']"
dresses,"['dress', 'dressier', 'dressy']"
coalition,"['collection', 'donation', 'addition']"
gatherings,"['gathering', 'materials', 'attending']"
receptions,"['reception', 'receptionin', 'directions']"
tours,"['tour', 'stores', 'course']"
accepts,"['accept', 'accepted', 'acceptances']"
gowns,"['own', 'town', 'wants']"
bat,"['bar', 'bag', 'banquet']"
session,"['expression', 'discussion', 'question']"
phrased,"['phrase', 'pleased', 'purchase']"
invitees,"['invites', 'invitee', 'invite']"
zip,[]
formed,"['form', 'friend', 'format']"
companyat,"['company', 'many']"
priced,"['printed', 'prizes', 'friend']"
gregarious,"['religious', 'previous', 'groups']"
pure,"['pursue', 'urge', 'picture']"
relaxation,"['relationships', 'celebration', 'registration']"
scrawled,"['sale', 'sales']"
dances,"['dance', 'spaces', 'inches']"
conduct,"['product', 'contact', 'second']"
solidify,[]
exhibitions,"['invitations', 'implications', 'questions']"
teas,"['tea', 'easy', 'years']"
buffets,"['buffs', 'effects', 'banquets']"
reunions,"['seniors', 'receptions', 'directions']"
showers,"['shows', 'showed', 'flowers']"
costume,"['cost', 'come', 'constitutes']"
overnight,"['right', 'evening']"
sleeping,"['seeing', 'sing', 'meeting']"
tolerate,"['celebrate', 'alternate', 'late']"
cigarette,[]
smoke,"['same', 'more', 'make']"
honour,"['honor', 'hour', 'honorific']"
rank,"['rain', 'thank', 'roman']"
roman,"['woman', 'room', 'rank']"
numerals,"['numeral', 'numbers', 'meals']"
numeral,"['numerals', 'number', 'numbers']"
hosting,"['sing', 'host', 'showing']"
invitee,"['invitees', 'invite', 'invites']"
unsure,"['use', 'future', 'furniture']"
x,[]
inches,"['lunches', 'includes', 'sincerest']"
postal,"['postage', 'postcard', 'potential']"
crosses,"['dresses', 'comes', 'codes']"
contemporary,['company']
omits,"['fits', 'suits', 'hosts']"
registered,"['returned', 'required', 'registration']"
eightieth,[]
cherished,"['phrased', 'checked']"
compiling,"['coming', 'mailing', 'company']"
recalling,"['recall', 'replacing', 'receiving']"
treasured,"['measure', 'returned', 'required']"
spoiled,"['spelled', 'social', 'single']"
formulas,"['format', 'formal', 'form']"
wing,"['wine', 'sing', 'wording']"
collar,"['scholar', 'clear', 'car']"
tailcoat,[]
tuxedo,['used']
shirt,"['shirts', 'sit', 'suit']"
dark,['marked']
suit,"['suits', 'sit', 'site']"
dressy,"['dress', 'dresses', 'address']"
suits,"['suit', 'sit', 'shirts']"
dressier,"['dresses', 'dress', 'dressy']"
tops,"['topics', 'tips', 'tours']"
pants,"['parents', 'wants', 'plans']"
jeans,"['means', 'teas', 'mean']"
shirts,"['shirt', 'suits', 'sports']"
semiformal,"['informal', 'formal', 'senior']"
tea,"['teas', 'tie', 'tax']"
together,"['other', 'others', 'tenth']"
away,"['way', 'awards']"
ceremony,"['ceremonies', 'money']"
widowed,"['wide', 'showed']"
divorced,['voice']
donors,"['honor', 'honour', 'seniors']"
sponsoring,"['postponeowing', 'answering']"
exposure,"['pure', 'measure', 'express']"
approximate,"['appropriate', 'inappropriate', 'approved']"
orarium,[]
biographical,[]
demonstration,"['donation', 'registration', 'commemoration']"
fiancé,"['ofin', 'fine']"
arenot,"['parents', 'urgent', 'department']"
planned,"['pleased', 'plans', 'planning']"
changehow,"['marinehow', 'charge', 'charges']"
stress,"['stores', 'store', 'dress']"
believable,['believe']
notepaper,"['paper', 'papers', 'note']"
styles,"['style', 'sales', 'titles']"
honorific,"['honor', 'honour']"
codes,"['code', 'comes', 'does']"
foldover,"['foldovers', 'holder', 'love']"
occasionpleasurepostponerejoicesalutesolemnizewelcomephrasesaccept,[]
pleasurebe,"['pleasure', 'pleased', 'measure']"
guestbring,"['using', 'question', 'guest']"
tohave,"['have', 'take', 'save']"
invitingin,"['inviting', 'invitation', 'invitations']"
ofin,"['join', 'fine', 'offering']"
beforelooking,['following']
youobliged,['obliged']
postponeowing,"['postpone', 'sponsoring', 'showing']"
ofrequest,"['request', 'requests', 'requested']"
panysentencesa,[]
revolutionary,"['solutions', 'relaxation']"
enroll,['tell']
attire,"['tie', 'attend', 'parties']"
scholar,"['school', 'collar', 'clear']"
professor,"['prefer', 'expression', 'express']"
riding,"['wording', 'driving', 'receiving']"
brunch,"['run', 'lunches']"
farewell,['free']
european,"['open', 'roman']"
designers,"['designs', 'dinners', 'dressier']"
golden,"['thegolden', 'holder', 'open']"
puppet,['pure']
booths,"['others', 'months', 'clothes']"
declinesnumber,"['number', 'dinner']"
chorus,"['house', 'houses', 'course']"
sing,"['using', 'single', 'seeing']"
russian,"['using', 'run']"
liturgical,['trial']
seniors,"['senior', 'reunions', 'tennis']"
yards,"['years', 'cards', 'awards']"
cherry,"['charity', 'hear']"
buffs,"['buffets', 'busy']"
winner,"['dinner', 'wine', 'dinners']"
actual,"['casual', 'annual', 'acocktail']"
letterslucas,"['letters', 'letter']"
acocktail,"['cocktail', 'actual', 'acceptable']"
receptionin,"['reception', 'receptions', 'receptioncelebrating']"
councils,['cocktail']
trafficking,"['traffic', 'replacing']"
delegates,"['celebrate', 'letters', 'late']"
participation,"['anticipated', 'implications', 'applications']"
speakers,"['speaker', 'speak', 'spaces']"
topics,"['tops', 'tickets', 'tips']"
implications,"['applications', 'invitations', 'participation']"
ample,"['samples', 'example', 'stamped']"
instructional,"['instructions', 'registration', 'contribution']"
accommodations,"['accommodation', 'commemoration', 'corporation']"
registration,"['demonstration', 'organization', 'instructions']"
marinehow,"['changehow', 'married']"
itsfirst,"['first', 'interest', 'shirt']"
crefreshmentsdrawingsdear,['refreshments']
receptioncelebrating,"['receptionin', 'celebrating', 'celebration']"
thegolden,"['golden', 'holder', 'held']"
o,['do']
dazzling,"['mailing', 'drawings']"
diamonds,[]
fortieth,"['fourteenth', 'tenth']"
wine,"['winner', 'wing', 'wide']"
cheese,"['inches', 'cherished', 'watches']"
fourteenth,"['fortieth', 'tenth', 'sixteenth']"
