accept,"['ace', 'receipt', 'ache']"
say,"['way', 'saying', 'saw']"
person,"['personal', 'reason', 'pen']"
happy,"['happiest', 'happened']"
write,"['writer', 'written', 'wrote']"
other,"['smothered', 'tear', 'note']"
letter,"['letters', 'letterso', 'letterwait']"
first,"['fire', 'interest', 'fears']"
see,"['sees', 'seem', 'sweet']"
have,"['haveall', 'hated', 'crave']"
name,"['same', 'unable', 'admire']"
able,"['cable', 'unable', 'blue']"
look,"['book', 'looking', 'floor']"
want,"['wants', 'wanted', 'wait']"
job,['joy']
do,"['dog', 'door', 'done']"
time,"['times', 'timere', 'simple']"
how,"['own', 'low']"
let,"['set', 'pet', 'met']"
use,"['set', 'see', 'abuses']"
tell,"['well', 'telling']"
inviting,"['living', 'involving', 'writing']"
kind,"['kinds', 'mind', 'find']"
application,"['direction', 'appealing']"
week,"['weeds', 'sweet']"
come,"['home', 'computer', 'completed']"
writing,"['handwriting', 'written', 'sitting']"
sure,"['measure', 'treasure', 'surprise']"
expression,"['express', 'expressive', 'passion']"
take,"['taken', 'make', 'trace']"
try,"['story', 'trying']"
good,['go']
send,"['end', 'second', 'scented']"
brief,"['write', 'dried', 'bring']"
answer,['case']
word,"['world', 'words', 'work']"
personal,['person']
mail,"['mailed', 'main', 'tails']"
include,['minute']
ask,"['has', 'basking']"
stationery,"['story', 'stairs', 'separation']"
same,"['name', 'stamp', 'stamps']"
children,[]
thank,"['think', 'thinks', 'take']"
wait,"['wit', 'want', 'write']"
great,"['rat', 'get', 'regret']"
speak,"['special', 'seas', 'sidewalk']"
next,['expect']
work,"['word', 'worth', 'worry']"
much,"['muchone', 'touch', 'music']"
looking,"['loving', 'look', 'long']"
book,['look']
mind,"['remind', 'mine', 'main']"
way,"['war', 'say', 'day']"
letters,"['letterso', 'letter', 'lettersdear']"
heart,"['hear', 'art', 'tear']"
find,"['mind', 'kind', 'lined']"
difficult,['faculty']
offers,"['fears', 'lovers', 'ones']"
express,"['expressive', 'expression', 'textures']"
assistance,"['distance', 'reassurance']"
agree,"['green', 'are', 'greeting']"
receipt,"['recipient', 'recipients', 'regret']"
home,"['come', 'whole', 'ofmake']"
seeing,"['sing', 'feeling', 'feeding']"
future,"['picture', 'true', 'sure']"
stop,"['soap', 'story', 'stamp']"
simple,"['impossible', 'visible', 'similar']"
tips,"['tip', 'lips', 'times']"
idea,"['ideas', 'dear', 'dead']"
make,"['ofmake', 'take', 'taken']"
go,"['good', 'goes', 'goal']"
saying,"['sing', 'carrying', 'waving']"
more,"['move', 'smothered', 'memorable']"
mention,"['meaning', 'question', 'emotional']"
special,"['specific', 'speak']"
interview,"['interest', 'sincere', 'interesting']"
general,"['several', 'neutral', 'tender']"
day,"['days', 'today', 'daily']"
case,"['cast', 'crave', 'cards']"
mailed,"['mail', 'walked', 'filled']"
e,[]
language,['laughter']
words,"['word', 'world', 'wordless']"
room,[]
telling,"['tell', 'talking', 'filling']"
night,"['insight', 'sight', 'light']"
music,"['much', 'amusing', 'quick']"
read,"['reads', 'reader', 'real']"
it,"['wit', 'wait', 'i']"
new,"['news', 'one', 'knewin']"
enjoyed,"['joy', 'end']"
important,"['imprint', 'impact']"
hours,"['hour', 'shouts', 'thoughts']"
last,"['past', 'cast', 'lasting']"
self,[]
give,['alive']
set,"['sweet', 'spent', 'use']"
love,"['loves', 'lover', 'loved']"
thought,"['thoughts', 'touch', 'throng']"
favorite,['write']
know,"['knowing', 'window', 'knewin']"
morning,"['meaning', 'going', 'doing']"
need,"['weeds', 'lined', 'wanted']"
hear,"['heart', 'tear', 'fear']"
arrived,"['carries', 'dried', 'alive']"
cards,"['card', 'ears', 'cast']"
matter,"['letter', 'fatten', 'letters']"
note,"['noticed', 'wrote', 'other']"
follow,"['flown', 'low', 'flower']"
written,"['write', 'writer', 'writing']"
people,"['couple', 'open']"
printed,"['imprint', 'write', 'wrinkled']"
yesterday,['lettersdear']
several,"['general', 'see']"
get,"['great', 'set', 'regret']"
is,"['wish', 'tips', 'miss']"
present,"['spent', 'reverent', 'green']"
reader,"['read', 'reads', 'grandeur']"
talking,"['telling', 'looking', 'darling']"
thing,"['things', 'think', 'touching']"
loving,"['living', 'long', 'looking']"
touch,"['touches', 'touching', 'thought']"
one,"['ones', 'done', 'own']"
plans,"['past', 'last', 'wants']"
fax,[]
interest,"['interesting', 'interview', 'sincere']"
fill,"['filled', 'kill', 'full']"
messages,[]
keep,['sleep']
afternoon,[]
completed,"['crumpled', 'computer', 'couple']"
knowing,"['knewin', 'know', 'going']"
returns,"['return', 'textures', 'requires']"
had,"['hand', 'heads', 'hated']"
run,"['return', 'returns']"
thinking,"['think', 'thing', 'thinks']"
bring,"['bringing', 'trying', 'bright']"
wanted,"['want', 'wants', 'hated']"
leaving,"['waving', 'loving', 'living']"
today,"['day', 'told', 'okay']"
end,"['send', 'tender', 'second']"
long,"['loving', 'looking', 'longest']"
embarrassment,[]
lettersdear,"['letters', 'letterso', 'letter']"
paper,"['newspaper', 'prayers', 'chapter']"
expect,"['unexpected', 'pet', 'respectful']"
few,['new']
wonderful,[]
sorry,"['worry', 'story']"
regret,"['great', 'reverent', 'get']"
has,"['heads', 'hands', 'shapes']"
quality,['equal']
full,"['fill', 'falls', 'follow']"
done,"['one', 'ones', 'does']"
doing,"['going', 'dog', 'loving']"
past,"['pat', 'last', 'cast']"
only,"['lonely', 'lovely']"
bringing,"['bring', 'sprinkling']"
high,"['thing', 'sight', 'night']"
wrong,"['throng', 'writing', 'long']"
fire,"['first', 'timere', 'future']"
return,"['returns', 'run', 'retain']"
difference,[]
dear,"['tear', 'idea', 'hear']"
bad,"['had', 'bed', 'bat']"
win,"['wit', 'window', 'waving']"
chapter,"['character', 'paper', 'hated']"
newspaper,"['paper', 'news']"
sound,"['found', 'second', 'sunk']"
happened,"['hand', 'talented', 'happiest']"
wish,"['wishif', 'is']"
power,"['flower', 'flowery', 'paper']"
computer,"['completed', 'come', 'chapter']"
things,"['thing', 'thinks', 'think']"
true,"['trace', 'rubber']"
attitude,[]
specific,['special']
fear,"['fears', 'tear', 'hear']"
similar,"['seminar', 'simple', 'sir']"
question,"['quotations', 'mention', 'stint']"
little,"['written', 'lighter', 'line']"
art,"['heart', 'war', 'rat']"
sense,"['see', 'scents', 'send']"
typed,"['type', 'tempted', 'hated']"
filling,"['fill', 'telling', 'feeling']"
days,"['day', 'today', 'ideas']"
bright,"['sight', 'night', 'light']"
rental,"['real', 'retain', 'gentle']"
taken,"['take', 'talking', 'make']"
young,"['youwhen', 'long', 'touching']"
automatic,['romantic']
reading,"['rereading', 'retain', 'remain']"
filled,"['fill', 'mailed', 'filter']"
back,['cracks']
type,['typed']
appealing,"['supplying', 'telling', 'talking']"
reason,"['reads', 'retain', 'remain']"
line,"['lined', 'mine', 'like']"
times,"['time', 'timere', 'tips']"
felt,"['feel', 'forget', 'filter']"
cable,"['able', 'unable', 'case']"
met,"['set', 'pet', 'moment']"
light,"['lighter', 'flights', 'sight']"
unable,"['able', 'cable', 'name']"
think,"['thinks', 'thing', 'thank']"
going,"['doing', 'loving', 'gazing']"
feel,"['felt', 'feelyou', 'feeling']"
noticed,"['note', 'nice', 'outlined']"
own,"['flown', 'win', 'one']"
judgment,[]
like,"['line', 'life', 'lined']"
open,"['pen', 'spent', 'person']"
wrote,"['write', 'writer', 'written']"
getting,"['greeting', 'sitting', 'putting']"
trying,"['thing', 'bring', 'carrying']"
certain,"['retain', 'rain', 'courting']"
seem,"['see', 'sees', 'sweet']"
kinds,"['kind', 'mind', 'kiss']"
sentences,"['sweetness', 'scents', 'valentines']"
tempted,"['typed', 'talented', 'completed']"
wants,"['want', 'wanted', 'wait']"
found,"['sound', 'find', 'outlined']"
falls,"['hall', 'full', 'fill']"
said,"['stairs', 'saying', 'mailed']"
respectful,['expect']
low,"['flown', 'own', 'how']"
recipient,"['recipients', 'receipt', 'present']"
hand,"['hands', 'had', 'husband']"
schedule,['shelves']
carrying,"['trying', 'saying', 'darling']"
ideas,"['idea', 'dreams', 'seas']"
postcard,"['postage', 'card', 'cards']"
distance,"['assistance', 'discover', 'trace']"
shelves,"['sees', 'schedule', 'loves']"
wrinkled,"['wild', 'printed', 'write']"
lined,"['line', 'outlined', 'printed']"
told,"['toil', 'hold', 'world']"
admire,"['desire', 'are', 'same']"
life,"['lifeon', 'wife', 'line']"
mean,"['man', 'main', 'mexican']"
feeling,"['feelings', 'feeding', 'seeing']"
move,"['more', 'love', 'removed']"
greeting,"['getting', 'green', 'seeing']"
card,"['cards', 'postcard', 'charm']"
miss,"['kiss', 'is', 'goingmiss']"
choose,"['colors', 'closer', 'muchone']"
loved,"['love', 'beloved', 'loves']"
couple,"['crumpled', 'people', 'completed']"
anecdote,['note']
news,"['new', 'ones', 'ness']"
remain,"['retain', 'remind', 'rain']"
cracks,"['reaches', 'cast', 'case']"
happiest,"['shapes', 'happened', 'hairless']"
corner,"['one', 'closer', 'muchone']"
envelope,['envelopes']
stamp,"['stamps', 'stop', 'soap']"
postage,['postcard']
stamps,"['stamp', 'stairs', 'shapes']"
photographs,"['photograph', 'paragraphs']"
clippings,"['living', 'recipients', 'camping']"
writer,"['write', 'written', 'wrote']"
worry,"['sorry', 'worthy', 'work']"
thoughts,"['thought', 'shouts', 'touches']"
lovely,"['loveli', 'lonely', 'love']"
whole,"['home', 'hold', 'wordless']"
success,"['scorches', 'guess', 'spaces']"
lead,"['read', 'leaf', 'dead']"
second,"['send', 'sound', 'end']"
photograph,"['photographs', 'paragraphs']"
living,"['loving', 'leaving', 'inviting']"
are,"['agree', 'war', 'art']"
hour,"['hours', 'shouts', 'hungry']"
worthy,"['worth', 'worry', 'worship']"
separation,"['inspiration', 'stationery', 'revelation']"
reaches,"['ache', 'breathe', 'trace']"
ink,"['think', 'win', 'thinks']"
envelopes,"['envelope', 'revelations']"
husband,"['hand', 'hands', 'had']"
world,"['word', 'words', 'work']"
friendship,[]
vary,[]
wife,"['life', 'write', 'writer']"
tip,['tips']
sight,"['insight', 'night', 'light']"
putting,"['sitting', 'getting', 'thing']"
alive,"['love', 'line', 'like']"
dead,"['read', 'lead', 'idea']"
hands,"['hand', 'heads', 'has']"
visible,"['impossible', 'simple']"
requires,"['returns', 'treasure', 'textures']"
real,"['rental', 'read', 'realized']"
discover,"['distance', 'lover']"
realized,"['real', 'read', 'dreamed']"
green,"['agree', 'greeting', 'present']"
guarantee,[]
dream,"['dreams', 'dreamed', 'real']"
tropical,"['toil', 'physical']"
dreadful,"['real', 'read', 'dreamed']"
delightful,['light']
eyes,"['sees', 'weeds']"
forget,"['regret', 'get', 'longest']"
discussion,['direction']
skills,"['kill', 'kiss', 'fill']"
library,[]
candidate,[]
hold,"['told', 'world', 'whole']"
conservative,['evocative']
picture,['future']
outlined,"['lined', 'line', 'talented']"
perfect,"['expect', 'pet']"
closer,"['lover', 'lovers', 'flower']"
desire,"['sir', 'admire', 'sincere']"
video,"['idea', 'ideas']"
equal,"['real', 'quality', 'neutral']"
ness,"['ones', 'news', 'guess']"
moment,"['moments', 'met', 'mention']"
minute,"['mine', 'printed', 'include']"
thinks,"['think', 'things', 'thing']"
sincere,"['interest', 'interview', 'timere']"
unexpected,['expect']
impact,"['pat', 'imprint', 'past']"
warm,"['war', 'charm']"
dreams,"['dream', 'dreamed', 'reads']"
man,"['mean', 'main', 'remain']"
quick,"['pick', 'music', 'lucky']"
pen,"['open', 'spent', 'pet']"
worth,"['worthy', 'worship', 'work']"
treasure,"['measure', 'reassurance', 'true']"
recipients,"['recipient', 'receipt', 'clippings']"
talented,"['wanted', 'valentines', 'tempted']"
soul,"['sound', 'snouts', 'shouts']"
floor,"['flower', 'look', 'flowery']"
passion,"['expression', 'reason', 'person']"
feelings,"['feeling', 'feeding', 'seeing']"
imagine,"['imagining', 'mine', 'main']"
main,"['man', 'remain', 'rain']"
beautiful,['beauty']
interesting,"['interest', 'intriguing', 'inviting']"
does,"['ones', 'goes', 'done']"
pick,['quick']
ones,"['one', 'news', 'ness']"
strength,"['stint', 'spent']"
touching,"['touch', 'thing', 'things']"
remind,"['remain', 'mind', 'retain']"
gentle,"['rental', 'get', 'scented']"
heads,"['reads', 'hands', 'has']"
inspire,"['inspiration', 'desire', 'sir']"
spaces,"['shapes', 'scents', 'ace']"
impossible,"['visible', 'simple']"
emotional,"['seminar', 'mention']"
aim,[]
removed,"['move', 'dreamed', 'beloved']"
buy,['beauty']
dog,"['dogs', 'do', 'doing']"
equivalent,"['equal', 'valentines']"
spent,"['set', 'pet', 'pen']"
joy,"['job', 'enjoyed']"
sweetness,"['sweetest', 'sweet', 'secrets']"
watch,"['want', 'wait', 'ache']"
goal,['go']
elicit,"['receipt', 'felt']"
guess,"['success', 'ness', 'goes']"
inspiration,"['separation', 'inspire', 'application']"
stunning,"['sitting', 'sing', 'lasting']"
saw,['say']
paragraphs,"['photographs', 'photograph']"
mine,"['minute', 'mind', 'main']"
well,['tell']
lasting,"['sing', 'last', 'sitting']"
reads,"['read', 'heads', 'reason']"
memorable,"['more', 'able']"
direction,"['retain', 'revelation', 'discussion']"
surprise,['sure']
soap,"['stop', 'stamp', 'stamps']"
quotations,"['question', 'stationery']"
i,"['it', 'is']"
ridiculous,[]
door,"['floor', 'do', 'colors']"
cross,"['crossword', 'consist', 'decorous']"
blue,"['able', 'cable', 'bless']"
story,"['sorry', 'try', 'stop']"
dogs,"['dog', 'does', 'doing']"
nice,"['noticed', 'enriched']"
daily,"['day', 'mail', 'days']"
physical,['tropical']
wit,"['wait', 'it', 'write']"
intriguing,"['inviting', 'interesting', 'trying']"
wild,"['wrinkled', 'world', 'window']"
natural,['neutral']
devoted,['evocative']
helps,"['shelves', 'lips', 'heads']"
crossword,"['cross', 'word']"
puzzle,['dazzles']
lucky,['quick']
walked,"['walks', 'wanted', 'mailed']"
moments,"['moment', 'scents', 'met']"
examples,['express']
amusing,"['sing', 'lasting', 'camping']"
supplying,"['saying', 'appealing', 'sprinkling']"
measure,"['treasure', 'sure', 'reassurance']"
tender,"['reader', 'endearing', 'end']"
seminar,"['similar', 'emotional', 'seeing']"
cartoons,"['cross', 'cards']"
colorful,['colors']
camping,"['amusing', 'carrying', 'clippings']"
funny,"['fountain', 'found']"
neutral,"['natural', 'general', 'equal']"
spending,"['seeing', 'endearing', 'sprinkling']"
handwriting,"['writing', 'handing', 'inviting']"
goes,"['ones', 'does', 'loves']"
mosquitoes,[]
doubts,"['snouts', 'shouts', 'dogs']"
colors,"['colorful', 'lovers', 'closer']"
rush,[]
okay,['today']
charm,"['warm', 'hear', 'chapter']"
bed,"['end', 'bad', 'beloved']"
hungry,['hour']
retain,"['remain', 'rain', 'reading']"
expand,"['end', 'mexican', 'send']"
flower,"['flowery', 'power', 'lover']"
constant,"['consist', 'stint', 'conservative']"
shut,"['shouts', 'sight', 'snouts']"
pet,"['spent', 'set', 'pen']"
faithful,[]
beauty,"['buy', 'beautiful', 'bat']"
kiss,"['kisses', 'miss', 'kinds']"
leaf,['lead']
rain,"['retain', 'remain', 'main']"
involving,"['inviting', 'loving', 'living']"
filter,"['writer', 'letter', 'flower']"
dress,"['dreams', 'ness', 'express']"
bat,"['rat', 'pat', 'beauty']"
sing,"['seeing', 'saying', 'sitting']"
lover,"['lovers', 'love', 'loves']"
darling,"['endearing', 'talking', 'doing']"
sitting,"['sing', 'writing', 'putting']"
lonely,"['lovely', 'only', 'one']"
sleep,"['see', 'sees', 'seem']"
loves,"['lovers', 'love', 'lover']"
grubby,['rubber']
traddles,"['wordless', 'trace', 'tails']"
cast,"['past', 'last', 'case']"
lips,"['tips', 'limp', 'is']"
valentines,"['talented', 'sentences', 'loneliness']"
haveall,"['have', 'hall']"
unpredictability,[]
frustrating,"['sitting', 'putting', 'fountain']"
intelligent,"['telling', 'interest', 'interview']"
imagining,"['meaning', 'imagine', 'morning']"
expressive,"['express', 'expression']"
grandeur,['reader']
fineness,"['ness', 'loneliness', 'interest']"
carries,"['arrived', 'carrying', 'cards']"
ace,"['ache', 'trace', 'spaces']"
courting,"['writing', 'putting', 'morning']"
womanhow,[]
longest,"['ones', 'long', 'loves']"
revelation,"['revelations', 'greeting', 'rereading']"
revelations,"['revelation', 'greeting', 'feelings']"
dreamed,"['dream', 'dreams', 'read']"
lovers,"['loves', 'lover', 'love']"
fears,"['fear', 'ears', 'offers']"
crave,"['have', 'courage', 'case']"
reassurance,"['treasure', 'measure', 'assistance']"
brevity,"['bright', 'beauty']"
stint,"['sitting', 'sing', 'lasting']"
flowery,"['flower', 'power', 'lover']"
flown,"['own', 'low', 'follow']"
tear,"['hear', 'fear', 'ears']"
romance,"['romantic', 'trace', 'remain']"
infidelity,[]
endearing,"['darling', 'spending', 'tender']"
touches,"['touch', 'touching', 'thoughts']"
fatten,"['matter', 'written']"
dried,"['read', 'printed', 'dreamed']"
consist,"['cross', 'constant']"
gazing,"['going', 'waving', 'saying']"
blazes,"['bless', 'flashes', 'dazzles']"
smothered,"['other', 'more']"
ashes,"['flashes', 'tastes', 'shapes']"
scorches,"['touches', 'success', 'reaches']"
dazzles,"['puzzle', 'blazes', 'ankles']"
breathe,"['reaches', 'great', 'reader']"
calculation,['application']
faculty,"['difficult', 'beauty']"
imprint,"['important', 'printed', 'minute']"
worship,"['worth', 'words', 'worthy']"
trace,"['ace', 'true', 'take']"
lighter,"['light', 'laughter', 'flights']"
marvelous,['revelations']
loveli,"['lovely', 'love', 'loves']"
sunk,['sound']
elevator,[]
handing,"['handwriting', 'hand', 'reading']"
sir,"['stairs', 'desire', 'sincere']"
reverent,"['regret', 'present', 'green']"
hated,"['had', 'wanted', 'have']"
snapshot,[]
footsteps,['tastes']
hall,"['haveall', 'falls']"
stairs,"['tails', 'stamps', 'sir']"
insight,"['sight', 'night', 'light']"
courage,"['crave', 'courting', 'forget']"
dearest,"['ears', 'dear', 'interest']"
sweetest,"['sweetness', 'sweet', 'sees']"
character,['chapter']
sagacity,[]
precious,['decorous']
war,"['warm', 'way', 'art']"
secrets,"['scents', 'sees', 'sweetest']"
throng,"['wrong', 'thing', 'trying']"
kisses,"['kiss', 'sees', 'seas']"
toil,"['told', 'tropical', 'tails']"
loneliness,"['fineness', 'loveli', 'lonely']"
sweet,"['sweetest', 'set', 'see']"
ache,"['ace', 'reaches', 'watch']"
beloved,"['loved', 'love', 'removed']"
indulgence,[]
basking,"['sing', 'talking', 'lasting']"
sunshine,"['stunning', 'sense']"
seas,"['sees', 'ears', 'speak']"
enriched,"['noticed', 'nice', 'dried']"
childhood,[]
meaning,"['imagining', 'mean', 'main']"
sprinkling,"['thinking', 'spending', 'bringing']"
fountain,"['frustrating', 'outlined', 'courting']"
longhand,"['long', 'hand', 'hands']"
scented,"['scents', 'send', 'talented']"
recognizable,[]
rubber,"['grubby', 'true']"
decorous,"['precious', 'cross']"
romantic,"['romance', 'automatic']"
artifact,[]
rereading,"['reading', 'feeding', 'greeting']"
meif,[]
wishif,"['wish', 'worship', 'wife']"
knewin,"['knowing', 'win', 'new']"
ofmake,"['make', 'romance', 'take']"
livingmemories,['living']
goingmiss,"['going', 'miss']"
muchone,"['much', 'corner', 'choose']"
mylifeonly,"['lifeon', 'lonely']"
lifeon,"['life', 'mylifeonly', 'wife']"
mindremember,[]
timere,"['time', 'times', 'sincere']"
letterso,"['letters', 'letter', 'lettersdear']"
letterwait,"['letter', 'letters', 'letterso']"
daywant,"['want', 'wants', 'wanted']"
youwhenever,['youwhen']
youwhen,"['youwhenever', 'young', 'own']"
feelyou,['feel']
limp,"['lips', 'simple', 'impact']"
prayers,"['paper', 'reader', 'person']"
wordless,"['words', 'word', 'traddles']"
borrowed,[]
bless,"['blazes', 'ness', 'blue']"
dimming,"['doing', 'imagining', 'living']"
shouts,"['snouts', 'shut', 'hours']"
shapes,"['ashes', 'happiest', 'stamps']"
evocative,['devoted']
scents,"['scented', 'scientists', 'spent']"
textures,"['returns', 'express', 'treasure']"
laughter,"['lighter', 'light']"
flashes,"['ashes', 'tastes', 'shapes']"
mysteries,"['secrets', 'sees']"
pat,"['past', 'rat', 'pet']"
kill,"['skills', 'fill', 'filled']"
straighten,"['sight', 'bright']"
crumpled,"['couple', 'completed']"
weeds,"['week', 'sees', 'need']"
sidewalk,"['idea', 'walks', 'speak']"
sniff,[]
ankles,"['dazzles', 'take', 'ones']"
bars,"['ears', 'fears', 'cards']"
flights,"['light', 'lighter', 'sight']"
waving,"['leaving', 'win', 'saying']"
window,"['win', 'wild', 'mind']"
scientists,"['scents', 'recipients']"
tastes,"['ashes', 'footsteps', 'abuses']"
mexican,"['mean', 'expand', 'man']"
hairless,"['wordless', 'happiest', 'tails']"
ears,"['fears', 'tear', 'seas']"
rat,"['great', 'pat', 'bat']"
tails,"['stairs', 'toil', 'tips']"
snouts,"['shouts', 'scents', 'doubts']"
leg,"['let', 'leaving']"
finicky,['ink']
feeding,"['feeling', 'feelings', 'seeing']"
football,['falls']
walks,"['walked', 'sidewalk', 'wants']"
sees,"['see', 'seem', 'seas']"
abuses,"['ashes', 'use', 'tastes']"
