say,['day']
person,"['personal', 'present', 'pros']"
write,"['writes', 'item', 'oriented']"
pleased,"['place', 'posted', 'phrase']"
other,"['others', 'vote', 'note']"
letter,"['letters', 'newsletter', 'letterhead']"
first,"['list', 'fire', 'figures']"
invitations,"['notation', 'inviting', 'resignations']"
see,"['tosee', 'sheet', 'serve']"
have,"['travel', 'phrase', 'change']"
details,"['detailing', 'metal', 'titles']"
date,"['dates', 'ated', 'indicate']"
company,"['companies', 'many', 'copy']"
name,"['names', 'same', 'number']"
thanks,"['thank', 'stacks', 'has']"
want,['patent']
meeting,"['meets', 'detailing', 'tubing']"
time,"['titles', 'simple', 'active']"
working,"['work', 'offering', 'going']"
how,['show']
let,"['left', 'letter', 'length']"
use,"['used', 'house', 'useful']"
tell,"['well', 'travel']"
inviting,"['invitations', 'listing', 'lifting']"
application,"['location', 'action', 'salutations']"
week,['weeks']
call,"['calls', 'small', 'fiscal']"
proposal,"['purpose', 'pros', 'personal']"
take,"['track', 'thank', 'travel']"
send,"['end', 'used', 'sent']"
word,"['worked', 'work', 'order']"
personal,"['person', 'professional', 'dimensional']"
mail,"['main', 'small', 'metal']"
include,"['includes', 'enclosure', 'single']"
telephone,['phone']
number,"['numbers', 'summer', 'name']"
check,['chief']
ask,"['was', 'has']"
guidelines,['lines']
stationery,"['stating', 'salutations', 'notation']"
same,"['name', 'space', 'sales']"
thank,"['thanks', 'take', 'rank']"
used,"['use', 'send', 'house']"
letterhead,"['letter', 'letters', 'newsletter']"
office,"['offices', 'official', 'efficient']"
year,"['years', 'reader', 'easier']"
response,"['purpose', 'correspondence', 'reported']"
next,"['text', 'context']"
work,"['worked', 'word', 'working']"
request,"['reportrequest', 'rusty', 'recent']"
letters,"['letter', 'newsletter', 'letterhead']"
place,"['space', 'plainer', 'page']"
home,"['hope', 'phone', 'house']"
list,"['listed', 'last', 'listing']"
action,"['notation', 'location', 'function']"
events,"['ments', 'meets', 'recent']"
simple,"['single', 'implement', 'example']"
stock,"['stacks', 'track']"
more,"['order', 'worked', 'orders']"
listed,"['list', 'posted', 'little']"
special,"['pencil', 'species', 'principal']"
complimentary,"['comments', 'implement', 'commented']"
information,"['informationclarify', 'confirmations', 'notation']"
supervisors,"['services', 'suppliers']"
example,"['employee', 'employees', 'simple']"
phone,"['telephone', 'hope', 'home']"
day,['say']
sent,"['send', 'present', 'sheet']"
e,[]
language,['managers']
vote,"['note', 'route', 'other']"
room,['bottom']
night,[]
record,"['reported', 'report', 'word']"
read,"['reader', 'area', 'worked']"
it,"['list', 'item']"
suggested,"['suggest', 'suggesting', 'used']"
new,['few']
important,['impact']
hours,"['house', 'short', 'forms']"
last,"['list', 'class', 'listed']"
standard,['snarl']
benefits,"['ments', 'meets']"
held,['weld']
suggest,"['suggested', 'suggesting', 'get']"
corporate,"['reported', 'report', 'correct']"
reference,[]
know,['known']
sympathy,['dispatch']
weeks,"['week', 'meets']"
order,"['orders', 'reader', 'workers']"
orders,"['order', 'workers', 'codes']"
acknowledgments,"['announcements', 'comments']"
message,[]
absence,"['sentences', 'see']"
need,['signed']
confirmations,"['information', 'communications', 'recommendations']"
appropriate,"['preprinted', 'approached']"
sales,"['same', 'less', 'steps']"
business,"['using', 'lines']"
made,['reader']
note,"['vote', 'route', 'other']"
close,"['enclosure', 'cons', 'concise']"
address,['access']
follow,"['following', 'full']"
necessary,[]
report,"['reported', 'record', 'corporate']"
people,"['problem', 'example', 'hope']"
routine,"['routing', 'outline', 'route']"
item,"['items', 'interim', 'write']"
yesterday,[]
get,"['let', 'suggest']"
arrange,"['arrangement', 'advantage', 'larger']"
process,"['prices', 'pros', 'procedures']"
short,"['shorter', 'show', 'sheet']"
serve,"['services', 'see', 'survive']"
present,"['recent', 'sent', 'recipient']"
announcements,"['announce', 'acknowledgments', 'management']"
files,"['file', 'titles', 'offices']"
writes,"['write', 'items', 'titles']"
dates,"['date', 'desk', 'ated']"
reader,"['read', 'order', 'orders']"
indicated,"['indicate', 'dedicated', 'invited']"
items,"['item', 'writes', 'titles']"
issue,[]
department,"['patent', 'separated', 'enrollment']"
sending,"['send', 'selling', 'heading']"
customers,"['customer', 'covers', 'computers']"
suppliers,"['species', 'plainer', 'supervisors']"
co,"['copy', 'cons', 'code']"
offering,"['working', 'considering', 'openings']"
changes,"['change', 'changed', 'pages']"
length,"['let', 'sent', 'left']"
communicate,"['communic', 'communications', 'complicated']"
organization,"['organizations', 'confirmations', 'communications']"
preprinted,"['reported', 'preparing', 'oriented']"
form,"['forms', 'inform', 'norm']"
many,"['mean', 'main', 'company']"
keep,[]
file,"['files', 'fire', 'titles']"
complicated,"['communicate', 'indicated', 'dedicated']"
memo,"['memos', 'memoranda', 'common']"
recent,"['recipient', 'present', 'events']"
current,"['correct', 'recent']"
customer,['customers']
preparation,"['preparing', 'preprinted', 'resignations']"
had,"['has', 'husband', 'heading']"
bring,"['tubing', 'working', 'routing']"
problem,['people']
end,"['send', 'sending']"
describing,"['descriptions', 'distribution', 'detailing']"
employee,"['employees', 'example']"
medical,"['metal', 'material', 'dedicated']"
interim,"['item', 'items', 'internet']"
others,"['other', 'orders', 'months']"
staff,[]
few,['new']
begin,"['going', 'given', 'bring']"
using,"['tubing', 'single', 'stating']"
old,[]
up,[]
correct,"['current', 'corporate', 'recent']"
policy,[]
has,"['was', 'thanks', 'phrase']"
full,"['useful', 'follow']"
years,"['year', 'cars', 'verbs']"
indicate,"['indicated', 'dedicated', 'invited']"
companies,"['company', 'computers', 'concise']"
fire,"['file', 'figures', 'first']"
small,"['mail', 'call', 'snarl']"
return,['turn']
months,"['ments', 'others', 'cons']"
newspaper,['newsletter']
confusion,"['confirmations', 'cons', 'considering']"
further,"['other', 'others']"
services,"['devices', 'serve', 'prices']"
employees,"['employee', 'example']"
wish,['writes']
computers,"['others', 'customers', 'covers']"
steps,"['step', 'tense', 'sales']"
active,"['effective', 'action', 'executives']"
advantage,"['arrange', 'date']"
reduced,"['dedicated', 'record', 'recent']"
easier,"['reader', 'pleased', 'plainer']"
little,"['titles', 'listed', 'list']"
instructions,"['distribution', 'invitations', 'solutions']"
solutions,"['salutations', 'options', 'instructions']"
point,"['oriented', 'phone', 'going']"
typed,"['type', 'ated']"
sheet,"['see', 'sent', 'schedule']"
copy,"['company', 'co']"
stating,"['putting', 'listing', 'stationery']"
hope,"['home', 'phone', 'house']"
design,"['sign', 'signed', 'decisions']"
interested,"['internet', 'listed', 'ingsentencesattached']"
type,['typed']
given,"['going', 'begin']"
page,"['pages', 'space', 'place']"
costs,"['cons', 'comments', 'closings']"
procedures,"['process', 'brochure', 'procedureeffective']"
top,[]
line,"['lines', 'like', 'plainer']"
attached,"['attach', 'ated', 'approached']"
offices,"['office', 'official', 'files']"
code,"['codes', 'order', 'co']"
cleanup,[]
fact,"['impact', 'active', 'action']"
was,"['has', 'ask']"
going,"['moving', 'working', 'routing']"
outline,"['routine', 'line', 'routing']"
useful,"['use', 'used', 'full']"
like,"['likely', 'line', 'lines']"
put,['putting']
numbers,"['number', 'names', 'customers']"
suggesting,"['suggest', 'suggested', 'using']"
willing,"['filing', 'selling', 'following']"
professional,"['personal', 'session', 'process']"
following,"['follow', 'filing', 'willing']"
available,[]
desk,"['dates', 'codes', 'orders']"
sentences,"['species', 'absence', 'ingsentencesattached']"
flexible,[]
names,"['name', 'same', 'numbers']"
step,"['steps', 'posted', 'listed']"
recipient,"['recent', 'efficient', 'preprinted']"
considering,"['offering', 'closings', 'volunteering']"
management,"['arrangement', 'managers', 'implement']"
comments,"['commented', 'ments', 'common']"
schedule,['sheet']
route,"['routed', 'routine', 'byroute']"
newsletter,"['letter', 'letters', 'newspaper']"
survive,"['services', 'serve']"
oriented,"['commented', 'preprinted', 'invited']"
preparing,"['preparation', 'preprinted', 'remain']"
less,"['sales', 'lines', 'files']"
aware,"['area', 'write']"
reported,"['report', 'preprinted', 'routed']"
effective,"['effects', 'executives', 'procedureeffective']"
mean,"['many', 'main', 'metal']"
subject,[]
house,"['hours', 'use', 'used']"
card,"['cars', 'carried', 'record']"
columns,"['cons', 'comments', 'solutions']"
signature,"['signed', 'figures', 'sign']"
remain,"['main', 'preparing', 'streamline']"
pencil,"['special', 'principal', 'species']"
internet,"['interested', 'interim', 'tense']"
track,"['stacks', 'take', 'rank']"
died,"['indicated', 'signed', 'listed']"
official,"['office', 'fiscal', 'offices']"
class,"['pass', 'less', 'last']"
announce,['announcements']
change,"['changes', 'changed', 'heading']"
known,['know']
space,"['place', 'same', 'page']"
inform,"['norm', 'form', 'forms']"
changed,"['change', 'changes', 'had']"
includes,"['include', 'vehicles', 'lines']"
executives,"['effective', 'active']"
prices,"['process', 'services', 'prefixes']"
location,"['notation', 'application', 'action']"
purpose,"['pros', 'response', 'proposal']"
single,"['using', 'simple', 'signed']"
welcome,[]
listing,"['lifting', 'list', 'stating']"
forms,"['form', 'inform', 'norm']"
common,"['communic', 'comments', 'commented']"
funeral,['plural']
descriptions,"['decisions', 'describing', 'resignations']"
programs,"['pros', 'paragraphs', 'forms']"
bottom,['room']
area,"['read', 'aware', 'remain']"
husband,['had']
efficient,"['recipient', 'recent', 'office']"
detailing,"['details', 'training', 'filing']"
sign,"['signed', 'design', 'using']"
putting,"['stating', 'routing', 'using']"
context,"['text', 'next', 'commented']"
likely,"['like', 'line']"
pass,"['pages', 'class', 'phrase']"
material,"['medical', 'mail', 'criteria']"
appear,['year']
background,[]
familiar,[]
carried,['card']
library,[]
branch,"['blanche', 'rank']"
travel,"['tell', 'take', 'have']"
worked,"['work', 'word', 'workers']"
history,[]
shorter,"['short', 'other', 'order']"
organizations,"['organization', 'confirmations', 'communications']"
concise,"['cons', 'close', 'companies']"
verbs,"['covers', 'years']"
study,['rusty']
workers,"['worked', 'orders', 'work']"
communications,"['communicate', 'recommendations', 'confirmations']"
dedicated,"['indicated', 'indicate', 'reduced']"
openings,"['sending', 'options', 'offering']"
moving,"['going', 'providing', 'naming']"
access,"['process', 'address', 'pass']"
summer,"['number', 'summarizes', 'numbers']"
tubing,"['using', 'bring', 'stating']"
invited,"['initialed', 'indicated', 'oriented']"
show,"['how', 'short']"
projected,"['routed', 'posted', 'procedures']"
impact,['fact']
figures,"['fire', 'first', 'files']"
turn,"['return', 'tubing']"
patent,"['department', 'present', 'want']"
principal,"['pencil', 'special', 'initial']"
volunteers,"['volunteering', 'computers', 'others']"
camp,['scrap']
filing,"['willing', 'following', 'detailing']"
brochure,"['procedures', 'byroute', 'route']"
main,"['remain', 'mean', 'many']"
correspondence,['response']
tomorrow,[]
phrase,"['has', 'purpose', 'present']"
left,"['let', 'letter', 'length']"
signed,"['sign', 'single', 'signature']"
courteous,['computers']
providing,"['moving', 'routing', 'considering']"
confidential,"['initial', 'considering', 'official']"
arrangement,"['arrange', 'management']"
calls,"['call', 'cars', 'small']"
titles,"['items', 'files', 'writes']"
devices,"['devizes', 'services', 'vehicles']"
options,"['solutions', 'promotions', 'notation']"
reimburse,[]
initial,"['initials', 'initialed', 'inviting']"
verify,[]
graphics,['paragraphs']
text,"['next', 'context', 'patent']"
function,"['action', 'communications', 'notation']"
duty,['rusty']
promotions,"['options', 'recommendations', 'solutions']"
naming,"['moving', 'stating', 'sending']"
lines,"['line', 'plainer', 'outline']"
body,[]
paragraphs,"['programs', 'graphics']"
enclosure,"['close', 'include']"
pages,"['page', 'pass', 'changes']"
well,"['weld', 'tell']"
recommendations,"['communications', 'comments', 'resignations']"
selling,"['willing', 'sending', 'using']"
covers,"['coverer', 'verbs', 'codes']"
various,[]
criteria,"['interim', 'material', 'write']"
training,"['detailing', 'transmitting', 'stating']"
constitute,[]
initials,"['initial', 'initialed', 'invitations']"
larger,"['plainer', 'arrange', 'page']"
effects,"['effective', 'meets', 'efficient']"
separated,"['reported', 'preprinted', 'department']"
gotten,"['vote', 'note']"
hallmark,[]
closings,"['listing', 'cons', 'considering']"
transmitting,"['training', 'stating']"
routing,"['routine', 'putting', 'outline']"
memos,"['memo', 'memorandums', 'names']"
managers,"['management', 'changes', 'language']"
resignations,"['organizations', 'invitations', 'recommendations']"
authorize,[]
looks,"['hook', 'close']"
initialed,"['initial', 'initials', 'invited']"
decisions,"['design', 'descriptions', 'session']"
lounge,"['routing', 'routine', 'outline']"
lifting,"['listing', 'inviting', 'tubing']"
chief,['check']
salutations,"['solutions', 'stationery', 'stating']"
enrollment,['department']
session,"['professional', 'decisions', 'person']"
rank,"['track', 'thank', 'thanks']"
codes,"['code', 'orders', 'covers']"
flush,['files']
distribution,"['instructions', 'descriptions', 'describing']"
blanche,"['branch', 'place']"
challonerfrom,[]
wind,['signed']
headings,"['heading', 'sending', 'changes']"
posted,"['reported', 'routed', 'projected']"
picnic,[]
dispatch,"['sympathy', 'space']"
endangered,[]
species,"['special', 'space', 'services']"
memorandum,"['memorandums', 'memoranda']"
plural,['funeral']
memoranda,"['memorandum', 'memorandums', 'memo']"
memorandums,"['memorandum', 'memoranda', 'memos']"
grew,[]
streamline,"['remain', 'stationery']"
communic,"['communicate', 'communications', 'common']"
ated,"['date', 'typed', 'dates']"
meets,"['ments', 'events', 'meeting']"
attach,['attached']
routed,"['route', 'routine', 'byroute']"
commented,"['comments', 'oriented', 'communicate']"
coverer,['covers']
snarl,"['standard', 'personal', 'small']"
heading,"['headings', 'sending', 'preparing']"
stacks,"['track', 'stock', 'thanks']"
capitalize,[]
notation,"['location', 'invitations', 'information']"
tense,"['response', 'internet', 'tosee']"
norm,"['inform', 'form', 'forms']"
informality,"['information', 'inform', 'priority']"
plainer,"['line', 'place', 'lines']"
acronyms,"['cons', 'macro']"
alphabetic,[]
summarizes,"['forsummarize', 'summer']"
pros,"['purpose', 'process', 'proposal']"
cons,"['concise', 'columns', 'costs']"
fiscal,"['official', 'special', 'medical']"
implement,"['simple', 'complimentary', 'management']"
macro,['acronyms']
informationclarify,"['information', 'informality']"
procedureeffective,"['effective', 'procedures']"
immediatelypleased,[]
reportrequest,"['request', 'reported', 'report']"
byroute,"['route', 'routed', 'routine']"
tosee,"['see', 'tense', 'sheet']"
forsummarize,['summarizes']
ingsentencesattached,"['sentences', 'interested']"
hook,['looks']
ments,"['meets', 'comments', 'months']"
dimensional,"['personal', 'professional', 'decisions']"
drill,[]
prefixes,"['prices', 'species', 'files']"
devizes,"['devices', 'services', 'events']"
cars,"['card', 'years', 'class']"
priority,"['informality', 'point']"
vehicles,"['devices', 'services', 'includes']"
approached,"['attached', 'appropriate', 'projected']"
volunteering,"['volunteers', 'considering', 'offering']"
listfrom,['list']
gallery,[]
exhibit,[]
sculptures,[]
scrap,['camp']
metal,"['medical', 'mean', 'mail']"
weld,"['well', 'held', 'worked']"
rusty,"['request', 'duty', 'study']"
