say,"['stay', 'says', 'way']"
person,"['personal', 'appears', 'pets']"
happy,[]
write,"['written', 'winter', 'writing']"
other,"['others', 'note', 'hear']"
letter,"['letters', 'better', 'little']"
invitations,"['situation', 'imitating', 'congratulations']"
see,"['sense', 'use', 'street']"
have,"['save', 'saves', 'saved']"
offer,"['offered', 'offense', 'owner']"
name,"['same', 'frame']"
look,"['book', 'looking', 'block']"
delighted,"['delight', 'light', 'delivered']"
thanks,"['thank', 'think', 'hands']"
want,"['wanted', 'plant', 'winter']"
do,['door']
time,"['times', 'trim', 'chimes']"
how,"['show', 'own']"
let,"['least', 'alert', 'lowest']"
position,"['situation', 'prohibiting', 'solution']"
use,"['house', 'abuse', 'see']"
asking,"['taking', 'making', 'parking']"
week,[]
call,"['small', 'local', 'alley']"
help,['shovel']
come,"['home', 'becomes', 'comments']"
writing,"['written', 'willing', 'driving']"
sure,"['sore', 'issue', 'cures']"
take,"['make', 'thank', 'state']"
evening,"['sending', 'opening', 'fencing']"
try,[]
good,['go']
send,"['sent', 'ends', 'sending']"
state,"['states', 'take', 'stay']"
personal,"['person', 'perennial']"
mail,"['small', 'making', 'family']"
telephone,[]
large,"['garbage', 'charges', 'care']"
check,"['checks', 'checked']"
ask,['asking']
park,"['parking', 'party', 'remark']"
same,"['save', 'name', 'state']"
children,['child']
thank,"['thanks', 'think', 'thatnot']"
great,"['get', 'rate', 'gets']"
next,['extend']
work,['wonder']
much,[]
looking,"['locking', 'look', 'plowing']"
best,"['least', 'result', 'lowest']"
book,"['look', 'block', 'broken']"
mind,"['wind', 'making', 'friend']"
way,"['say', 'day']"
letters,"['letter', 'better', 'states']"
difficult,[]
place,"['replace', 'space', 'police']"
express,['prices']
assistance,[]
home,"['come', 'whole', 'house']"
list,"['lost', 'lids', 'last']"
stop,['storm']
better,"['letter', 'letters', 'best']"
tips,"['times', 'things']"
deal,"['dealing', 'sidewalks', 'dearth']"
says,"['say', 'stay', 'saves']"
make,"['take', 'remark', 'making']"
friends,"['friend', 'ends', 'prices']"
go,"['got', 'good', 'gone']"
saying,"['using', 'taking', 'say']"
more,"['sore', 'orders', 'corner']"
special,"['social', 'specific', 'hospital']"
offered,"['offer', 'feed', 'ordered']"
remark,"['park', 'make', 'hear']"
example,[]
cases,"['cease', 'charges', 'changes']"
day,"['way', 'say']"
sent,"['send', 'students', 'sense']"
party,"['parent', 'play', 'park']"
e,[]
liked,"['lobbied', 'live', 'lids']"
night,"['nights', 'light', 'delight']"
graduation,"['congratulations', 'regulations', 'situation']"
anniversary,"['anniversaries', 'manners']"
it,['list']
society,['social']
new,['few']
wishes,['issues']
discussions,"['discussion', 'sections', 'discount']"
important,['toimportant']
community,"['actioncommunity', 'comments', 'common']"
last,"['least', 'lost', 'list']"
annual,['animal']
give,"['live', 'invite']"
family,"['families', 'mail']"
stay,"['say', 'says', 'state']"
love,"['live', 'leave', 'shovel']"
meetings,"['things', 'evening', 'celebrating']"
students,"['statements', 'sent', 'sense']"
enjoy,[]
know,"['knowing', 'knowget']"
orders,"['ordered', 'ordering', 'wonder']"
morning,"['zoning', 'opening', 'joining']"
message,[]
need,"['feed', 'wanted', 'extend']"
appropriate,['appreciation']
apologies,"['apologizes', 'police']"
conversation,"['cooperationhow', 'construction', 'congratulations']"
hear,"['heard', 'ears', 'years']"
business,"['businesses', 'using', 'signs']"
birthday,['bird']
congratulations,"['congratulate', 'graduation', 'regulations']"
note,"['notes', 'noticed', 'other']"
handled,"['hand', 'hands', 'wanted']"
serious,"['egregious', 'sections']"
written,"['write', 'writing', 'writewanted']"
several,"['shovel', 'see']"
delivery,"['delivered', 'live', 'derives']"
get,"['gets', 'great', 'let']"
describe,"['desire', 'derives']"
appreciation,"['prevention', 'regulations', 'appropriate']"
thing,"['things', 'think', 'thinking']"
issue,"['issues', 'sure', 'dispute']"
delivered,"['delivery', 'desire', 'delighted']"
sending,"['send', 'opening', 'finding']"
behalf,['deal']
changes,"['charges', 'angers', 'challenge']"
plans,"['plant', 'play', 'planned']"
most,"['lost', 'cost', 'lowest']"
taking,"['making', 'asking', 'parking']"
property,"['appropriate', 'party']"
storm,"['trim', 'stop', 'sore']"
street,"['trees', 'see', 'sure']"
construction,"['situation', 'conversation', 'congratulations']"
knowing,"['know', 'plowing', 'knowget']"
making,"['taking', 'asking', 'parking']"
had,"['hand', 'heard', 'hands']"
run,['fun']
thinking,"['think', 'thing', 'things']"
wanted,"['want', 'writewanted', 'winter']"
problem,"['problems', 'trouble', 'troublesome']"
glad,"['grand', 'garden']"
rate,"['write', 'state', 'great']"
situation,"['solution', 'position', 'invitations']"
leave,"['save', 'love', 'live']"
others,"['other', 'clothes', 'notes']"
few,['new']
key,[]
using,"['guessing', 'saying', 'buying']"
old,['sod']
correct,['corner']
discount,"['dispute', 'discussion', 'discussions']"
years,"['ears', 'yard', 'hear']"
doing,"['zoning', 'hoping', 'coming']"
only,"['monthly', 'honey']"
complain,"['compliment', 'coming', 'planning']"
repairing,"['parking', 'ordering', 'clearing']"
dealing,"['deal', 'delight', 'ordering']"
care,"['card', 'area', 'charges']"
problems,"['problem', 'trouble', 'troublesome']"
compromise,['compliment']
fire,"['free', 'frame', 'friend']"
replace,"['place', 'space', 'police']"
small,"['smaller', 'sell', 'mail']"
ordered,"['orders', 'offered', 'ordering']"
free,"['fire', 'feel', 'feed']"
appears,"['ears', 'years', 'person']"
carrier,"['care', 'corner']"
sell,"['small', 'shovel']"
bad,['had']
newspaper,[]
resolve,"['shovel', 'result']"
solution,"['situation', 'sections', 'position']"
human,"['hand', 'thank', 'hands']"
things,"['thing', 'think', 'thinking']"
least,"['last', 'let', 'lowest']"
road,['grand']
specific,['special']
businesses,"['business', 'issues']"
advice,"['ice', 'view', 'save']"
little,"['written', 'pile', 'live']"
benefit,[]
cost,"['most', 'lost', 'constant']"
got,"['go', 'get']"
point,"['spot', 'plowing', 'position']"
view,"['invite', 'advice']"
sense,"['see', 'sent', 'send']"
play,"['plant', 'plans', 'place']"
typed,[]
consulted,"['congratulate', 'contribute', 'cost']"
issues,"['issue', 'wishes', 'dispute']"
statements,"['states', 'students', 'state']"
checked,"['check', 'checks']"
plant,"['plans', 'parent', 'want']"
checks,"['check', 'checked', 'chimes']"
attached,['attend']
times,"['time', 'chimes', 'trim']"
regulations,"['congratulations', 'graduation', 'sections']"
light,"['delight', 'night', 'nights']"
think,"['thing', 'thank', 'thinking']"
grateful,"['rate', 'great', 'congratulate']"
friend,"['friends', 'rid', 'red']"
feel,"['free', 'feed', 'fence']"
noticed,"['note', 'nice', 'notes']"
school,"['shovel', 'show']"
own,"['town', 'owner', 'how']"
consider,"['wonder', 'corner', 'side']"
wonder,"['owner', 'consider', 'winter']"
put,['dispute']
habit,['rabbit']
willing,"['will', 'writing', 'living']"
program,[]
certain,"['clearing', 'celebrating', 'conversation']"
coming,"['doing', 'complain', 'zoning']"
available,['favorable']
found,"['fun', 'loud', 'front']"
compliment,"['complain', 'comments', 'community']"
frame,"['same', 'rate', 'name']"
parent,"['plant', 'party', 'garden']"
indirect,['winifred']
child,"['children', 'wild', 'build']"
social,"['special', 'local', 'society']"
hand,"['hands', 'had', 'handled']"
comments,"['compliment', 'common', 'community']"
basis,"['business', 'signs', 'grass']"
hip,[]
aware,"['warm', 'care', 'area']"
aggressive,[]
side,"['pride', 'consider', 'sidewalks']"
driving,"['living', 'writing', 'doing']"
house,"['use', 'outset', 'home']"
anniversaries,"['anniversary', 'manners']"
card,"['yard', 'care', 'heard']"
live,"['love', 'give', 'liked']"
gathering,"['thing', 'things', 'parking']"
lost,"['lowest', 'most', 'lots']"
congratulate,"['congratulations', 'consulted', 'contribute']"
notes,"['note', 'others', 'ones']"
finding,"['sending', 'joining', 'fencing']"
delight,"['delighted', 'light', 'dealing']"
celebrating,"['clearing', 'certain', 'meetings']"
corner,"['corn', 'owner', 'consider']"
front,"['frontier', 'point', 'found']"
whole,"['home', 'withhope', 'shoveled']"
dependable,['depends']
successful,[]
announce,[]
garbage,"['large', 'garden']"
opening,"['zoning', 'hoping', 'sending']"
living,"['driving', 'having', 'writing']"
space,"['place', 'save', 'same']"
attend,"['attached', 'wanted', 'extend']"
town,"['own', 'owner', 'buton']"
prices,"['pride', 'police', 'picket']"
parking,"['barking', 'taking', 'making']"
overdue,['orders']
obvious,[]
common,"['comments', 'community', 'coming']"
cream,"['care', 'area', 'great']"
daughter,[]
area,"['care', 'large', 'great']"
energy,['nursery']
charges,"['changes', 'care', 'large']"
monthly,['only']
sign,"['signs', 'using', 'saying']"
bulk,"['bulbs', 'build', 'block']"
red,"['rid', 'friend', 'ordered']"
recycling,"['fencing', 'dealing']"
yard,"['card', 'years', 'heard']"
face,"['space', 'place', 'frame']"
having,"['thing', 'things', 'taking']"
gone,"['ones', 'owner', 'honey']"
pets,"['gets', 'prices', 'picket']"
shovel,"['shoveled', 'school', 'several']"
hands,"['hand', 'had', 'thanks']"
gets,"['get', 'pets', 'great']"
green,"['garden', 'free', 'trees']"
neighbor,"['neighbors', 'neighborhood', 'neighborliness']"
bought,[]
did,['rid']
save,"['saves', 'saved', 'same']"
arranging,"['arrangements', 'parking', 'morning']"
prefer,['free']
discussion,"['discussions', 'discount', 'discusshappy']"
hoping,"['opening', 'thing', 'doing']"
pile,"['pride', 'place', 'prices']"
result,"['resolve', 'best']"
invite,"['winter', 'view', 'note']"
spot,"['point', 'spoken', 'spirit']"
arrangements,"['arranging', 'statements']"
heard,"['hear', 'had', 'yard']"
favorable,['available']
desire,"['describe', 'delivered', 'defensive']"
refreshments,['arrangements']
show,"['how', 'shovel', 'school']"
trouble,"['troublesome', 'problem', 'problems']"
warm,['aware']
extend,"['attend', 'exposed', 'depends']"
spoken,"['broken', 'spot', 'sore']"
garden,"['green', 'parent', 'garbage']"
neighborhood,"['neighborhoodask', 'neighbor', 'neighbors']"
ones,"['gone', 'owner', 'notes']"
tomorrow,[]
thatnot,"['thank', 'thanks']"
becomes,"['come', 'comments', 'chimes']"
attempt,['attend']
local,"['social', 'call', 'block']"
dispute,"['issue', 'discount', 'issues']"
buying,"['using', 'saying', 'buy']"
quantities,['authorities']
ordering,"['orders', 'repairing', 'ordered']"
neighbors,"['neighbor', 'neighborliness', 'neighborhood']"
abuse,"['use', 'accuse', 'business']"
accuse,"['abuse', 'use', 'face']"
ends,"['send', 'friends', 'depends']"
outset,"['house', 'use', 'sent']"
crop,[]
alert,"['let', 'smaller', 'party']"
spirit,['spot']
depends,"['ends', 'dependable', 'defensive']"
broken,"['spoken', 'barking', 'book']"
buy,['buying']
winter,"['write', 'owner', 'wonder']"
authorities,['quantities']
smaller,"['small', 'alley', 'alert']"
loud,['found']
locking,"['looking', 'plowing', 'doing']"
hospital,['special']
grass,"['great', 'grand', 'cases']"
introduce,"['unproductive', 'trouble']"
planning,"['plowing', 'planned', 'parking']"
contribute,"['construction', 'congratulate', 'consulted']"
will,"['wild', 'willing']"
inch,[]
saves,"['save', 'saved', 'states']"
escalates,"['states', 'healthiest']"
defensive,"['desire', 'offense', 'derives']"
door,['do']
barking,"['parking', 'breaking', 'taking']"
nice,"['ice', 'noticed', 'fence']"
trim,"['time', 'times', 'storm']"
block,"['look', 'locking', 'bulk']"
build,"['wild', 'bulk', 'bird']"
police,"['place', 'prices', 'picket']"
wild,"['wind', 'will', 'child']"
kitchen,['ice']
clothes,"['others', 'lots', 'other']"
organized,[]
breaking,"['barking', 'taking', 'making']"
feed,"['need', 'free', 'feel']"
keeps,['trees']
search,"['dearth', 'hear', 'ears']"
saved,"['save', 'saves', 'send']"
windows,['wind']
states,"['state', 'statements', 'saves']"
kids,['lids']
fun,"['found', 'run']"
stack,"['take', 'stay', 'thank']"
cease,"['cases', 'ears', 'care']"
sore,"['sure', 'more', 'storm']"
signs,"['sign', 'sections', 'business']"
trees,"['street', 'free', 'times']"
guessing,"['using', 'trespassing']"
okay,[]
achieve,['chimes']
manners,"['angers', 'anniversary', 'anniversaries']"
constant,"['cost', 'state', 'conversation']"
animal,"['annual', 'mail']"
perennial,"['personal', 'special']"
walk,['sidewalks']
lowest,"['lost', 'least', 'let']"
owner,"['own', 'wonder', 'winter']"
toimportant,['important']
sleeping,"['sending', 'evening', 'meetings']"
planned,"['plant', 'plans', 'planning']"
ears,"['years', 'hear', 'appears']"
wind,"['wild', 'mind', 'windows']"
picnic,"['nice', 'inch']"
troublesome,"['trouble', 'problem', 'problems']"
alley,"['smaller', 'call', 'small']"
chimes,"['times', 'checks', 'clothes']"
sidewalks,"['walk', 'side', 'deal']"
bricks,['prices']
picket,"['prices', 'police', 'ice']"
backyard,"['yard', 'card']"
neighborliness,"['neighbors', 'neighbor', 'neighborhoodask']"
frontier,"['front', 'consider', 'owner']"
bird,"['build', 'birthday']"
johnsonthe,[]
harmony,['honey']
dearth,"['search', 'hear', 'ears']"
offense,"['offered', 'sense', 'offer']"
millennium,[]
challenge,"['changes', 'charges', 'call']"
exposed,['extend']
imitating,"['invitations', 'taking', 'situation']"
cooperationhow,"['cooperationblock', 'conversation']"
unproductive,['introduce']
reciprocate,[]
pleasantry,"['plant', 'least']"
apologizes,"['apologies', 'police']"
lids,"['list', 'kids', 'liked']"
cans,"['changes', 'plans', 'hands']"
crazy,['cream']
generalize,[]
undercuts,[]
angers,"['manners', 'changes', 'charges']"
lots,"['lost', 'clothes', 'notes']"
shoveled,"['shovel', 'whole', 'saved']"
grand,"['road', 'hand', 'glad']"
trespassing,"['repairing', 'guessing', 'breaking']"
egregious,"['serious', 'regulations']"
honey,"['only', 'ones', 'home']"
unsupervised,[]
derives,"['describe', 'delivery', 'delivered']"
ice,"['nice', 'prices', 'police']"
prevention,"['evening', 'appreciation', 'parent']"
cures,"['sure', 'charges', 'care']"
wordsadmireagreementappreciateattentioncarefulconcernedconsideratecooperationcoordinategeneroushelpfulkindnessneighborlyrespectresponsibilitysharesocializesolutiontroublingupkeepphrasesaffecting,[]
neighborhoodask,"['neighborhood', 'neighbors', 'neighbor']"
cooperationblock,"['cooperationhow', 'conversation']"
watchcombined,[]
actioncommunity,['community']
councilcoordinate,[]
effortsdid,[]
knowget,"['know', 'knowing', 'lowest']"
discusshappy,"['discussion', 'discussions']"
withhope,"['write', 'whole']"
usinform,"['using', 'storm']"
buton,"['town', 'solution']"
oppositeyoureluctant,[]
writewanted,"['wanted', 'written', 'write']"
sentencesas,[]
blankets,"['plant', 'plans']"
bedding,"['sending', 'doing', 'breaking']"
utensils,[]
sod,['old']
plowing,"['looking', 'locking', 'knowing']"
corn,"['corner', 'common', 'coming']"
yourselves,[]
families,"['family', 'frame']"
nursery,"['energy', 'use']"
healthiest,[]
rabbit,"['habit', 'rate']"
zoning,"['opening', 'morning', 'joining']"
prohibiting,"['writing', 'position', 'imitating']"
nights,"['night', 'light', 'neighbors']"
joining,"['zoning', 'opening', 'morning']"
belonging,"['zoning', 'sending', 'plowing']"
longlife,[]
bulbs,"['bulk', 'build', 'abuse']"
lobbied,['liked']
winifred,"['wind', 'indirect']"
pride,"['rid', 'prices', 'side']"
snowblower,[]
clearing,"['celebrating', 'repairing', 'parking']"
fence,"['offense', 'nice', 'free']"
sections,"['serious', 'regulations', 'discussions']"
rid,"['pride', 'red', 'friend']"
tap,[]
fencing,"['sending', 'opening', 'finding']"
