say,"['way', 'saying', 'pay']"
write,"['written', 'white', 'writing']"
pleased,"['knowplease', 'place', 'processed']"
other,"['note', 'clothes', 'terms']"
letter,"['letters', 'letterhead', 'lettersdear']"
first,"['list', 'pairs', 'front']"
see,"['sheet', 'serve', 'use']"
have,"['above', 'travel', 'charge']"
offer,"['office', 'other', 'order']"
date,"['dates', 'dated', 'late']"
company,"['complaint', 'many', 'copy']"
name,"['same', 'unable', 'number']"
questions,"['requests', 'requisition', 'exceptions']"
look,[]
thanks,"['thank', 'think', 'hands']"
enclosed,"['ofenclosed', 'close', 'enclosing']"
want,['amount']
time,"['daytime', 'title', 'entire']"
how,['shown']
let,"['letter', 'get', 'outlets']"
use,"['see', 'purpose']"
informal,"['inform', 'information', 'form']"
asking,"['taking', 'making', 'phrasing']"
week,['weeks']
writing,"['written', 'write', 'creating']"
sure,"['ensure', 'reassure', 'signature']"
requests,"['request', 'requestedship', 'questions']"
expression,"['impression', 'processing', 'expiration']"
take,"['make', 'thank', 'state']"
good,"['goods', 'goodwill']"
send,"['end', 'sent', 'stated']"
state,"['stated', 'status', 'take']"
add,"['advised', 'address']"
personal,"['personalized', 'personalization']"
mail,"['email', 'making', 'family']"
respond,"['reason', 'responses', 'correspondence']"
include,['including']
telephone,['phone']
number,"['numerals', 'summer', 'name']"
large,"['charge', 'page', 'late']"
check,['checked']
ask,['asking']
stationery,"['state', 'stairway', 'installation']"
same,"['name', 'samples', 'state']"
thank,"['thanks', 'think', 'take']"
letterhead,"['lettersdear', 'letter', 'letters']"
appreciate,"['appreciation', 'aggregate', 'appearance']"
office,"['offer', 'confidence', 'invoice']"
year,"['years', 'rear', 'buyers']"
month,"['amount', 'ment', 'other']"
work,['world']
gives,"['give', 'live', 'lines']"
way,"['say', 'pay', 'day']"
request,"['requests', 'requestedship', 'requisition']"
letters,"['letter', 'lettersdear', 'letterhead']"
find,"['friends', 'refund']"
difficult,[]
place,"['space', 'spaces', 'glance']"
amount,"['account', 'month', 'payment']"
assistance,['acquaintances']
particular,[]
needs,"['need', 'ones', 'niceties']"
receipt,"['receive', 'received', 'exception']"
tax,['fax']
directions,"['exceptions', 'description', 'confections']"
home,"['hope', 'phone']"
list,"['last', 'lines', 'it']"
future,"['turn', 'sure', 'free']"
tips,['is']
possible,"['problem', 'problems']"
late,"['last', 'gate', 'date']"
make,"['take', 'made', 'making']"
stock,['socks']
friends,"['find', 'refunds', 'files']"
sentence,"['sent', 'convenience', 'internet']"
saying,"['trying', 'taking', 'spring']"
more,"['order', 'money', 'orders']"
special,['specify']
information,"['confirmation', 'informal', 'inform']"
goodwill,"['good', 'goods']"
example,"['samples', 'people']"
phone,"['telephone', 'ones', 'hope']"
day,"['delay', 'way', 'say']"
sent,"['send', 'ment', 'shipment']"
handwritten,"['written', 'handling', 'write']"
e,[]
style,"['type', 'typed', 'title']"
enclosing,"['closing', 'enclosed', 'including']"
complete,"['complaint', 'complaints']"
including,"['include', 'inquiring', 'enclosing']"
attention,['attentionretail']
it,"['kit', 'unit', 'list']"
new,[]
last,"['list', 'late', 'delays']"
receive,"['received', 'receipt', 'orderdelivery']"
self,[]
give,"['gives', 'live']"
family,"['mail', 'fill']"
reference,['preferred']
enjoy,[]
explaining,"['complaining', 'experiencing', 'placing']"
received,"['receive', 'receipt', 'reached']"
acknowledge,"['acknowledgments', 'acknowledging', 'knowplease']"
know,[]
weeks,"['week', 'needs']"
confirmation,"['confirming', 'confirmi', 'information']"
order,"['orders', 'ordered', 'ordering']"
orders,"['order', 'ordered', 'folders']"
acknowledgments,"['acknowledge', 'acknowledging']"
confirm,"['confirmi', 'confirmed', 'youconfirm']"
morning,"['ordering', 'returning', 'oncebeing']"
acknowledging,"['acknowledge', 'acknowledgments', 'hanging']"
contact,['contacted']
need,"['needs', 'agreed']"
sales,"['samples', 'spaces', 'same']"
payment,"['payments', 'overpayment', 'ment']"
previous,['serious']
business,"['cabinets', 'lines']"
payments,"['payment', 'overpayment', 'ment']"
made,"['make', 'advise']"
delay,"['delays', 'day', 'easy']"
note,"['other', 'center']"
merchandise,"['purchase', 'hands']"
close,"['enclosed', 'colors', 'ofenclosed']"
exception,"['exceptions', 'expiration', 'description']"
responses,"['respond', 'reason', 'lenses']"
address,"['dress', 'readiness', 'add']"
serious,"['previous', 'serves', 'errors']"
written,"['write', 'handwritten', 'writing']"
people,"['problem', 'example', 'hope']"
routine,[]
item,"['items', 'write', 'white']"
copies,"['prices', 'complaints', 'options']"
agreed,"['aggregate', 'reached', 'page']"
samples,"['sales', 'same', 'example']"
several,"['serve', 'serves', 'see']"
delivery,"['delivered', 'orderdelivery', 'deliveryplease']"
get,"['let', 'forget']"
arrange,"['large', 'charge']"
replacement,"['payment', 'department', 'overpayment']"
is,"['tips', 'list']"
serve,"['serves', 'service', 'see']"
serves,"['serve', 'service', 'see']"
additional,['directions']
files,"['friends', 'folders', 'fill']"
dates,"['date', 'dated', 'late']"
appreciation,"['appreciate', 'expiration', 'directions']"
items,"['item', 'terms', 'write']"
confirming,"['confirmi', 'confirm', 'confirmation']"
provide,"['price', 'prices']"
department,"['payment', 'separate', 'replacement']"
delivered,"['delivery', 'desired', 'deciphered']"
suppliers,"['supply', 'samples', 'appears']"
complaints,"['complaint', 'complaining', 'company']"
confirmed,"['confirm', 'confirmi', 'youconfirm']"
changes,"['charges', 'charge', 'hands']"
requirements,"['reimbursement', 'requests', 'request']"
price,"['prices', 'service', 'provide']"
fax,"['tax', 'fra']"
form,"['forms', 'inform', 'informal']"
fill,"['bill', 'fulfill', 'filling']"
many,"['company', 'money', 'human']"
memo,['method']
shipped,"['ship', 'shipping', 'shipment']"
taking,"['making', 'asking', 'tuning']"
shipment,"['shipped', 'ship', 'sent']"
catalog,[]
storage,"['state', 'travel', 'street']"
current,"['screen', 'credit', 'center']"
street,"['treat', 'sheet', 'see']"
value,['sales']
customer,['cover']
making,"['taking', 'asking', 'saying']"
spring,"['shipping', 'phrasing', 'trying']"
problem,"['problems', 'possible', 'prompt']"
end,"['send', 'refund', 'men']"
lettersdear,"['letters', 'letterhead', 'letter']"
unacceptable,"['acceptable', 'unable']"
usual,"['sales', 'equal']"
supply,['suppliers']
ship,"['slip', 'shipped', 'shipping']"
begin,['beings']
error,"['errors', 'interior']"
sorry,"['order', 'carry']"
complaint,"['complaints', 'complaining', 'company']"
policy,[]
refund,"['refunds', 'returned', 'refusing']"
product,"['projector', 'prompt']"
quality,"['quantity', 'equal', 'gility']"
invoice,"['indicate', 'office']"
done,"['ones', 'phone', 'money']"
credit,"['credited', 'receipt', 'current']"
years,"['year', 'buyers', 'rear']"
installation,"['stationery', 'instructing', 'information']"
adjustments,"['instruments', 'payments']"
such,[]
dealing,"['selling', 'hearing', 'calling']"
terms,"['items', 'letters', 'item']"
indicate,"['duplicate', 'invoice', 'date']"
problems,"['problem', 'possible']"
return,"['returned', 'turn', 'returning']"
ordered,"['order', 'orders', 'desired']"
free,"['street', 'screen', 'future']"
account,['amount']
appears,"['arrears', 'appearance', 'years']"
handling,"['hanging', 'changing', 'canceling']"
errors,"['error', 'serious', 'arrears']"
maintain,"['complaining', 'installation']"
refunds,"['refund', 'returned', 'refusing']"
refusing,"['refund', 'returning', 'refunds']"
slip,"['ship', 'slide']"
human,"['many', 'thank', 'hands']"
beings,"['begin', 'oncebeing', 'buying']"
pay,"['way', 'say', 'day']"
similar,[]
wholesale,[]
purchase,"['purchasing', 'purpose', 'purchasinghow']"
allow,['lower']
typed,"['type', 'style', 'dated']"
sheet,"['see', 'street', 'sent']"
size,"['slide', 'emphasize']"
copy,"['company', 'copies']"
filling,"['fill', 'selling', 'calling']"
carry,"['cart', 'card', 'sorry']"
hope,"['home', 'phone', 'copies']"
returning,"['tuning', 'return', 'returned']"
calling,"['canceling', 'selling', 'filling']"
credited,"['credit', 'returned', 'received']"
shipping,"['spring', 'shipped', 'ship']"
hearing,"['hanging', 'dealing', 'phrasing']"
type,"['typed', 'style']"
checked,['check']
page,"['space', 'place', 'large']"
costs,"['post', 'clothes', 'close']"
charge,"['charges', 'changes', 'large']"
reason,"['respond', 'responses', 'impression']"
procedures,"['processed', 'prices', 'protectors']"
ensure,"['sure', 'reassure', 'lenses']"
line,"['lines', 'live', 'link']"
bill,['fill']
reimbursement,['requirements']
delays,"['delay', 'day', 'last']"
processing,"['processed', 'purchasing', 'impression']"
code,"['zipcode', 'order', 'cover']"
unable,"['unacceptable', 'name']"
think,"['thank', 'thanks', 'link']"
like,"['live', 'link', 'line']"
phrasing,"['purchasing', 'asking', 'purchasinghow']"
trying,"['tuning', 'traveling', 'taking']"
helpful,[]
coming,"['closing', 'confirming', 'complaining']"
reassure,"['ensure', 'sure', 'rear']"
available,[]
confidence,"['convenience', 'correspondence', 'confirmed']"
money,"['ones', 'more', 'many']"
emphasize,['size']
impression,"['expression', 'processing', 'reason']"
service,"['serve', 'serves', 'price']"
sports,"['points', 'post']"
card,"['cart', 'chart', 'carry']"
live,"['line', 'like', 'give']"
columns,"['coming', 'colors']"
signature,"['signatures', 'sure', 'gate']"
personalized,"['personal', 'personalization']"
internet,"['instruments', 'sentence', 'interior']"
front,"['month', 'first']"
points,"['sports', 'complaints', 'post']"
returned,"['return', 'refund', 'returning']"
prompt,"['product', 'problem', 'post']"
separate,"['department', 'repaired', 'state']"
space,"['spaces', 'place', 'same']"
inform,"['informal', 'form', 'forms']"
arrival,[]
hour,[]
lower,"['other', 'order', 'offer']"
prices,"['price', 'spaces', 'processed']"
purchasing,"['purchasinghow', 'purchase', 'phrasing']"
purpose,"['purchase', 'responses', 'processed']"
description,"['exception', 'exceptions', 'questions']"
forms,"['form', 'inform', 'folders']"
acquaintances,['assistance']
exceptions,"['exception', 'options', 'expiration']"
black,"['bank', 'place']"
white,"['write', 'written', 'item']"
advised,"['advise', 'add']"
area,"['rear', 'real', 'arrears']"
reached,"['repaired', 'received', 'agreed']"
world,"['work', 'sold', 'order']"
toll,['total']
interior,"['internet', 'error']"
charges,"['charge', 'changes', 'large']"
preferred,"['refrigerated', 'reference', 'ordered']"
easy,"['years', 'delay', 'reason']"
dated,"['date', 'dates', 'stated']"
box,[]
unsatisfactory,[]
specify,"['special', 'simplify']"
hands,"['thanks', 'changes', 'merchandise']"
real,"['rear', 'area', 'treat']"
original,[]
label,"['late', 'place', 'large']"
entire,"['ensure', 'center', 'desired']"
forget,"['get', 'storage', 'more']"
cover,"['code', 'customer', 'other']"
travel,"['traveling', 'storage', 'take']"
match,"['latching', 'month']"
title,"['time', 'item', 'write']"
daytime,"['time', 'date', 'dates']"
color,"['colors', 'lower', 'cover']"
clerical,[]
unit,"['units', 'quantity', 'it']"
placing,"['latching', 'explaining', 'place']"
summer,"['number', 'sure', 'same']"
convenience,"['confidence', 'correspondence', 'sentence']"
canceling,"['cancel', 'calling', 'handling']"
cancel,"['canceling', 'glance', 'changes']"
changing,"['hanging', 'chain', 'handling']"
equal,"['real', 'quality', 'usual']"
shown,"['how', 'phone']"
turn,"['return', 'returned', 'returning']"
acceptable,['unacceptable']
goods,"['good', 'goodwill']"
method,"['ment', 'memo', 'melt']"
hanging,"['changing', 'handling', 'hearing']"
ones,"['done', 'phone', 'needs']"
correspondence,"['respond', 'confidence', 'responses']"
desktop,[]
stated,"['state', 'dated', 'status']"
status,"['state', 'stated', 'signatures']"
arrears,"['rear', 'area', 'appears']"
courteous,"['outlets', 'clothes']"
experiencing,"['explaining', 'expediting', 'expression']"
spaces,"['space', 'sales', 'place']"
complaining,"['complaint', 'explaining', 'complaints']"
contacted,"['contact', 'stated', 'located']"
buying,"['tuning', 'trying', 'saying']"
ordering,"['order', 'orders', 'returning']"
creating,"['returning', 'writing', 'hearing']"
repaired,"['prepaid', 'rear', 'reached']"
options,"['exceptions', 'confections', 'questions']"
pair,"['pairs', 'repaired']"
broken,[]
substitution,[]
sold,"['world', 'slide']"
closing,"['enclosing', 'coming', 'calling']"
piano,[]
lines,"['line', 'lenses', 'ones']"
units,"['unit', 'nuts', 'quantity']"
above,"['have', 'label', 'cover']"
signatures,"['signature', 'status']"
duplicate,"['indicate', 'located', 'late']"
selling,"['filling', 'dealing', 'calling']"
appearance,['appears']
warehouse,[]
bank,"['thank', 'black', 'thanks']"
standardized,['fineganstandardized']
treat,"['street', 'transit', 'rear']"
expiration,"['exception', 'expression', 'expediting']"
instruments,"['instructing', 'adjustments', 'internet']"
clothes,"['other', 'close', 'courteous']"
forwarded,['ordered']
answers,"['serves', 'lenses']"
email,"['mail', 'real', 'equal']"
chain,"['changing', 'purchasing', 'hearing']"
knowplease,"['pleased', 'acknowledge']"
protectors,"['projector', 'procedures', 'directions']"
advise,"['advised', 'made', 'have']"
nuts,"['units', 'points']"
bolts,"['outlets', 'costs']"
prevent,"['street', 'screen']"
traveling,"['travel', 'trying', 'taking']"
men,"['ment', 'end', 'payment']"
colors,"['color', 'close', 'folders']"
tuning,"['returning', 'trying', 'taking']"
buyers,"['years', 'year']"
center,"['letter', 'entire', 'letters']"
socks,['stock']
post,"['costs', 'sports', 'prompt']"
desired,"['delivered', 'ordered', 'deciphered']"
cassette,['state']
slide,"['sold', 'slip', 'size']"
dress,"['address', 'requests', 'reassure']"
zip,['zipcode']
numerals,['number']
elevator,[]
exposed,"['expedite', 'enclosed', 'responses']"
quantity,"['quality', 'unit', 'units']"
personalization,"['personalized', 'personal']"
monogram,[]
total,"['toll', 'title']"
pairs,"['pair', 'repaired', 'years']"
calculators,[]
projector,"['protectors', 'product']"
located,"['late', 'dated', 'duplicate']"
confections,"['confectionsfrom', 'confirmation', 'options']"
oz,[]
fineganstandardized,['standardized']
requisition,"['questions', 'request', 'description']"
inquiring,"['including', 'confirming', 'instructing']"
instructing,"['instruments', 'installation', 'inquiring']"
circled,"['confirmed', 'credit']"
underlined,['delivered']
deciphered,"['delivered', 'desired']"
glance,"['place', 'cancel', 'line']"
arabic,['area']
niceties,"['indicate', 'units', 'needs']"
readiness,['address']
prepaid,['repaired']
fra,['fax']
gility,"['quality', 'list']"
simplify,['specify']
zipcode,"['code', 'zip']"
chart,"['cart', 'charge', 'charges']"
individualized,[]
wordsbilledcancelchangechargeconfirmdepositexpeditefreightgoodshandlingimmediatelyinvoiceitemsmerchandiseovernightoverpaymentreceiptrushstockunderpaymenturgentwarehousehow,[]
oncebeing,"['canceling', 'beings', 'processing']"
youconfirm,"['confirm', 'confirmi', 'confirmed']"
orderdelivery,"['delivery', 'delivered', 'receive']"
ofenclosed,"['enclosed', 'close', 'enclosing']"
forhereby,['ordered']
confirmi,"['confirm', 'confirming', 'confirmed']"
ofnext,"['ones', 'done']"
deliveryplease,"['delivery', 'delivered']"
attentionretail,['attention']
pricereturn,"['return', 'returned', 'price']"
requestedship,"['requests', 'request']"
cabinets,"['complaints', 'changes', 'business']"
latching,"['placing', 'creating', 'changing']"
link,"['line', 'like', 'think']"
gate,"['late', 'date', 'state']"
kit,['it']
processed,"['processing', 'prices', 'procedures']"
aggregate,"['agreed', 'appreciate', 'gate']"
expedite,"['expediting', 'exposed', 'credited']"
overpayment,"['payment', 'payments', 'department']"
folders,"['orders', 'order', 'forms']"
stairway,['stationery']
fulfill,['fill']
ment,"['men', 'sent', 'melt']"
audio,[]
rear,"['year', 'real', 'area']"
screen,"['street', 'see', 'prevent']"
lenses,"['lines', 'responses', 'ensure']"
transit,"['treat', 'thanks']"
vicinity,[]
purchasinghow,"['purchasing', 'purchase', 'phrasing']"
expediting,"['expedite', 'experiencing', 'explaining']"
confectionsfrom,"['confections', 'confirm', 'confirmi']"
trottdate,['date']
refrigerated,"['preferred', 'credited']"
outlets,"['bolts', 'courteous', 'let']"
cart,"['chart', 'card', 'carry']"
melt,"['ment', 'method']"
