invitation,"['invitations', 'inviting', 'situations']"
accept,"['receipt', 'face']"
say,"['saw', 'day']"
pleasure,"['pleased', 'pressure', 'treasurer']"
person,"['personality', 'reason', 'respond']"
happy,['happened']
write,"['written', 'handwrite', 'title']"
pleased,"['pleasure', 'replaced', 'place']"
other,"['others', 'term', 'hear']"
letter,"['letters', 'lettersdear', 'little']"
invitations,"['invitation', 'situations', 'inviting']"
see,"['use', 'speaker', 'sincere']"
have,"['allhave', 'share', 'having']"
offer,"['officer', 'officers', 'other']"
discuss,"['discussion', 'disputes']"
date,"['dates', 'indicate', 'delicate']"
name,"['names', 'number']"
questions,"['requests', 'situations', 'directions']"
look,"['book', 'lookout']"
thanks,"['thank', 'think', 'thousands']"
enclosed,"['enclosing', 'enjoyed', 'entitled']"
want,['amount']
meeting,"['meetings', 'mention', 'getting']"
job,[]
do,[]
time,"['title', 'intimate', 'estimate']"
how,[]
let,"['least', 'letter', 'get']"
position,"['option', 'situations', 'nomination']"
use,"['used', 'upset', 'cause']"
tell,"['tells', 'sell']"
inviting,"['invitation', 'invitations', 'joining']"
application,"['applications', 'publication', 'complications']"
week,[]
help,"['held', 'helping']"
requests,"['questions', 'represents', 'revenues']"
take,"['talk', 'thank', 'makes']"
evening,"['meeting', 'meetings', 'recommending']"
send,"['end', 'used', 'stand']"
brief,"['write', 'pride']"
word,['formed']
mail,"['mailing', 'small', 'tailor']"
respond,"['reason', 'responses', 'correspondence']"
include,[]
telephone,['phone']
number,"['member', 'members', 'name']"
large,"['charge', 'area', 'language']"
check,[]
secretary,['society']
handwrite,"['write', 'written', 'hearted']"
thank,"['thanks', 'think', 'talk']"
used,"['use', 'send', 'upset']"
great,"['get', 'regret', 'related']"
appreciate,"['appropriate', 'associated']"
year,"['years', 'hear', 'dear']"
next,"['exact', 'extend']"
much,"['touch', 'match', 'lunch']"
best,"['least', 'guest', 'labels']"
book,['look']
thousands,"['thanks', 'enthusiasts']"
ways,[]
letters,"['letter', 'lettersdear', 'leaders']"
find,"['friend', 'friendly', 'ofjoin']"
place,"['replaced', 'plan', 'face']"
clubs,"['club', 'cause']"
membership,"['members', 'member', 'ownership']"
speaking,"['speaker', 'sharing', 'dealing']"
amount,"['out', 'months', 'monthly']"
needs,"['fees', 'interest', 'notes']"
receipt,"['received', 'receiving', 'exception']"
directions,"['directing', 'director', 'election']"
equipment,['department']
list,"['listed', 'last', 'likes']"
group,['groups']
future,"['furniture', 'picture', 'further']"
events,"['revenues', 'represents', 'evening']"
speaker,"['speaking', 'leader', 'see']"
simple,"['simplifies', 'time', 'size']"
decline,"['line', 'dealing', 'delicate']"
tips,"['is', 'topics']"
possible,"['problem', 'professional']"
hosts,"['hobbyists', 'most', 'short']"
more,"['formed', 'course']"
mention,"['meeting', 'resignation', 'recommendation']"
listed,"['list', 'limited', 'little']"
special,['social']
information,"['inform', 'nomination', 'invitation']"
situations,"['invitations', 'invitation', 'resignation']"
phone,"['one', 'telephone', 'microphone']"
day,"['today', 'say']"
receiving,"['recruiting', 'received', 'rewriting']"
case,"['cause', 'asked', 'course']"
e,[]
language,['large']
formal,"['form', 'inform', 'formed']"
join,"['ofjoin', 'joining', 'points']"
plan,"['place', 'panel', 'clean']"
enclosing,"['enclosed', 'welcoming', 'canceling']"
estimate,"['intimate', 'time', 'necessitate']"
room,[]
become,"['welcome', 'recommend', 'newcomers']"
it,['list']
society,"['societies', 'secretary', 'social']"
new,['one']
wishes,['wish']
director,"['directions', 'projector', 'directing']"
enjoyed,"['enjoy', 'enclosed', 'end']"
last,"['least', 'list', 'listed']"
understand,"['stand', 'interested']"
benefits,[]
addition,"['directions', 'description', 'association']"
annual,['casual']
held,"['hold', 'help', 'head']"
publication,"['application', 'applications', 'complications']"
self,"['sell', 'useful', 'behalf']"
give,['negative']
family,['mail']
meetings,"['meeting', 'meetingservice', 'mention']"
enjoy,['enjoyed']
refusals,"['careful', 'requests']"
received,"['perceived', 'reserved', 'receiving']"
acknowledge,[]
know,[]
contact,['conflicts']
appropriate,['appreciate']
hear,"['year', 'head', 'dear']"
business,"['businesslike', 'illness', 'basis']"
congratulations,"['organizations', 'complications', 'situations']"
exception,"['election', 'description', 'recreational']"
responses,"['respond', 'reason', 'sponsor']"
handled,"['happened', 'scheduled', 'handwrite']"
written,"['write', 'rewriting', 'handwrite']"
evaluated,"['related', 'valuable', 'hearted']"
people,"['propose', 'problem', 'popular']"
applications,"['application', 'complications', 'publication']"
routine,"['option', 'out', 'one']"
copies,"['choices', 'topics', 'obliges']"
yesterday,['lettersdear']
several,['see']
get,"['guest', 'great', 'regret']"
short,"['hour', 'sorry', 'share']"
is,"['wish', 'tips', 'list']"
announcements,"['announcement', 'announcing']"
files,"['illness', 'fees', 'officers']"
dates,"['date', 'indicate', 'disputes']"
negative,['give']
thing,"['think', 'trying', 'having']"
items,"['term', 'systems', 'invites']"
asked,"['used', 'take', 'send']"
touch,"['much', 'pitch', 'match']"
provide,"['pride', 'presider', 'president']"
department,"['equipment', 'disagreements', 'represents']"
one,"['phone', 'new', 'routine']"
co,[]
announcement,"['announcements', 'announcing']"
illness,"['files', 'business', 'interests']"
behalf,['self']
changes,"['change', 'charge', 'chairing']"
foreign,"['resign', 'original', 'friend']"
called,"['installed', 'handled', 'allhave']"
most,"['hosts', 'months', 'amount']"
mailing,"['mail', 'willing', 'dealing']"
interest,"['interests', 'interested', 'sincere']"
organization,"['organizations', 'organizationaffiliated', 'organizer']"
form,"['inform', 'formed', 'formal']"
public,['publication']
many,['toany']
messages,['merge']
keep,[]
casual,"['annual', 'careful', 'case']"
members,"['member', 'membership', 'reminders']"
current,"['credit', 'course']"
installed,"['listed', 'called', 'interested']"
committee,"['committing', 'communityslate', 'directorscommittee']"
today,"['toany', 'day']"
problem,"['possible', 'people']"
end,"['send', 'friend', 'extend']"
describing,"['description', 'recruiting', 'rewriting']"
beginning,"['combining', 'joining', 'evening']"
lettersdear,"['letters', 'letter', 'yesterday']"
others,"['other', 'notes', 'months']"
paper,"['appears', 'place', 'panel']"
staff,"['stand', 'stamp']"
wonderful,[]
officers,"['officer', 'officerstake', 'offer']"
sorry,['short']
regret,"['great', 'get', 'represents']"
full,['useful']
credit,"['spiritcredit', 'receipt', 'current']"
years,"['year', 'leaders', 'hear']"
inconvenience,['convener']
dealing,"['mailing', 'helping', 'decline']"
indicate,"['intimate', 'delicate', 'invites']"
small,"['sell', 'mail']"
return,[]
labels,"['belongs', 'last', 'best']"
free,"['fees', 'feels', 'regret']"
months,"['monthly', 'points', 'others']"
appears,"['years', 'paper', 'person']"
dear,"['year', 'hear', 'years']"
sell,"['tell', 'self', 'tells']"
further,"['other', 'furniture', 'others']"
happened,"['handled', 'happy']"
employees,[]
wish,"['wishes', 'is']"
makes,"['take', 'names', 'likes']"
favor,['form']
least,"['last', 'let', 'pleased']"
friendly,"['friend', 'find']"
advantage,['date']
little,"['title', 'listed', 'written']"
exact,"['next', 'least', 'great']"
piece,"['vice', 'picture', 'audience']"
tells,"['tell', 'sell', 'notes']"
size,['simple']
notices,"['notes', 'choices', 'policies']"
interested,"['interest', 'interests', 'presented']"
charge,"['change', 'changes', 'share']"
reason,"['respond', 'responses', 'resign']"
share,"['charge', 'sharing', 'hearted']"
top,['topics']
line,"['like', 'decline', 'likes']"
limited,"['listed', 'invited', 'little']"
processing,"['professional', 'concession', 'receiving']"
cause,"['case', 'use', 'course']"
think,"['thing', 'thank', 'thanks']"
friend,"['friendly', 'find', 'formed']"
useful,"['use', 'careful', 'used']"
like,"['likes', 'line', 'little']"
put,"['out', 'putting']"
term,"['other', 'items', 'others']"
course,"['cause', 'confused', 'use']"
getting,"['putting', 'meeting', 'thing']"
willing,"['mailing', 'welcoming', 'rewriting']"
professional,"['processing', 'concession', 'personality']"
trying,"['thing', 'strong', 'sharing']"
talk,"['take', 'thank', 'thanks']"
following,"['collecting', 'willing']"
obliged,"['obliges', 'listed']"
available,['valuable']
gratitude,[]
names,"['name', 'engagements', 'dynamism']"
recommending,"['recommend', 'recommendation', 'welcoming']"
vice,"['piece', 'evidence', 'virtue']"
step,"['stamp', 'subtle', 'listed']"
references,['revenues']
recommend,"['recommending', 'recommendation', 'become']"
social,"['special', 'associated', 'society']"
perceived,['received']
lookout,"['look', 'out']"
subscription,"['description', 'association', 'publication']"
basis,['business']
activities,"['invites', 'societies', 'attractive']"
effective,['elected']
careful,"['refusals', 'useful', 'charge']"
association,"['associated', 'subscription', 'situations']"
attractive,"['character', 'activities']"
notes,"['notices', 'others', 'invites']"
hearted,"['hear', 'head', 'share']"
member,"['members', 'membership', 'number']"
stamp,"['step', 'stand', 'staff']"
postcards,[]
points,"['profits', 'months', 'sponsor']"
change,"['changes', 'charge', 'chairing']"
announcing,"['announcement', 'announcements', 'canceling']"
policies,"['simplifies', 'obliges', 'notices']"
inform,"['form', 'information', 'formed']"
attend,"['extend', 'end', 'agenda']"
hour,"['short', 'course']"
division,"['invitation', 'discussion', 'invitations']"
resignation,"['resign', 'organization', 'situations']"
description,"['subscription', 'describing', 'exception']"
welcome,"['become', 'welcoming', 'women']"
article,['title']
reaches,"['replaced', 'trades', 'reason']"
area,"['share', 'large', 'great']"
pressure,"['pleasure', 'treasurer', 'presider']"
expansion,"['reason', 'exception', 'mention']"
monthly,"['months', 'amount']"
stand,"['understand', 'send', 'toany']"
map,[]
women,['welcome']
systems,['items']
putting,"['offputting', 'getting', 'thing']"
fees,"['feels', 'free', 'needs']"
face,"['place', 'dance', 'accept']"
upset,"['use', 'used', 'guest']"
having,"['sharing', 'thing', 'chairing']"
circumstances,[]
related,"['replaced', 'evaluated', 'hearted']"
option,"['position', 'exception', 'complications']"
original,['foreign']
tropical,['topics']
enthusiasts,['thousands']
did,[]
discussion,"['discuss', 'division', 'directions']"
cover,"['convener', 'overhead', 'marxover']"
goals,['folks']
match,"['much', 'touch', 'pitch']"
coordinator,['moderator']
head,"['held', 'hear', 'hearted']"
lunch,"['much', 'touch']"
businesslike,['business']
organizations,"['organization', 'organizationaffiliated', 'obligations']"
hold,['held']
title,"['entitled', 'little', 'time']"
tailor,"['talk', 'mail']"
picture,"['furniture', 'virtue', 'future']"
leader,"['leaders', 'letter', 'speaker']"
strong,"['trying', 'sharing']"
canceling,"['cancellation', 'enclosing', 'concession']"
invited,"['invites', 'limited', 'inviting']"
sincere,"['interest', 'interests', 'see']"
out,"['put', 'amount', 'routine']"
scheduled,"['handled', 'held']"
unique,['furniture']
president,"['presidency', 'presider', 'presented']"
warm,[]
likes,"['like', 'obliges', 'list']"
extend,"['extended', 'end', 'attend']"
feels,"['fees', 'free', 'tells']"
groups,"['group', 'propose']"
category,[]
interests,"['interest', 'interested', 'represents']"
introductory,[]
brochure,[]
organizer,"['organization', 'organizations']"
dance,"['face', 'date', 'evidence']"
correspondence,"['respond', 'responses']"
fundraising,[]
reminders,"['presider', 'forcesminutes', 'members']"
propose,"['responses', 'people', 'groups']"
obligations,"['complications', 'publication', 'applications']"
represents,"['president', 'presented', 'requests']"
revenues,"['events', 'references', 'requests']"
collecting,"['collections', 'collectors', 'election']"
elected,"['related', 'replaced', 'election']"
choices,"['copies', 'notices', 'policies']"
spirit,"['spiritcredit', 'profits']"
replaced,"['related', 'place', 'reaches']"
profits,"['points', 'conflicts', 'spirit']"
function,"['mention', 'publication', 'election']"
clean,"['plan', 'least']"
election,"['collections', 'exception', 'mention']"
club,['clubs']
valuable,"['available', 'evaluated']"
saw,['say']
cancellation,"['canceling', 'concession', 'collections']"
treasurer,"['pressure', 'pleasure']"
distinct,['addition']
contribute,[]
offputting,"['putting', 'option', 'committing']"
recommendation,"['recommending', 'recommend', 'recreational']"
folks,"['likes', 'goals', 'files']"
extended,['extend']
presented,"['president', 'represents', 'reserved']"
furniture,"['future', 'unique', 'picture']"
disagreements,"['engagements', 'represents']"
sharing,"['chairing', 'having', 'thing']"
associated,"['association', 'social', 'appreciate']"
chair,"['chairman', 'chairing', 'charge']"
popular,['people']
trades,"['ads', 'reaches', 'leaders']"
ads,"['trades', 'leaders']"
resign,"['foreign', 'resignation', 'reason']"
engagements,"['disagreements', 'names']"
dignified,['invited']
belongs,"['belong', 'welcoming', 'enclosing']"
successor,['concession']
welcoming,"['welcome', 'recommending', 'enclosing']"
collections,"['collectors', 'collecting', 'complications']"
noon,"['option', 'ofjoin']"
virtue,"['picture', 'invites', 'invited']"
guest,"['get', 'best', 'requests']"
evidence,"['vice', 'presidency', 'revenues']"
audience,"['evidence', 'piece', 'dance']"
chairing,"['sharing', 'chair', 'chairman']"
magazine,[]
invites,"['invited', 'activities', 'notes']"
delicate,"['indicate', 'related', 'elected']"
conscious,['concession']
newcomers,"['become', 'welcome']"
presider,"['president', 'presidency', 'pride']"
combining,"['joining', 'committing', 'welcoming']"
formed,"['form', 'inform', 'friend']"
topics,"['tropical', 'top', 'copies']"
character,"['charge', 'attractive', 'hearted']"
joining,"['combining', 'join', 'inviting']"
pride,"['provide', 'presider', 'president']"
projector,"['director', 'collectors']"
belong,"['belongs', 'welcoming', 'enclosing']"
chairman,"['chairwoman', 'chair', 'chairing']"
recruiting,"['rewriting', 'receiving', 'directing']"
agenda,"['end', 'attend', 'send']"
remarkable,[]
hobbyists,['hosts']
toany,"['today', 'many', 'thank']"
marxover,['cover']
societies,"['society', 'associated', 'activities']"
recreational,"['recommendation', 'exception', 'recruiting']"
sponsorship,"['sponsor', 'ownership', 'responses']"
celebrity,[]
panel,"['plan', 'phone', 'paper']"
overhead,"['head', 'cover']"
microphone,['phone']
emphasizes,['phrasesa']
personality,"['person', 'paternalistic', 'professional']"
conflicts,"['complications', 'collectors', 'profits']"
disputes,"['discuss', 'items', 'dates']"
shifting,"['sharing', 'position', 'inviting']"
allegiances,['collegial']
dynamism,['names']
committing,"['committee', 'combining', 'recommending']"
paternalistic,['personality']
collegial,"['collecting', 'collections', 'allegiances']"
hierarchical,[]
leaders,"['leader', 'letters', 'years']"
ownership,"['sponsorship', 'membership', 'kinship']"
intimate,"['indicate', 'estimate', 'time']"
reserved,"['received', 'presented', 'pressure']"
mutilation,"['nomination', 'publication', 'complications']"
kinship,['ownership']
subtle,['step']
moderator,"['dear', 'coordinator']"
officer,"['officers', 'offer', 'officerstake']"
convener,"['cover', 'inconvenience']"
facilitator,"['officiator', 'administrator']"
officiator,"['officer', 'officers', 'facilitator']"
administrator,"['facilitator', 'invitation']"
weighty,[]
chairwoman,"['chairman', 'chairing', 'chair']"
parallels,[]
gruesome,['guest']
directing,"['directions', 'recruiting', 'director']"
confused,"['course', 'used', 'cause']"
computerized,[]
merge,"['more', 'messages', 'large']"
simplifies,"['simple', 'policies']"
phrasesa,['emphasizes']
organizationaffiliated,"['organization', 'organizations']"
withall,"['withdraw', 'installed']"
effortboard,[]
directorscommittee,"['committee', 'director']"
goalcooperative,[]
spiritcredit,"['spirit', 'credit']"
allhave,"['have', 'called']"
ofjoin,"['join', 'joining', 'foreign']"
forcesminutes,"['reminders', 'foreign']"
meetingservice,"['meetings', 'meeting']"
communityslate,['committee']
officerstake,"['officers', 'officer']"
resignworthwhile,[]
nominate,"['nomination', 'intimate', 'indicate']"
forsentencesenclosed,[]
obliges,"['obliged', 'policies', 'obligations']"
presidency,"['president', 'presider', 'pride']"
nomination,"['nominate', 'mention', 'mutilation']"
concession,"['processing', 'professional', 'cancellation']"
rewriting,"['recruiting', 'receiving', 'directing']"
bylaws,['last']
helping,"['help', 'dealing', 'thing']"
pitch,"['touch', 'piece', 'match']"
collectors,"['collections', 'collecting', 'projector']"
sponsor,"['sponsorship', 'responses', 'points']"
complications,"['applications', 'publication', 'obligations']"
necessitate,['estimate']
withdraw,['withall']
foreseeable,[]
entitled,"['title', 'invited', 'intimate']"
