invitation,"['aviation', 'situations', 'punctuation']"
accept,"['accepted', 'unacceptable', 'facets']"
say,"['stay', 'way', 'swayed']"
reply,"['real', 'early']"
person,"['personal', 'season', 'seriespersonal']"
write,"['writer', 'written', 'writers']"
other,"['others', 'mother', 'brothers']"
letter,"['letters', 'lettersa', 'letterhead']"
first,"['fit', 'finest', 'list']"
see,"['use', 'sex', 'set']"
have,"['hate', 'naïve', 'travel']"
offer,"['fear', 'differs', 'other']"
discuss,"['discussed', 'disks', 'issues']"
company,"['comparing', 'many', 'copy']"
name,"['same', 'naïve', 'sample']"
able,"['suitable', 'sales', 'saleable']"
look,"['hook', 'book', 'looking']"
thanks,"['thank', 'think', 'takes']"
enclosed,"['enclosing', 'lose', 'enjoyed']"
grant,"['great', 'want', 'rent']"
want,"['went', 'woman', 'grant']"
do,[]
time,"['times', 'tries', 'title']"
working,"['work', 'writing', 'looking']"
how,"['own', 'low', 'thishow']"
use,"['used', 'usage', 'nurse']"
tell,"['sell', 'steal', 'hotel']"
asking,"['making', 'using', 'spring']"
call,"['fall', 'small', 'allows']"
help,"['helping', 'helpful', 'hotel']"
writing,"['written', 'working', 'renting']"
proposal,"['proposed', 'purpose', 'personal']"
try,"['story', 'tricky', 'stormy']"
good,['gold']
send,"['end', 'used', 'sending']"
brief,"['write', 'tries']"
answer,"['answered', 'dangers', 'case']"
word,"['world', 'words', 'work']"
state,"['stage', 'status', 'theater']"
personal,"['person', 'seriespersonal', 'professional']"
mail,"['marital', 'small', 'medal']"
include,"['includes', 'includesample', 'includemystery']"
telephone,[]
number,"['consumer', 'name']"
large,"['are', 'age', 'rare']"
check,['chose']
ask,"['mask', 'asking']"
guidelines,[]
stationery,"['situations', 'story', 'state']"
same,"['sample', 'sase', 'name']"
children,['child']
thank,"['thanks', 'think', 'takes']"
used,"['use', 'send', 'usage']"
letterhead,"['lettersa', 'lettersdear', 'letter']"
great,"['grant', 'get', 'relate']"
accepted,"['accept', 'unacceptable']"
requested,"['request', 'presented', 'interested']"
year,"['years', 'fear', 'dear']"
response,"['responds', 'resolve', 'reports']"
speak,"['sparks', 'special', 'steal']"
month,"['months', 'mother', 'most']"
work,"['works', 'word', 'working']"
much,['such']
looking,"['look', 'long', 'working']"
best,"['object', 'finest']"
book,"['books', 'look', 'hook']"
ways,"['way', 'swayed']"
way,"['ways', 'swayed', 'say']"
decide,"['describe', 'did', 'described']"
request,"['requested', 'question', 'represent']"
letters,"['lettersa', 'letter', 'lettersdear']"
heart,"['heard', 'charts', 'year']"
results,"['resume', 'relate']"
conference,"['reference', 'references', 'french']"
assistance,"['assistant', 'distance', 'assistanthow']"
particular,"['article', 'articles']"
list,"['listed', 'last', 'visit']"
seeing,"['sending', 'selling', 'using']"
group,[]
tips,"['tries', 'times', 'steps']"
possible,"['pile', 'suitable', 'professional']"
deal,"['real', 'idea', 'dear']"
usage,"['stage', 'use', 'age']"
expert,"['expertise', 'experience', 'expedition']"
idea,"['ideas', 'side', 'dear']"
more,"['memorable', 'source', 'mother']"
mention,"['attention', 'renting', 'sections']"
listed,"['list', 'isolated', 'published']"
special,"['steal', 'speak', 'spiritual']"
enthusiasm,[]
experience,"['experiences', 'reference', 'expertise']"
information,"['invitation', 'exploration', 'combination']"
decision,"['sections', 'reaction', 'question']"
situations,"['instructions', 'stationery', 'invitation']"
cases,"['case', 'cause', 'sase']"
general,"['several', 'rental', 'normal']"
third,"['hard', 'trade', 'think']"
case,"['cause', 'cases', 'sase']"
convey,"['cover', 'one', 'company']"
e,[]
words,"['word', 'world', 'works']"
meet,"['met', 'meetings', 'select']"
enclosing,"['enclosed', 'sending', 'renting']"
complete,[]
night,"['right', 'weight', 'rights']"
stories,"['tries', 'times', 'story']"
read,"['reader', 'real', 'dead']"
attention,"['mention', 'renting']"
it,"['fit', 'list', 'bait']"
new,"['one', 'few']"
education,"['sections', 'reducing', 'reaction']"
assistant,"['assistanthow', 'assistance', 'associate']"
enjoyed,"['enclosed', 'end']"
important,[]
discussed,"['discuss', 'rescued', 'used']"
last,"['past', 'list', 'coast']"
benefits,[]
package,"['page', 'age']"
approaches,"['approach', 'appropriate']"
self,"['sell', 'steal', 'select']"
editor,"['editors', 'editorial', 'expedition']"
final,"['fall', 'original']"
manuscript,"['manuscripts', 'script', 'maturity']"
family,"['familiar', 'mail', 'fall']"
set,"['spent', 'use', 'sex']"
stay,"['say', 'today', 'story']"
ticket,"['tricky', 'article', 'time']"
love,"['lose', 'novel', 'cover']"
showing,"['fishing', 'using', 'doing']"
meetings,"['seeing', 'marketing', 'renting']"
reference,"['references', 'experience', 'conference']"
favorite,"['appropriate', 'write']"
know,['knowledge']
weeks,['works']
need,"['intended', 'answered', 'unagented']"
appropriate,"['approaches', 'favorite', 'approach']"
sales,"['sample', 'smaller', 'sase']"
payment,"['parent', 'spent', 'predicament']"
manuscripts,"['manuscript', 'filmscripts', 'script']"
business,"['using', 'sites']"
made,"['trade', 'added', 'reader']"
matter,"['amateur', 'material', 'mother']"
reports,"['records', 'response', 'responds']"
address,"['addresses', 'addressed', 'areas']"
collection,"['sections', 'reaction', 'education']"
follow,"['low', 'allows', 'full']"
written,"['write', 'writer', 'writing']"
people,"['spelled', 'resolve', 'pile']"
applications,"['publications', 'aviation', 'supportspublication']"
copies,"['stories', 'hobbies', 'pile']"
several,"['general', 'steal', 'clever']"
review,['resolve']
get,"['great', 'agent', 'set']"
different,"['differs', 'diverse', 'rent']"
short,"['story', 'south', 'north']"
is,"['tips', 'risk', 'miss']"
consideration,"['consider', 'combination', 'situations']"
describe,"['described', 'decide', 'subscriber']"
reader,"['readers', 'read', 'readership']"
mother,"['other', 'others', 'month']"
went,"['want', 'rent', 'women']"
one,"['won', 'own', 'online']"
sending,"['seeing', 'send', 'selling']"
submissions,"['submission', 'submitting', 'publications']"
hotel,"['hotels', 'tell', 'help']"
hotels,"['hotel', 'others', 'hobbies']"
fax,[]
most,"['month', 'coast', 'mother']"
interest,"['interested', 'interesting', 'finest']"
many,"['man', 'mean', 'company']"
records,"['reports', 'words', 'responds']"
keep,[]
hard,"['heard', 'had', 'third']"
recent,"['rent', 'relevant', 'predicament']"
current,"['rent', 'correct', 'occurrence']"
making,"['asking', 'marketing', 'margin']"
had,"['hard', 'heard', 'shadows']"
spring,"['using', 'spelling', 'strong']"
today,"['told', 'stay', 'story']"
agreement,"['agent', 'represent', 'recent']"
end,"['send', 'friend', 'fed']"
long,"['looking', 'wrong', 'doing']"
sample,"['same', 'stamped', 'sales']"
lettersdear,"['lettersa', 'letters', 'letterhead']"
addressed,"['addresses', 'address', 'added']"
others,"['other', 'brothers', 'mother']"
unacceptable,"['accepted', 'accept', 'suitable']"
editorial,"['editor', 'editors']"
usual,"['suitable', 'usage', 'steal']"
few,"['new', 'fed']"
using,"['ing', 'spring', 'seeing']"
old,"['told', 'gold', 'world']"
correct,"['current', 'recent', 'object']"
full,"['fall', 'follow']"
occurrence,"['current', 'reference', 'source']"
years,"['year', 'readers', 'fear']"
doing,"['ing', 'daring', 'working']"
past,"['last', 'coast', 'sparks']"
rare,"['are', 'trade', 'large']"
only,"['online', 'convey']"
such,"['much', 'south', 'slush']"
believe,"['deliver', 'clever']"
high,"['right', 'night', 'weight']"
wrong,"['won', 'strong', 'writing']"
consumer,"['consider', 'number', 'cover']"
small,"['smaller', 'sell', 'mail']"
months,"['month', 'others', 'mother']"
control,[]
dear,"['year', 'idea', 'fear']"
errors,"['reports', 'records', 'editors']"
sell,"['tell', 'self', 'spelled']"
chapter,"['chapters', 'hate', 'theater']"
resolve,"['reserve', 'response', 'review']"
works,"['work', 'words', 'working']"
surprised,"['supported', 'studied', 'purpose']"
lose,"['love', 'house', 'enclosed']"
human,"['man', 'mean', 'many']"
big,['ing']
approach,"['approaches', 'appropriate']"
steps,"['sites', 'tips', 'stories']"
fear,"['year', 'dear', 'years']"
question,"['resolution', 'request', 'mention']"
right,"['rights', 'night', 'weight']"
little,"['title', 'listed', 'written']"
instructions,"['situations', 'sections', 'invitation']"
piece,"['fierce', 'pile', 'picture']"
point,"['plot', 'patients', 'spent']"
typed,"['type', 'stamped', 'typeface']"
copy,"['company', 'copies', 'convey']"
giving,"['living', 'ing', 'imaginings']"
published,"['publisher', 'publishers', 'publishing']"
colored,"['clothed', 'enclosed', 'proofread']"
rental,"['rent', 'real', 'recent']"
dangerous,['dangers']
reading,"['reducing', 'read', 'sending']"
issues,"['success', 'discuss', 'sase']"
interested,"['interest', 'interviewed', 'interesting']"
hearing,"['daring', 'reading', 'helping']"
type,"['typed', 'typeface', 'typefaces']"
page,"['age', 'package', 'usage']"
visit,"['visitor', 'list', 'vitality']"
attached,"['attach', 'reached', 'attract']"
times,"['time', 'tries', 'tips']"
weight,"['right', 'night', 'rights']"
obtain,"['obtained', 'outline', 'certain']"
met,"['meet', 'set', 'market']"
cause,"['case', 'cases', 'use']"
think,"['thank', 'thanks', 'third']"
friend,"['french', 'formed', 'fed']"
outline,"['online', 'outlining', 'outlinetrade']"
own,"['won', 'one', 'low']"
unsolicited,"['isolated', 'undocumented', 'associate']"
consider,"['consideration', 'consumer', 'side']"
like,"['likely', 'life', 'ticket']"
put,[]
open,"['women', 'spent', 'openings']"
course,"['yours', 'nurse', 'house']"
wrote,"['write', 'writer', 'written']"
getting,"['renting', 'meetings', 'marketing']"
professional,"['includeprofessional', 'personal', 'seriespersonal']"
certain,"['obtain', 'consideration']"
helpful,['help']
venture,"['returned', 'nurse', 'inventor']"
chose,"['choose', 'house', 'course']"
sentences,"['appealsentencesas', 'existence', 'references']"
parent,"['rent', 'payment', 'spent']"
low,"['own', 'how', 'follow']"
outlining,"['outline', 'outstanding', 'living']"
child,"['children', 'yield', 'third']"
references,"['reference', 'experiences', 'experience']"
associate,"['assistance', 'unsolicited', 'appropriate']"
early,"['year', 'real', 'fear']"
takes,"['thanks', 'tries', 'trade']"
readers,"['reader', 'readership', 'read']"
ideas,"['idea', 'side', 'dear']"
distance,"['assistance', 'existence', 'strange']"
side,"['idea', 'sites', 'ideas']"
told,"['old', 'gold', 'world']"
life,"['wife', 'like', 'online']"
mean,"['man', 'many', 'women']"
subject,"['mstsubject', 'object', 'suspect']"
based,"['used', 'send', 'sase']"
knowledge,['know']
house,"['chose', 'use', 'course']"
relationship,"['reaction', 'resolution', 'readership']"
age,"['page', 'usage', 'stage']"
miss,"['is', 'disks', 'issues']"
choose,"['chose', 'house', 'course']"
outstanding,"['outlining', 'sending', 'using']"
added,"['addressed', 'made', 'divided']"
clever,"['cover', 'letter', 'several']"
envelope,"['ensemble', 'enclosed', 'novel']"
sites,"['steps', 'itches', 'writers']"
mark,"['market', 'mask', 'dark']"
colleagues,[]
individual,[]
marketing,"['market', 'making', 'renting']"
authors,"['author', 'auto', 'others']"
writer,"['writers', 'write', 'written']"
books,"['book', 'look', 'hook']"
returned,"['venture', 'turn', 'rescued']"
board,"['boarders', 'word', 'hard']"
success,"['successes', 'suggests', 'source']"
living,"['giving', 'outlining', 'ing']"
changed,"['angel', 'had', 'age']"
paragraph,[]
woman,"['women', 'won', 'man']"
includes,"['include', 'includesample', 'includemystery']"
deliver,"['diverse', 'believe', 'decide']"
are,"['rare', 'large', 'areas']"
rights,"['right', 'night', 'weight']"
marital,"['material', 'mail', 'maturity']"
executive,['expertise']
rent,"['rental', 'recent', 'parent']"
purpose,"['proposed', 'pursue', 'response']"
girl,[]
sex,"['use', 'set', 'see']"
article,"['articles', 'particular', 'title']"
spelling,"['selling', 'spring', 'seeing']"
intended,"['need', 'invited', 'interested']"
editors,"['editor', 'editorial', 'credits']"
husband,"['stand', 'human', 'island']"
reached,"['read', 'rescued', 'attached']"
world,"['word', 'words', 'old']"
wife,"['life', 'write', 'writer']"
stand,"['island', 'strange', 'stay']"
women,"['woman', 'won', 'went']"
face,"['facets', 'typeface', 'typefaces']"
relevant,"['relate', 'recent', 'rent']"
dramatic,[]
dead,"['read', 'idea', 'dear']"
detailed,"['deal', 'dead', 'traveled']"
likely,"['like', 'life']"
real,"['rental', 'read', 'deal']"
pursue,"['purpose', 'nurse', 'persuade']"
material,"['marital', 'matter', 'mail']"
security,"['script', 'curiosity', 'masculinity']"
described,"['describe', 'decorated', 'decide']"
original,"['journal', 'journals', 'final']"
isolated,"['listed', 'island', 'islands']"
did,"['decide', 'studied', 'divided']"
appear,"['chapter', 'year', 'fear']"
background,[]
familiar,"['familiarize', 'family']"
prefer,"['reference', 'reader', 'references']"
yours,"['course', 'journals', 'years']"
cover,"['convey', 'clever', 'love']"
travel,"['traveler', 'traveled', 'trade']"
pile,"['title', 'possible', 'pique']"
publications,"['applications', 'supportspublication', 'punctuation']"
project,"['projected', 'object', 'recent']"
persuade,"['pursue', 'personal', 'trade']"
submit,"['submitting', 'submission', 'subject']"
combination,"['mention', 'invitation', 'consideration']"
attract,"['attach', 'attached', 'matter']"
title,"['little', 'time', 'pile']"
gimmicks,[]
picture,"['pique', 'pursue', 'course']"
grammar,[]
resolution,"['reaction', 'question', 'relationship']"
familiarize,['familiar']
government,['agreement']
hobbies,"['hotels', 'copies']"
heard,"['hard', 'heart', 'had']"
openings,"['sending', 'renting', 'open']"
suitable,"['able', 'saleable', 'possible']"
license,"['online', 'listed', 'itches']"
strong,"['strange', 'wrong', 'spring']"
areas,"['are', 'real', 'readers']"
proposed,"['purpose', 'proposal', 'proofread']"
invited,"['divided', 'intended', 'listed']"
pique,"['pile', 'picture', 'query']"
curiosity,"['security', 'creativity', 'masculinity']"
expertise,"['expert', 'experience', 'experiences']"
data,['attach']
projected,"['project', 'presented', 'object']"
relate,"['great', 'reader', 'theater']"
turn,"['returned', 'strong']"
addresses,"['addressed', 'address']"
obtained,"['obtain', 'outline', 'detailed']"
man,"['mean', 'many', 'woman']"
been,"['seeing', 'recent']"
market,"['marketing', 'mark', 'parent']"
suspect,"['subject', 'spent', 'select']"
answered,"['answer', 'need', 'layered']"
interesting,"['interest', 'interested', 'renting']"
left,"['select', 'letter']"
normal,"['journal', 'general', 'real']"
status,"['state', 'stay', 'sase']"
stamped,"['sample', 'same', 'typed']"
object,"['subject', 'project', 'projected']"
trade,"['travel', 'reader', 'strange']"
agent,"['get', 'age', 'parent']"
responds,"['response', 'reports', 'records']"
produce,"['pronounced', 'source']"
reducing,"['reading', 'education', 'sending']"
establish,[]
auto,"['author', 'authors', 'outdo']"
renting,"['marketing', 'rent', 'writing']"
bait,"['it', 'basic', 'submit']"
emotional,"['resolution', 'mention', 'exploration']"
online,"['outline', 'one', 'only']"
gold,"['old', 'told', 'good']"
verify,[]
smaller,"['small', 'sales', 'saleable']"
spent,"['set', 'parent', 'went']"
patients,"['parent', 'payment', 'articles']"
magazines,"['magazine', 'margin', 'imaginings']"
physician,"['physical', 'sicilian']"
successes,['success']
multiple,"['multiply', 'title']"
creativity,['curiosity']
won,"['wrong', 'women', 'woman']"
struggles,"['suggests', 'strange', 'stories']"
divided,"['invited', 'added', 'decide']"
submitting,"['submit', 'submission', 'submissions']"
risk,"['tries', 'is', 'disks']"
advance,"['distance', 'audience']"
multiply,['multiple']
grabbing,"['reading', 'grant']"
selling,"['spelling', 'seeing', 'sell']"
submission,"['submissions', 'submitting', 'submit']"
publishing,"['publisher', 'published', 'fishing']"
credits,"['editors', 'script', 'rights']"
sase,"['same', 'case', 'usage']"
memorable,"['more', 'able']"
website,"['write', 'sites', 'writer']"
proof,"['proofread', 'proposed', 'proposal']"
fall,"['full', 'call', 'small']"
denying,"['sending', 'renting', 'openings']"
presented,"['represent', 'requested', 'recent']"
experiences,"['experience', 'references', 'reference']"
stage,"['strange', 'usage', 'state']"
conflict,"['conflicts', 'nonfiction']"
anecdotal,[]
interviewed,"['interested', 'invited', 'traveled']"
ing,"['using', 'doing', 'spring']"
story,"['stormy', 'try', 'visitor']"
publishers,"['publisher', 'published', 'publishing']"
periodical,['personal']
articles,"['article', 'particular', 'arts']"
physical,['physician']
intriguing,"['interesting', 'instructions']"
supported,[]
suggests,"['struggles', 'success']"
brothers,"['others', 'other', 'mother']"
writers,"['writer', 'write', 'written']"
examples,"['sample', 'sales']"
joke,[]
punctuation,"['education', 'publications', 'situations']"
strange,"['stage', 'strong', 'usage']"
spelled,"['sell', 'spelling', 'select']"
awarded,"['answered', 'added', 'swayed']"
hate,"['have', 'theater', 'chapter']"
season,"['person', 'send', 'sase']"
allows,"['low', 'follow', 'shadows']"
holder,"['old', 'told', 'gold']"
reserve,"['resolve', 'reference', 'presented']"
existence,"['experience', 'evidence', 'distance']"
query,"['quarry', 'queries', 'pique']"
select,"['set', 'see', 'suspect']"
typefaces,"['typeface', 'facets', 'type']"
evidence,"['existence', 'experience', 'experiences']"
author,"['authors', 'auto']"
audience,"['advance', 'evidence', 'distance']"
fierce,"['piece', 'reference', 'references']"
arts,"['charts', 'years', 'heart']"
source,"['course', 'occurrence', 'success']"
involve,['novel']
literary,"['lettersdear', 'lettersa', 'early']"
reaction,"['sections', 'education', 'relationship']"
magazine,"['magazines', 'margin']"
diagnosis,[]
publisher,"['publishers', 'published', 'publishing']"
represent,"['presented', 'recent', 'parent']"
formed,"['friend', 'fed', 'wordsaimed']"
dark,"['mark', 'dear', 'sparks']"
intelligent,"['intelligence', 'intellectual', 'interest']"
attach,"['attached', 'attract', 'data']"
hook,"['look', 'book', 'books']"
sections,"['reaction', 'education', 'receptionist']"
conflicts,"['conflict', 'nonfiction']"
helping,"['help', 'selling', 'hearing']"
chapters,"['chapter', 'characters', 'charts']"
queries,"['tries', 'query']"
novel,"['love', 'involve', 'envelope']"
villa,['villas']
unagented,"['agent', 'undocumented', 'need']"
journal,"['journals', 'original', 'rental']"
fiction,"['nonfiction', 'sections', 'reaction']"
synopsis,[]
plot,"['pilot', 'point']"
coast,"['past', 'most', 'last']"
island,"['islands', 'stand', 'isolated']"
lettersa,"['letters', 'letter', 'lettersdear']"
sparks,"['speak', 'sase', 'past']"
slush,"['such', 'south', 'sales']"
filmscripts,"['manuscripts', 'script', 'manuscript']"
operator,[]
receptionist,"['sections', 'reaction', 'recent']"
biography,[]
itches,"['sites', 'others', 'writers']"
finest,"['first', 'interest', 'fit']"
royalties,[]
swayed,"['way', 'say', 'stamped']"
riddle,"['article', 'side', 'pile']"
glitzy,['list']
amateur,"['matter', 'maturity', 'material']"
assistanthow,"['assistant', 'assistance']"
fishing,"['showing', 'publishing', 'using']"
expedition,"['exploration', 'expertise', 'education']"
quarry,['query']
tantalizing,['outlining']
proofread,"['proof', 'proposed', 'pronounced']"
advisability,['vitality']
nonfiction,"['fiction', 'conflict', 'conflicts']"
characters,"['chapters', 'charts', 'chapter']"
steal,"['tell', 'stay', 'special']"
undocumented,"['unagented', 'unsolicited']"
saleable,"['smaller', 'able', 'suitable']"
clothed,"['colored', 'other', 'enclosed']"
charts,"['arts', 'characters', 'heart']"
resume,"['rescued', 'pursue', 'results']"
differs,"['different', 'diverse', 'offer']"
fit,"['it', 'first', 'finest']"
typeface,"['typefaces', 'type', 'face']"
margin,"['magazine', 'marketing', 'man']"
wordsappealaudienceconsidercontemporaryexpertisefeaturefictioninterestedmanuscriptmaterialnonfictionoutlineoverviewpublicationround,[]
wordsaimed,"['words', 'formed']"
runnersfirst,[]
narrativemost,[]
includemystery,"['includes', 'includesample', 'include']"
seriespersonal,"['personal', 'professional', 'person']"
withprevious,[]
includeprofessional,"['professional', 'includesample']"
supportspublication,"['publications', 'applications']"
includesample,"['includes', 'include', 'includemystery']"
outlinetrade,"['outline', 'obtained']"
appealsentencesas,['sentences']
thishow,['how']
disks,"['risk', 'miss', 'discuss']"
stormy,"['story', 'try', 'stationery']"
japanese,[]
folktale,[]
outdo,"['auto', 'south']"
rescued,"['resume', 'reached', 'returned']"
predicament,"['recent', 'payment', 'represent']"
cry,['try']
angel,"['age', 'strange', 'page']"
intellectual,"['intelligent', 'intelligence', 'interest']"
spiritual,"['special', 'marital']"
dangers,"['dangerous', 'angel', 'daring']"
tries,"['stories', 'times', 'writers']"
negotiate,[]
tricky,"['try', 'ticket', 'risk']"
studied,"['surprised', 'listed', 'did']"
subscriber,"['describe', 'described']"
readership,"['readers', 'reader', 'relationship']"
yield,"['typed', 'child']"
stocks,['stories']
naïve,"['name', 'have', 'novel']"
theater,"['hate', 'chapter', 'state']"
vitality,"['advisability', 'visit']"
intelligence,"['intelligent', 'intellectual', 'interviewed']"
playwright,"['right', 'weight', 'rights']"
script,"['manuscript', 'security', 'manuscripts']"
ensemble,"['saleable', 'envelope']"
aviation,"['invitation', 'applications', 'situations']"
pilot,"['plot', 'pile', 'point']"
athlete,"['theater', 'matter', 'letter']"
french,"['reference', 'friend', 'references']"
medal,"['real', 'mean', 'mail']"
inallsports,[]
nurse,"['use', 'pursue', 'course']"
inventor,['venture']
traveler,"['traveled', 'travel', 'trade']"
decorated,"['described', 'records', 'colored']"
pronounced,"['produce', 'proposed', 'proofread']"
fed,"['friend', 'formed', 'few']"
diverse,"['differs', 'deliver', 'different']"
pm,[]
mstsubject,"['subject', 'object']"
comparing,"['company', 'spring', 'marketing']"
sicilian,['physician']
north,"['south', 'short', 'other']"
south,"['such', 'slush', 'outdo']"
layered,"['large', 'answered', 'swayed']"
peculiarities,['publications']
villas,"['villa', 'islands', 'last']"
daytrips,"['tips', 'tries']"
visitor,"['visit', 'story', 'stormy']"
mainstream,[]
traveled,"['traveler', 'travel', 'trade']"
facets,"['face', 'typefaces', 'accept']"
surrounds,[]
shadows,"['allows', 'how', 'had']"
imaginings,"['magazines', 'margin', 'making']"
exploration,"['expedition', 'information', 'reaction']"
basic,"['bait', 'based']"
masculinity,"['security', 'maturity', 'curiosity']"
femininity,[]
daring,"['hearing', 'doing', 'spring']"
maturity,"['marital', 'manuscript', 'amateur']"
boarders,"['board', 'readers', 'brothers']"
mask,"['ask', 'mark', 'market']"
islands,"['island', 'stand', 'isolated']"
architect,[]
journals,"['journal', 'original', 'yours']"
