accept,"['accepted', 'access', 'tact']"
say,"['saying', 'ray', 'summary']"
reply,"['employ', 'real', 'employer']"
pleasure,"['pleased', 'plans', 'least']"
person,"['personal', 'personnel', 'persontake']"
happy,"['apply', 'forhappy', 'happens']"
write,"['written', 'wrote', 'trite']"
pleased,"['pleasure', 'plans', 'least']"
dinner,"['manner', 'decline', 'adviser']"
other,"['others', 'teacher', 'further']"
letter,"['letters', 'latter', 'better']"
first,"['infirst', 'list', 'fair']"
see,"['sheet', 'sense', 'use']"
have,"['share', 'charge', 'change']"
offer,"['offered', 'office', 'offices']"
discuss,[]
company,"['companies', 'many', 'aboutmany']"
name,"['names', 'number']"
able,"['suitable', 'sales', 'abilities']"
enclosed,"['enclose', 'enclosing', 'encountered']"
want,"['wait', 'meant', 'wayset']"
job,[]
do,['bydo']
time,"['times', 'daytime', 'trite']"
working,"['boring', 'wondering', 'work']"
how,"['show', 'own']"
let,"['left', 'least', 'met']"
position,"['positions', 'positive', 'situation']"
use,"['house', 'see', 'pursue']"
tell,['tells']
kind,['asking']
asking,"['using', 'thanking', 'saying']"
application,"['applicant', 'appreciation', 'action']"
contract,"['contact', 'constant', 'tact']"
call,['allow']
help,"['helping', 'helpful']"
writing,"['written', 'working', 'willing']"
duties,"['times', 'dates', 'qualities']"
part,"['party', 'past', 'paper']"
take,"['make', 'thank', 'state']"
send,"['sent', 'sending', 'sense']"
brief,"['write', 'trite', 'refer']"
word,"['worked', 'work', 'workerdid']"
state,"['hesitate', 'statement', 'take']"
add,"['had', 'address']"
personal,"['person', 'personnel', 'persontake']"
mail,"['tailor', 'family']"
include,"['minute', 'insure', 'clause']"
number,"['numbers', 'member', 'members']"
ask,"['asked', 'has', 'asking']"
guidelines,"['deadlines', 'decline', 'undermines']"
stationery,"['situation', 'stating', 'story']"
format,"['form', 'information', 'former']"
thank,"['think', 'thanking', 'take']"
wait,"['want', 'write', 'it']"
letterhead,"['lettersdear', 'letter', 'letters']"
great,"['togreat', 'get', 'relate']"
accepted,"['accept', 'accurate', 'cited']"
requested,"['request', 'requesting', 'interested']"
office,"['offices', 'offer', 'sufficient']"
response,"['responsible', 'irresponsible', 'reason']"
speak,['special']
work,"['worked', 'word', 'working']"
much,['such']
looking,"['working', 'enclosing', 'boring']"
best,"['test', 'least', 'brightest']"
fair,"['first', 'tailor', 'family']"
thousands,"['thousandoutstanding', 'enthusiasm', 'hand']"
request,"['requested', 'requesting', 'resumes']"
letters,"['letter', 'lettersdear', 'latter']"
membership,"['members', 'member', 'leadership']"
express,"['experiences', 'examples', 'impressed']"
assistance,['circumstances']
needs,"['need', 'needed', 'ones']"
equipment,"['requirements', 'employment', 'request']"
list,"['last', 'light', 'least']"
group,['proud']
action,"['association', 'application', 'situation']"
better,"['letter', 'letters', 'matter']"
decline,"['deadlines', 'line', 'dealing']"
tips,"['times', 'duties']"
possible,"['responsible', 'problem', 'irresponsible']"
deal,"['real', 'default', 'dealing']"
inquiry,"['inquiring', 'insure']"
make,"['take', 'asked', 'marketing']"
enthusiastic,['enthusiasm']
employers,"['employer', 'employees', 'employee']"
friends,['oriented']
sentence,"['sent', 'sciences', 'sense']"
saying,"['stating', 'using', 'carrying']"
special,"['specific', 'speak', 'technical']"
offered,"['offer', 'different', 'worked']"
enthusiasm,"['enthusiastic', 'thousands']"
applicant,"['application', 'applying', 'applied']"
experience,"['experiences', 'experiencing', 'reference']"
information,"['format', 'recommendformation', 'defamation']"
supervisors,"['supervisor', 'supervision', 'supervising']"
employment,"['employer', 'employee', 'employed']"
decision,"['admission', 'decline', 'supervision']"
cases,"['case', 'classes', 'clause']"
phone,"['honest', 'ones', 'response']"
general,['several']
plain,"['explain', 'plans', 'passion']"
third,"['hire', 'think', 'thing']"
sent,"['resent', 'send', 'student']"
case,"['cases', 'clause', 'sase']"
convey,"['cover', 'consent', 'concern']"
party,"['part', 'pastry', 'wary']"
handwritten,"['written', 'write', 'candidate']"
research,"['search', 'respect', 'register']"
support,"['supply', 'superb']"
enclosing,"['enclose', 'enclosed', 'sending']"
complete,"['comment', 'college', 'employee']"
admission,"['passion', 'decision', 'additional']"
liked,"['like', 'line', 'applied']"
record,"['records', 'recom', 'regard']"
read,"['regard', 'reader', 'real']"
impressed,"['missed', 'addressed', 'interested']"
it,"['wait', 'suit', 'list']"
society,['associate']
new,"['news', 'few']"
last,"['least', 'past', 'list']"
understand,"['understanding', 'undermines', 'interested']"
receive,"['receipts', 'prospective', 'effective']"
benefits,['receipts']
self,['sealed']
give,"['given', 'negative', 'giving']"
family,"['mail', 'fair']"
reference,"['references', 'experience', 'refer']"
thought,"['outright', 'enough']"
students,"['student', 'statements', 'sent']"
know,"['knows', 'known']"
weeks,['needs']
contact,"['contract', 'constant', 'tact']"
need,"['needs', 'needed', 'unsealed']"
appropriate,"['appreciation', 'associate', 'applicant']"
sales,"['sealed', 'sase', 'able']"
refer,"['prefer', 'reader', 'career']"
previous,"['products', 'proud']"
business,"['unsigned', 'sciences', 'using']"
matter,"['matters', 'latter', 'manner']"
congratulations,"['congratulate', 'organizations', 'negotiation']"
address,"['addresses', 'addressed', 'access']"
written,"['write', 'handwritten', 'writing']"
people,"['peopleacquits', 'problem', 'applied']"
several,"['general', 'sealed', 'see']"
get,"['great', 'met', 'let']"
different,"['offered', 'departments']"
enough,"['length', 'thought']"
additional,"['admission', 'action']"
dates,"['duties', 'attest', 'test']"
reservation,"['repeating', 'deserving', 'renegotiation']"
reader,"['read', 'refer', 'eager']"
explain,"['plain', 'plans', 'examiner']"
appreciation,"['application', 'association', 'action']"
statement,"['statements', 'state', 'student']"
negative,"['tocreative', 'give', 'negotiation']"
thing,"['think', 'thanking', 'teaching']"
asked,"['based', 'ask', 'take']"
provide,"['prove', 'pride', 'proven']"
sending,"['defending', 'send', 'heading']"
customers,"['comes', 'numbers', 'fulsome']"
knows,"['know', 'known', 'news']"
supervisor,"['supervisors', 'supervision', 'supervising']"
co,['cost']
changes,"['change', 'charge', 'range']"
plans,"['plain', 'pleased', 'past']"
requirements,"['equipment', 'resumes', 'request']"
length,"['let', 'enough', 'leaving']"
most,"['cost', 'honest']"
eager,"['reader', 'engage', 'teacher']"
organization,"['organizations', 'organizationattentive', 'renegotiation']"
form,"['former', 'format', 'forone']"
public,['policy']
many,"['company', 'meant', 'aboutmany']"
records,"['record', 'recom', 'recommend']"
memo,"['mentor', 'member', 'employ']"
acknowledges,"['knowledgeable', 'college']"
members,"['member', 'membership', 'numbers']"
had,"['hand', 'has', 'add']"
committee,['comment']
needed,"['need', 'needs', 'seemed']"
leaving,"['heading', 'dealing', 'teaching']"
problem,"['troubled', 'prove', 'possible']"
rate,"['relate', 'related', 'wrote']"
employee,"['employees', 'employer', 'employed']"
encountered,"['considered', 'enclosed']"
store,"['story', 'scores', 'togreat']"
situation,"['stating', 'stationery', 'position']"
résumé,['resumes']
beginning,"['begin', 'giving', 'sending']"
lettersdear,"['letters', 'letterhead', 'letter']"
addressed,"['addresses', 'address', 'impressed']"
others,"['other', 'notes', 'vouches']"
paper,"['part', 'page', 'chapters']"
understanding,"['understand', 'thousandoutstanding', 'wondering']"
supply,"['apply', 'support']"
few,['new']
responsible,"['irresponsible', 'response', 'responsibility']"
begin,"['beginning', 'engineer', 'given']"
using,"['refusing', 'saying', 'asking']"
wonderful,"['wondering', 'default']"
claims,"['disclaimers', 'lavish', 'clause']"
policy,['public']
products,"['product', 'projects', 'project']"
has,"['had', 'ask', 'phrases']"
product,"['products', 'project', 'proud']"
quality,"['qualities', 'suitability']"
full,[]
credit,"['credibility', 'carried', 'read']"
years,"['yearsgives', 'least', 'ideas']"
past,"['pastry', 'part', 'last']"
opportunity,[]
such,"['much', 'search', 'school']"
dealing,"['dealings', 'deadlines', 'deal']"
believe,[]
care,"['charge', 'career', 'case']"
positive,"['position', 'prospective', 'positions']"
high,"['thing', 'light', 'highlyin']"
companies,"['company', 'comes', 'changes']"
return,"['turned', 'refrain']"
respect,"['resent', 'aspects', 'response']"
refusing,"['requesting', 'using', 'refrain']"
further,"['other', 'others', 'former']"
reaffirming,"['refrain', 'training', 'refusing']"
services,"['service', 'surveys', 'supervisor']"
sufficient,"['office', 'scientific']"
focus,"['focuses', 'house', 'found']"
latter,"['matter', 'letter', 'matters']"
employees,"['employee', 'employers', 'employer']"
wish,"['wins', 'lavish']"
least,"['last', 'let', 'test']"
specific,"['special', 'scientific']"
responsibility,"['responsible', 'irresponsible', 'credibility']"
similar,[]
prove,"['proven', 'provide', 'improve']"
excellent,['intelligent']
cost,"['most', 'consent', 'constant']"
allow,['call']
manner,"['matter', 'dinner', 'managerial']"
point,"['positive', 'position', 'oriented']"
considered,"['confidence', 'inspired', 'encountered']"
sense,"['see', 'sent', 'send']"
tells,"['tell', 'test', 'times']"
typed,"['stamped', 'cited']"
matters,"['matter', 'latter', 'attest']"
sheet,"['see', 'sent', 'share']"
stating,"['saying', 'situation', 'putting']"
giving,"['given', 'beginning', 'writing']"
performance,['personnel']
interested,"['increase', 'requested', 'impressed']"
requesting,"['request', 'refusing', 'requested']"
statements,"['statement', 'students', 'state']"
given,"['give', 'giving', 'negative']"
page,"['range', 'paper', 'eager']"
charge,"['change', 'care', 'changes']"
reason,"['response', 'resent', 'person']"
share,"['charge', 'sase', 'hire']"
concern,"['consent', 'cover', 'wondering']"
satisfaction,"['satisfact', 'satisfactory', 'encesatisfactory']"
procedures,['products']
line,"['like', 'fine', 'decline']"
attached,['teacher']
personnel,"['personal', 'person', 'persontake']"
times,"['time', 'duties', 'tips']"
independent,['defending']
offices,"['office', 'offer']"
met,"['meant', 'mentor', 'let']"
turned,"['return', 'picture', 'read']"
light,"['list', 'high', 'outright']"
think,"['thing', 'thank', 'thanking']"
opinion,"['position', 'combination', 'positions']"
grateful,"['rate', 'great', 'congratulate']"
school,"['choose', 'such', 'show']"
college,"['complete', 'acknowledges']"
own,"['known', 'how']"
tact,"['contact', 'state', 'facts']"
like,"['liked', 'line']"
meant,"['met', 'mentor', 'want']"
course,"['house', 'use', 'scores']"
wrote,"['write', 'written', 'rate']"
numbers,"['number', 'members', 'names']"
willing,"['writing', 'giving']"
professional,"['personal', 'passion', 'possible']"
program,"['programs', 'paragraph']"
financial,['factual']
helpful,['help']
thanking,"['thing', 'thank', 'training']"
confidence,"['confid', 'considered', 'sciences']"
gratitude,"['actitude', 'rate']"
found,"['proud', 'focus']"
names,"['name', 'ones', 'numbers']"
recommending,"['recommend', 'recommendation', 'recommendations']"
outlining,"['training', 'functioning', 'putting']"
teacher,"['teaching', 'other', 'eager']"
references,"['reference', 'experiences', 'experience']"
emphasize,['phrases']
individuals,[]
legal,"['real', 'deal', 'clerical']"
recommend,"['recommending', 'findrecommend', 'recommendation']"
associate,"['association', 'compassionate', 'assistance']"
hand,"['had', 'thank', 'thousands']"
technical,"['technician', 'chemicals', 'techniques']"
service,"['services', 'deserving', 'search']"
hire,"['third', 'share', 'insure']"
improve,"['prove', 'proven', 'provide']"
carrying,"['catering', 'saying', 'carried']"
oriented,"['related', 'friends', 'write']"
ideas,"['deal', 'increase', 'dealings']"
increase,"['interested', 'case', 'sciences']"
student,"['students', 'sent', 'study']"
seemed,"['see', 'sealed', 'needed']"
effective,"['receive', 'prospective']"
proud,"['provide', 'product', 'troubled']"
told,['troubled']
subject,['submit']
based,"['asked', 'send', 'sase']"
house,"['use', 'course', 'choose']"
association,"['associate', 'action', 'situation']"
achievement,['statement']
choose,"['house', 'school', 'course']"
congratulate,"['congratulations', 'contact', 'grateful']"
notes,"['others', 'test', 'ones']"
news,"['new', 'ones', 'notes']"
member,"['members', 'membership', 'number']"
regard,"['read', 'record', 'reader']"
envelope,"['developed', 'enclose', 'enclosed']"
adviser,"['reader', 'praise', 'lavish']"
marketing,"['repeating', 'asking', 'requesting']"
knowledgeable,"['acknowledges', 'solverdependable']"
leadership,"['membership', 'scholarship', 'hardship']"
success,"['access', 'sciences', 'scores']"
change,"['changes', 'charge', 'range']"
known,"['know', 'knows', 'own']"
facts,"['tact', 'factual', 'aspects']"
paragraph,['program']
former,"['form', 'forone', 'format']"
resumes,"['request', 'requirements', 'requested']"
career,"['care', 'refer', 'reader']"
programs,"['program', 'promise']"
sign,"['using', 'unsigned', 'saying']"
test,"['attest', 'best', 'times']"
putting,"['stating', 'using', 'thing']"
relevant,"['resent', 'relate', 'related']"
dishonesty,['honest']
comment,"['recommend', 'commendation', 'consent']"
circumstances,['assistance']
related,"['relate', 'read', 'rate']"
real,"['read', 'deal', 'reply']"
promise,"['praise', 'provide', 'prove']"
pursue,"['use', 'praise', 'course']"
persuasive,"['superlatives', 'pursue', 'praise']"
security,"['curiosity', 'suit', 'society']"
neighbor,['neighbors']
fine,"['line', 'office', 'minute']"
prefer,"['refer', 'reference', 'reader']"
carried,"['care', 'cited', 'carrying']"
employer,"['employers', 'employee', 'employed']"
apply,"['happy', 'applying', 'supply']"
prospective,"['positive', 'respect', 'receive']"
cover,"['convey', 'concern', 'prove']"
skills,"['skillsi', 'skillscan', 'byskilled']"
candidate,['handwritten']
applying,"['apply', 'saying', 'applicant']"
engineer,"['genuine', 'register', 'examiner']"
employed,"['employer', 'employee', 'employ']"
abilities,"['abilitiesrare', 'qualities', 'able']"
accomplishments,"['comment', 'complete']"
project,"['projects', 'product', 'prove']"
worked,"['workerdid', 'work', 'word']"
submit,"['suit', 'subject']"
summary,['say']
combination,"['commendation', 'recommendation', 'recommendations']"
comes,"['scores', 'customers', 'companies']"
organizations,"['organization', 'organizationattentive', 'positions']"
daytime,"['time', 'times', 'dates']"
boring,"['working', 'wondering', 'according']"
aspects,"['respect', 'projects', 'facts']"
tailor,"['stationery', 'mail', 'fair']"
critical,['clerical']
picture,"['turned', 'pursue', 'insure']"
study,"['student', 'students', 'story']"
technician,"['technical', 'teaching', 'techniques']"
suitable,"['suitability', 'suit', 'able']"
clerical,"['critical', 'chemicals', 'legal']"
catering,"['sterling', 'carrying', 'stating']"
satisfactory,"['satisfact', 'encesatisfactory', 'satisfaction']"
access,"['success', 'accessible', 'accept']"
agency,"['page', 'many']"
team,[]
genuine,['engineer']
hundreds,['needs']
enclose,"['enclosed', 'enclosing', 'envelope']"
minute,"['insure', 'include', 'line']"
curiosity,"['security', 'cost', 'credibility']"
show,"['how', 'school']"
energetic,"['energize', 'recommendenergetic']"
relate,"['related', 'rate', 'great']"
awards,"['hardest', 'word', 'wary']"
workshops,['work']
addresses,"['addressed', 'address', 'kindnesses']"
efforts,['format']
accurate,"['rate', 'evaluate', 'accepted']"
managerial,['manner']
superb,"['supervisor', 'support']"
passion,"['admission', 'compassionate', 'position']"
focuses,"['focus', 'house', 'cases']"
ones,"['honest', 'news', 'phone']"
happens,"['hopes', 'happy', 'chapters']"
left,"['let', 'least', 'letter']"
stamped,"['typed', 'state', 'seemed']"
missed,"['misplaced', 'impressed', 'promise']"
experiencing,"['experience', 'experiences', 'supervising']"
engage,"['eager', 'page', 'name']"
according,"['boring', 'recordnothing', 'working']"
departments,"['dates', 'equipment', 'different']"
accessible,"['access', 'responsible', 'possible']"
neighbors,['neighbor']
factual,"['facts', 'financial']"
receipts,"['receive', 'projects', 'benefits']"
phrases,"['praise', 'cases', 'emphasize']"
blanket,['let']
honest,"['ones', 'dishonesty', 'phone']"
club,['clause']
hesitate,"['state', 'suitable']"
wondering,"['working', 'wonderful', 'deserving']"
cash,"['case', 'cases', 'lavish']"
evaluate,"['relate', 'related', 'invaluable']"
repeating,"['requesting', 'reservation', 'renegotiation']"
recommendations,"['recommendation', 'commendation', 'recommendformation']"
trite,"['write', 'written', 'time']"
sase,"['case', 'state', 'share']"
hopes,"['honest', 'ones', 'happens']"
range,"['change', 'rate', 'page']"
recommendation,"['recommendations', 'commendation', 'recommendformation']"
confidentiality,['confidence']
applied,"['liked', 'applying', 'apply']"
dealings,"['dealing', 'deadlines', 'leaving']"
experiences,"['experience', 'experiencing', 'references']"
negotiation,"['renegotiation', 'combination', 'association']"
clause,"['case', 'classes', 'cases']"
unsigned,"['sign', 'unjustified', 'unsealed']"
introducing,"['instruction', 'inquiring']"
training,"['thanking', 'outlining', 'writing']"
story,"['store', 'pastry', 'stationery']"
connection,"['combination', 'commendation', 'action']"
ex,['x']
compassionate,"['passion', 'companies', 'associate']"
inspired,"['insure', 'considered', 'unsigned']"
examples,"['employers', 'employees', 'express']"
commendation,"['recommendation', 'recommendations', 'recommendformation']"
projects,"['project', 'products', 'product']"
search,"['research', 'earth', 'teacher']"
challenging,"['thanking', 'catering']"
positions,"['position', 'positive', 'situation']"
asset,"['wayset', 'wellasset', 'sent']"
hardest,"['share', 'hardship', 'resent']"
unnecessary,[]
insure,"['inspired', 'minute', 'surveys']"
dollars,[]
credibility,"['responsibility', 'credit', 'suitability']"
troubled,"['told', 'problem', 'proud']"
invaluable,['evaluate']
developed,['envelope']
hardship,"['scholarship', 'leadership', 'hardest']"
constant,"['contact', 'consent', 'contract']"
surveys,"['services', 'superlatives', 'scores']"
sealed,"['unsealed', 'sales', 'seemed']"
instruction,"['introducing', 'situation', 'information']"
flap,[]
functioning,"['training', 'enclosing']"
employ,"['employer', 'employee', 'employed']"
unsealed,"['sealed', 'need', 'unsigned']"
principles,"['experiences', 'experience']"
techniques,"['technical', 'technician']"
x,['ex']
suit,"['submit', 'suitable', 'security']"
intelligent,['excellent']
character,"['chapters', 'charge', 'career']"
heading,"['sending', 'leaving', 'helping']"
pride,"['provide', 'praise', 'promise']"
inquiring,"['inquiry', 'introducing']"
recruiting,"['writing', 'requesting', 'recordnothing']"
helping,"['help', 'heading', 'dealing']"
chapters,"['character', 'matters', 'happens']"
qualities,"['abilities', 'quality', 'duties']"
endorsement,['statement']
scholarship,"['hardship', 'leadership']"
teaching,"['thing', 'teacher', 'stating']"
district,"['instruction', 'trite']"
biology,[]
hubbarda,[]
vouches,"['workvouch', 'others']"
verification,"['defamation', 'reservation', 'negotiation']"
cited,"['carried', 'withheld', 'oriented']"
mentor,"['meant', 'met', 'comment']"
trustworthiness,"['trustworthy', 'business']"
lavish,"['claims', 'leaving', 'adviser']"
superlatives,"['supervisor', 'persuasive', 'surveys']"
undermines,"['guidelines', 'hundreds', 'wondering']"
snap,[]
deserving,"['sterling', 'supervising', 'reservation']"
resent,"['sent', 'respect', 'relevant']"
outright,"['outweigh', 'thought', 'trite']"
misplaced,"['missed', 'pleased']"
disadvantage,['disadvantages']
fulsome,"['customers', 'former', 'use']"
register,"['research', 'engineer', 'write']"
examiner,"['explain', 'examples', 'engineer']"
unjustified,['unsigned']
irresponsible,"['responsible', 'response', 'responsibility']"
wary,"['party', 'wayset', 'pastry']"
lawsuits,"['suit', 'last', 'least']"
consent,"['constant', 'sent', 'cost']"
defending,"['sending', 'recommending', 'deserving']"
defamation,"['information', 'verification', 'action']"
wins,"['wish', 'insure']"
verifies,"['services', 'verification']"
refrain,"['reservation', 'refusing', 'refer']"
disclaimers,['claims']
disadvantages,['disadvantage']
outweigh,['outright']
wordsadmirableapprovecapablecommendablecompetentcongenialconscientiousconsideratecooperativecreativedependablediligentdiscreetdynamiceffectiveefficientendorseenergeticethicalexcellentexperiencedfirst,[]
motivatedsensiblesuccessfulsuitabletactfulthoughtfultrustworthyvaluablephrasesable,[]
energize,"['energetic', 'negative', 'engineer']"
peopleacquits,['people']
wellasset,"['asset', 'wayset', 'classes']"
organizationattentive,"['organization', 'organizations']"
detailbroad,[]
skillscan,"['skills', 'skillsi']"
attest,"['test', 'matters', 'dates']"
tocreative,"['togreat', 'negative', 'relate']"
solverdependable,[]
workerdid,"['worked', 'working', 'work']"
discharged,"['charge', 'share', 'change']"
satisfact,"['satisfactory', 'satisfaction', 'encesatisfactory']"
upgradeorilydistinguished,[]
bydo,['do']
recommendenergetic,"['recommendation', 'recommending', 'recommendformation']"
workerevery,['workerdid']
infirst,['first']
yearsgives,"['years', 'persuasive']"
togreat,"['great', 'tocreative', 'store']"
forhappy,"['happy', 'apply']"
behalfhas,[]
withheld,"['hereheld', 'write', 'cited']"
hereheld,['withheld']
skillsi,"['skills', 'skillscan', 'byskilled']"
highlyin,['high']
recommendformation,"['recommendation', 'recommendations', 'commendation']"
aboutmany,"['company', 'many']"
contributionsmatchless,[]
recordnothing,"['recruiting', 'recommending', 'according']"
praise,"['promise', 'phrases', 'pride']"
forone,"['former', 'ones', 'form']"
thousandoutstanding,"['understanding', 'thousands']"
abilitiesrare,"['abilities', 'qualities']"
findrecommend,"['recommend', 'recommending', 'recommendation']"
confid,"['confidence', 'considered']"
encesatisfactory,"['satisfactory', 'satisfact', 'satisfaction']"
wayset,"['asset', 'wellasset', 'aspects']"
byskilled,"['skills', 'skillsi']"
sterling,"['catering', 'deserving', 'stating']"
qualitiesdutiestake,['qualities']
persontake,"['personal', 'person', 'personnel']"
recom,"['record', 'recommend', 'records']"
mendingtakes,['sending']
workvouch,"['vouches', 'work']"
prohibits,['promise']
proven,"['prove', 'provide', 'improve']"
supervising,"['supervision', 'supervisor', 'supervisors']"
custodial,[]
chemicals,"['clerical', 'technical']"
supervision,"['supervising', 'supervisor', 'supervisors']"
ray,['say']
suitability,"['suitable', 'quality', 'responsibility']"
trustworthy,"['trustworthiness', 'story']"
hartletop,['hardest']
renegotiation,"['negotiation', 'reservation', 'appreciation']"
default,"['deal', 'wonderful']"
deadlines,"['dealings', 'decline', 'dealing']"
pastry,"['past', 'story', 'party']"
chef,"['choose', 'charge', 'change']"
kindnesses,['addresses']
earth,"['search', 'part', 'research']"
sciences,"['success', 'scientific', 'confidence']"
classes,"['cases', 'clause', 'case']"
extracurricular,[]
brightest,"['test', 'best']"
scores,"['store', 'comes', 'course']"
scientific,"['specific', 'sciences', 'sufficient']"
actitude,"['gratitude', 'trite', 'cited']"
bottomless,[]
structural,[]
