accept,"['account', 'fact', 'acne']"
say,"['way', 'saying', 'safety']"
happy,"['unhappy', 'happen', 'happened']"
write,"['written', 'writing', 'site']"
pleased,"['place', 'least', 'leads']"
other,"['others', 'ter', 'posters']"
letter,"['letters', 'latter', 'lettersdear']"
see,"['steel', 'sheet', 'serve']"
have,"['gave', 'share', 'leaves']"
offer,"['offered', 'offering', 'offices']"
discuss,"['discount', 'issues']"
details,"['deals', 'rental', 'delays']"
company,"['complain', 'comply', 'complaint']"
look,[]
enclosed,"['enclosing', 'lose', 'colored']"
grant,"['want', 'warranty', 'print']"
want,"['warranty', 'plant', 'grant']"
do,['done']
time,"['times', 'sentiment', 'simple']"
how,"['shows', 'thenhow']"
let,"['least', 'set', 'outlet']"
use,"['used', 'cause', 'set']"
tell,"['tells', 'sell', 'telling']"
asking,"['taking', 'making', 'passing']"
contract,"['contact', 'correct', 'control']"
call,"['recall', 'called', 'recalls']"
come,"['become', 'code', 'customer']"
writing,"['righting', 'written', 'wording']"
sure,"['ensure', 'gesture', 'share']"
repeat,"['respect', 'report', 'repair']"
take,"['taken', 'make', 'cake']"
good,"['food', 'goodwill']"
send,"['end', 'used', 'sent']"
answer,"['laser', 'manner', 'lawyer']"
word,"['words', 'worn', 'work']"
state,"['strategy', 'statement', 'overstate']"
add,"['had', 'bad', 'handled']"
personal,"['personnel', 'reasonable', 'unprofessional']"
mail,"['fail', 'mailing', 'small']"
respond,"['responding', 'response', 'reason']"
include,[]
telephone,[]
large,"['charge', 'rare', 'page']"
check,"['checks', 'checked']"
stationery,"['stating', 'situations', 'toner']"
children,[]
thank,"['take', 'thinking', 'thing']"
used,"['use', 'caused', 'send']"
requested,"['request', 'requesting', 'interested']"
appreciate,"['appreciation', 'appropriate', 'inappropriate']"
response,"['respond', 'reason', 'responding']"
next,"['exact', 'insert', 'insect']"
month,"['months', 'most', 'monitor']"
work,"['works', 'worn', 'word']"
much,['such']
best,"['biggest', 'least', 'labels']"
fair,"['firm', 'fire', 'fear']"
gives,"['give', 'given', 'gave']"
way,"['was', 'say', 'pay']"
decide,"['describe', 'describes', 'deep']"
request,"['requested', 'requesting', 'question']"
letters,"['letter', 'lettersdear', 'latter']"
find,"['friendly', 'findings', 'findable']"
difficult,['difficulties']
place,"['replace', 'pole', 'play']"
express,"['expressing', 'process', 'excessive']"
needs,"['interest', 'weeks', 'leads']"
list,"['last', 'visit', 'light']"
future,"['feature', 'untrue', 'turned']"
avoid,"['voice', 'favor']"
simple,"['samples', 'imply', 'similar']"
tips,"['times', 'steps', 'things']"
possible,"['problem', 'pole', 'passive']"
late,"['latter', 'last', 'state']"
apologize,"['apologies', 'apologizing', 'apologetic']"
make,"['makes', 'take', 'made']"
saying,"['stating', 'taking', 'say']"
more,"['worse', 're', 'order']"
offered,"['offer', 'ordered', 'offering']"
experience,"['reference', 'piece', 'patience']"
information,"['infestation', 'limitations', 'corporation']"
goodwill,['good']
situations,"['limitations', 'solutions', 'instructions']"
example,"['samples', 'examine', 'employees']"
cases,"['case', 'cause', 'caused']"
wear,"['weak', 'hear', 'fear']"
insert,"['insect', 'inspect', 'interest']"
sent,"['set', 'send', 'shipment']"
case,"['cause', 'cases', 'caused']"
handwritten,"['written', 'handling', 'write']"
e,['re']
formal,"['form', 'ofsmall', 'cordial']"
words,"['word', 'worse', 'works']"
generous,"['dangerous', 'gracious', 'cleaners']"
support,"['uppermost', 'suppliers', 'report']"
enclosing,"['incoming', 'enclosed', 'coding']"
room,[]
complete,"['computer', 'comply', 'computers']"
telling,"['tell', 'filling', 'dealing']"
become,"['come', 'code']"
read,"['reader', 'road', 'regards']"
attention,"['intentions', 'mentioning', 'explanation']"
it,"['site', 'list', 'item']"
new,['one']
important,['opportunity']
resource,"['ensure', 'sure', 'resolve']"
last,"['least', 'past', 'list']"
receive,"['received', 'excessive', 'reinvent']"
standard,['standards']
addition,"['additional', 'satisfaction', 'appreciation']"
self,"['sell', 'steel']"
give,"['gives', 'given', 'gave']"
production,"['reduction', 'product', 'products']"
suggest,"['biggest', 'issues', 'set']"
attorney,"['stationery', 'toner']"
materials,"['matters', 'matter', 'partial']"
set,"['sent', 'sheet', 'use']"
reference,"['experience', 'difference', 'refer']"
enjoy,['deny']
refusals,"['refunds', 'recalls', 'refusing']"
received,"['receive', 'excessive', 'reduced']"
know,[]
sympathy,[]
weeks,"['weak', 'works', 'wheel']"
order,"['ordered', 'reader', 'word']"
acknowledgments,['acknowledging']
acknowledging,"['acknowledgments', 'packaging', 'coding']"
contact,['contract']
appropriate,"['inappropriate', 'appreciate', 'prompted']"
payment,"['payments', 'department', 'shipment']"
apologies,"['apologize', 'apologetic', 'apologizing']"
refer,"['reader', 'reference', 'free']"
hear,"['wear', 'fear', 'dear']"
business,"['businesses', 'fairness']"
payments,"['payment', 'amends', 'statements']"
made,"['make', 'makes', 'blade']"
gift,['it']
matter,"['matters', 'latter', 'ter']"
reports,"['report', 'records', 'response']"
note,"['notice', 'notices', 'other']"
merchandise,"['purchase', 'exchange', 'purchased']"
explanations,"['explanation', 'explains', 'relations']"
handled,"['handle', 'happened', 'handling']"
arrives,"['carrier', 'gives', 'laboratories']"
written,"['write', 'handwritten', 'writing']"
necessary,[]
report,"['reports', 'repeat', 'repair']"
people,"['pole', 'resolve', 'replace']"
interviews,"['interest', 'interested', 'services']"
routine,"['nonroutine', 'production', 'solution']"
item,"['site', 'itemize', 'write']"
samples,"['simple', 'example', 'suppliers']"
several,"['steel', 'serve', 'serves']"
review,"['view', 'interviews', 'resolve']"
get,"['set', 'regret', 'met']"
arrange,"['warranty', 'unwarranted', 'large']"
replacement,"['replace', 'recent', 'treatment']"
process,"['processing', 'express', 'procedures']"
serve,"['serves', 'services', 'see']"
serves,"['serve', 'services', 'see']"
excuse,"['cause', 'use', 'caused']"
additional,['addition']
documents,"['adjustments', 'adjustment']"
dates,"['matters', 'late', 'days']"
describe,"['describes', 'decide', 'doctrine']"
reader,"['read', 'refer', 'order']"
explain,"['explains', 'replacing', 'examine']"
appreciation,"['appreciate', 'expectation', 'relations']"
statement,"['statements', 'settlement', 'thatstatement']"
negative,"['active', 'give', 'gave']"
thing,"['things', 'thinking', 'taking']"
involved,"['invoice', 'resolved']"
issue,"['issues', 'assume', 'sure']"
department,"['payment', 'replacement', 'payments']"
unusual,['unable']
one,"['done', 'toner', 'son']"
customers,"['customer', 'consumers', 'computers']"
suppliers,"['shippers', 'uppermost', 'appliances']"
complaints,"['complaint', 'complain', 'companies']"
offering,"['offer', 'wording', 'serving']"
pool,"['tool', 'pole', 'policy']"
fax,['fa']
expressing,"['express', 'processing', 'expecting']"
called,"['recalled', 'call', 'cable']"
most,"['cost', 'motor', 'month']"
eager,"['reader', 'easier', 'wear']"
mailing,"['making', 'mail', 'missing']"
immediate,"['indicate', 'limited']"
interest,"['interested', 'interviews', 'insert']"
form,"['formal', 'firm', 'farm']"
public,"['published', 'policy']"
records,"['reports', 'regards', 'words']"
keep,"['deep', 'keeping']"
file,"['filled', 'fire', 'fail']"
memo,['memory']
shipped,"['shippers', 'shipping', 'shipment']"
members,['memory']
taking,"['making', 'asking', 'stating']"
shipment,"['sentiment', 'shipped', 'sent']"
recent,"['reinvent', 'replacement', 'treatment']"
value,"['values', 'vague', 'failure']"
customer,"['customers', 'come', 'accusatory']"
patience,"['piece', 'experience', 'place']"
making,"['taking', 'asking', 'packing']"
had,"['has', 'handle', 'bad']"
run,"['return', 'refund', 'routine']"
thinking,"['thing', 'things', 'taking']"
today,"['toys', 'days']"
billing,"['filling', 'bill', 'telling']"
problem,"['problems', 'pole', 'prove']"
glad,"['load', 'leads', 'blade']"
end,"['send', 'refund', 'amends']"
long,"['lung', 'young', 'wrong']"
behavior,['favor']
encountered,"['considered', 'enclosed', 'computer']"
lettersdear,"['letters', 'letter']"
others,"['other', 'posters', 'terms']"
paper,"['newspaper', 'zippers', 'page']"
staff,"['tariff', 'traffic', 'state']"
understanding,"['thatmisunderstandingmake', 'responding', 'stating']"
expect,"['expecting', 'respect', 'exact']"
old,['colored']
up,[]
adjustment,"['adjustments', 'treatment', 'statement']"
error,"['errors', 'err']"
sorry,"['forsorry', 'yoursorry', 'masonry']"
regret,"['report', 'repeat', 'recent']"
claim,"['claims', 'complain', 'blame']"
claims,"['claim', 'complaints', 'list']"
correct,"['incorrect', 'correction', 'pricecorrected']"
complaint,"['complaints', 'complain', 'company']"
policy,"['public', 'apologetic', 'pool']"
refund,"['refunds', 'refusing', 'run']"
products,"['product', 'production', 'process']"
has,"['was', 'had']"
discount,"['discuss', 'account', 'sound']"
product,"['products', 'production', 'periodic']"
learn,"['wear', 'hearing', 'hear']"
quality,"['culpability', 'liability', 'faulty']"
relations,"['regulations', 'evaluations', 'explanations']"
full,"['fault', 'faultless', 'filled']"
unhappy,"['happy', 'happen']"
invoice,"['voice', 'notice', 'notices']"
done,"['one', 'toner', 'doing']"
credit,"['credited', 'creditprevent', 'reading']"
occurrence,"['recurrenceyou', 'reference', 'outreduce']"
cooperation,"['corporation', 'correction', 'information']"
years,"['wear', 'regards', 'hear']"
due,"['use', 'reduced']"
happen,"['happened', 'happy', 'appealing']"
difficulties,"['difficult', 'offices']"
doing,"['coding', 'wording', 'reading']"
installation,"['infestation', 'investigation', 'instructions']"
repair,"['repairing', 'report', 'replacing']"
past,"['last', 'plant', 'least']"
inconvenience,"['inconvenienced', 'negligence', 'invoice']"
purchased,"['purchase', 'caused', 'pleased']"
emergency,"['reference', 'experience']"
vacuum,[]
damaged,"['damage', 'damages', 'amends']"
rare,"['care', 'share', 're']"
adjustments,"['adjustment', 'documents', 'statements']"
deny,"['enjoy', 'design', 'delays']"
letting,"['alerting', 'stating', 'treating']"
only,"['policy', 'comply']"
complain,"['complaint', 'complaints', 'company']"
opportunity,['important']
repairing,"['repair', 'reaffirming', 'replacing']"
bringing,['managing']
such,['much']
dealing,"['appealing', 'telling', 'reading']"
satisfy,"['satisfied', 'satisfaction', 'dissatisfied']"
continue,"['continued', 'routine', 'nonroutine']"
terms,"['ter', 'others', 'posters']"
believe,"['believes', 'leaves']"
care,"['charge', 'rare', 'case']"
blame,"['blade', 'late', 'place']"
imply,"['simple', 'comply', 'play']"
positive,"['site', 'posters', 'passive']"
high,"['thing', 'right', 'light']"
leaves,"['least', 'leads', 'cleaners']"
indicate,"['immediate', 'invoice', 'certificate']"
voice,"['invoice', 'notice', 'choice']"
wrong,"['writing', 'worn', 'wording']"
monitor,"['motor', 'month', 'months']"
coupon,"['confusion', 'company', 'account']"
appeal,"['appealing', 'appears', 'appeared']"
dissatisfied,"['satisfied', 'identified', 'satisfy']"
problems,"['problem', 'process', 'pole']"
fault,"['faulty', 'faultless', 'full']"
companies,"['company', 'complaints', 'complain']"
compromise,"['companies', 'complaints']"
fire,"['free', 'firm', 'file']"
replace,"['place', 'replacement', 'replacing']"
recall,"['recalls', 'recalled', 'call']"
notice,"['notices', 'note', 'invoice']"
consumer,"['consumers', 'consulted', 'consult']"
small,"['ofsmall', 'sell', 'mail']"
return,"['returning', 'turned', 'run']"
difference,"['reference', 'experience']"
ordered,"['order', 'offered', 'considered']"
defective,"['effect', 'decide', 'active']"
labels,"['cancels', 'late', 'last']"
polarized,"['apologize', 'pleased', 'colored']"
plug,"['lung', 'ludwig']"
free,"['fire', 'refer', 're']"
months,"['month', 'amounts', 'others']"
account,"['amounts', 'discount', 'coupon']"
appears,"['appeared', 'appeal', 'zippers']"
correction,"['correct', 'corporation', 'reduction']"
control,['contract']
visited,"['visit', 'site', 'limited']"
standards,"['standard', 'sanitarians']"
examine,"['explain', 'example', 'retained']"
manufacturing,"['manufactured', 'managing']"
dear,"['wear', 'hear', 'fear']"
machine,"['acne', 'manner', 'making']"
carrier,"['cartridge', 'care', 'arrives']"
electricians,[]
reputation,"['regulations', 'expectation', 'relations']"
handling,"['handle', 'reading', 'mailing']"
powerful,['power']
tool,['pool']
imperfections,"['instructions', 'appreciation', 'relations']"
incorrect,"['correct', 'correction', 'pricecorrected']"
bills,"['bill', 'billing', 'tells']"
instances,"['insurance', 'appliances', 'notices']"
keeping,"['keep', 'replacing', 'repairing']"
gaining,"['giving', 'mailing', 'banking']"
errors,"['error', 'erroneous', 'err']"
inadequacies,['adequate']
reasonable,"['reason', 'resolve', 'response']"
partial,"['optical', 'materials', 'rental']"
maintain,"['mailing', 'gaining', 'sanitarians']"
unwarranted,"['warranty', 'arrange']"
retained,"['routine', 'reputation', 'reading']"
classichandbook,[]
advises,"['advice', 'cases', 'leaves']"
treating,"['stating', 'reading', 'taking']"
respect,"['repeat', 'expect', 'inspect']"
sell,"['tell', 'self', 'tells']"
bad,"['blade', 'had', 'add']"
worse,"['works', 'words', 'worn']"
win,"['written', 'writing', 'wording']"
chapter,"['paper', 'computer', 'computers']"
deals,"['details', 'delays', 'recalls']"
newspaper,['paper']
refunds,"['refund', 'refusing', 'refusals']"
refusing,"['requesting', 'refund', 'returning']"
extensionshow,"['intentions', 'thenhow']"
cordial,"['formal', 'credit', 'coding']"
sentiment,"['settlement', 'shipment', 'statement']"
specifying,"['specific', 'expecting', 'saying']"
amounts,"['months', 'account', 'payments']"
confusion,"['coupon', 'consistent', 'infestation']"
mix,[]
resolve,"['resolved', 'reasonable', 'response']"
choice,"['voice', 'notice', 'offices']"
resolved,"['resolve', 'proved', 'respond']"
works,"['work', 'worse', 'words']"
continued,"['continue', 'consulted', 'nonroutine']"
loyalty,"['loyal', 'liability', 'faulty']"
further,"['other', 'others', 'future']"
reaffirming,"['repairing', 'reading', 'hearing']"
intentions,"['attention', 'instructions', 'situations']"
expectation,"['expecting', 'reputation', 'explanation']"
services,"['serves', 'serve', 'serving']"
incoming,"['coding', 'enclosing', 'pricing']"
identified,"['codified', 'dissatisfied', 'satisfied']"
sound,"['pound', 'bound', 'son']"
accusatory,"['customer', 'customers', 'stationery']"
judgmental,"['rental', 'adjustment']"
majority,['masonry']
damage,"['damages', 'damaged', 'arrange']"
improper,"['zippers', 'shippers', 'prompted']"
packing,"['packaging', 'taking', 'making']"
substitute,[]
surprised,"['used', 'sure']"
exceptional,"['explanation', 'expectation', 'explanations']"
assume,"['issue', 'issues', 'passive']"
happened,"['happen', 'appeared', 'shipped']"
lose,"['loss', 'closest', 'worse']"
overemphasize,[]
passing,"['assign', 'asking', 'passive']"
sufficient,[]
focus,['cause']
solution,"['solutions', 'situations', 'routine']"
latter,"['matter', 'letter', 'late']"
vague,"['value', 'values', 'page']"
memory,"['memo', 'members', 'masonry']"
employees,"['samples', 'example']"
shippers,"['zippers', 'shipped', 'suppliers']"
restrict,"['strict', 'respect', 'resource']"
explanation,"['explanations', 'explain', 'explains']"
wish,"['irish', 'weight']"
delayed,"['delays', 'lawyer', 'flawed']"
power,"['powerful', 'wear', 'posters']"
outages,"['tags', 'computers', 'outlet']"
apologetic,"['apologize', 'apologies', 'apologizing']"
adequate,"['inadequacies', 'dates']"
slip,['simple']
computer,"['computers', 'complete', 'come']"
human,['thank']
beings,"['things', 'big', 'telling']"
computers,"['computer', 'complete', 'others']"
weak,"['wear', 'weeks']"
untrue,"['true', 'future', 'sure']"
irritates,"['inappropriate', 'written', 'arrives']"
things,"['thing', 'thinking', 'taking']"
bound,"['sound', 'pound', 'young']"
true,"['untrue', 'rude', 're']"
makes,"['make', 'take', 'mesh']"
big,"['bright', 'beings', 'billing']"
favor,"['form', 'fear', 'farm']"
cancels,"['cleaners', 'instances', 'companies']"
effect,"['expect', 'defective', 'respect']"
righting,"['writing', 'right', 'bright']"
least,"['last', 'leads', 'let']"
angry,"['masonry', 'eager', 'carry']"
rude,"['true', 're', 'order']"
attitude,[]
friendly,"['find', 'findable']"
road,"['read', 'load', 'reader']"
leads,"['least', 'leaves', 'regards']"
mentioning,"['thinking', 'returning', 'enclosing']"
unpleasant,"['plant', 'least']"
uppermost,"['suppliers', 'zippers', 'support']"
overstate,"['state', 'oversight', 'certificate']"
culpability,"['liability', 'quality']"
negligent,['negligence']
negligence,"['negligent', 'experience']"
lawyer,"['laser', 'latter', 'flawed']"
approach,['appropriate']
establishes,"['establishing', 'published']"
specific,"['specifying', 'periodic']"
steps,"['tips', 'site', 'posters']"
expecting,"['expectation', 'expect', 'expressing']"
responsibility,"['response', 'liability']"
active,"['negative', 'defective', 'receive']"
passive,"['passing', 'possible', 'positive']"
inconvenienced,"['inconvenience', 'continued']"
fear,"['wear', 'hear', 'farm']"
advantage,"['damage', 'damages', 'damaged']"
openness,[]
businesses,"['business', 'issues']"
fail,"['mail', 'file', 'fair']"
pay,"['play', 'way', 'say']"
reduced,"['outreduce', 'resource', 'received']"
gesture,"['ensure', 'sure', 'feature']"
certificate,"['indicate', 'overstate']"
reduction,"['production', 'reputation', 'correction']"
easier,"['laser', 'eager', 'reader']"
codified,"['identified', 'code', 'dissatisfied']"
strategy,"['state', 'stationery', 'stating']"
managing,"['making', 'packaging', 'manufacturing']"
thenhow,"['how', 'extensionshow']"
handle,"['handled', 'handling', 'had']"
similar,['simple']
evenhan,[]
reinvent,"['recent', 'stringent', 'receive']"
wheel,"['weeks', 'steel', 'sheet']"
advice,"['advises', 'voice', 'invoice']"
legalistic,['least']
quibbles,[]
built,"['bill', 'fault', 'bills']"
satisfied,"['dissatisfied', 'satisfy', 'satisfaction']"
question,"['requesting', 'request', 'infestation']"
prove,"['proved', 'resolve', 'process']"
right,"['bright', 'light', 'righting']"
doctrine,"['done', 'describe', 'continue']"
limitations,"['situations', 'relations', 'intentions']"
safer,"['safety', 'fear', 'state']"
err,"['error', 'ter', 'errors']"
little,"['latter', 'written', 'limited']"
excellent,"['recent', 'replacement']"
failure,"['fire', 'file', 'fair']"
instructions,"['situations', 'intentions', 'infestation']"
excessive,"['receive', 'received', 'excuse']"
inappropriate,"['appropriate', 'appreciate', 'irritates']"
benefit,[]
doubt,['discount']
assign,"['passing', 'design', 'asking']"
undoes,"['refunds', 'notices', 'rude']"
establishing,"['establishes', 'stating', 'dealing']"
solutions,"['solution', 'situations', 'evaluations']"
manufactured,"['manufacturing', 'feature']"
resistant,['consistent']
exact,"['expect', 'next', 'fact']"
exchange,"['charge', 'examine', 'charged']"
fielder,"['file', 'wider', 'fiber']"
glove,"['lose', 'give', 'gave']"
wholesale,[]
cost,"['costs', 'most', 'consult']"
purchase,"['purchased', 'case', 'merchandise']"
nylon,"['non', 'long', 'young']"
mesh,"['times', 'makes', 'amends']"
art,['partial']
dividing,"['giving', 'findings', 'doing']"
cake,"['take', 'make', 'case']"
believes,"['believe', 'leaves', 'gives']"
got,"['lot', 'get']"
biggest,"['best', 'suggest', 'bright']"
piece,"['patience', 'experience', 'voice']"
ludwig,"['plug', 'lung']"
investigation,"['infestation', 'installation', 'satisfaction']"
itemize,"['item', 'seized']"
findings,"['gaining', 'find', 'filling']"
allow,"['call', 'small']"
violating,"['writing', 'stating', 'letting']"
warranty,"['unwarranted', 'want', 'arrange']"
prohibited,"['prompted', 'proved']"
manner,"['matter', 'answer', 'matters']"
gracious,['generous']
firm,"['form', 'fire', 'farm']"
point,"['print', 'pointing', 'spotting']"
view,"['review', 'voice', 'advice']"
considered,"['ordered', 'encountered', 'consumer']"
sense,"['see', 'ensure', 'sent']"
play,"['pay', 'plant', 'place']"
consistent,"['resistant', 'consulted', 'confusion']"
values,"['value', 'vague', 'samples']"
fairness,"['fire', 'fair', 'failure']"
consult,"['consulted', 'cost', 'costs']"
wording,"['coding', 'worn', 'word']"
recalls,"['recall', 'recalled', 'call']"
announced,['encountered']
describes,"['describe', 'decide']"
recalled,"['recall', 'called', 'recalls']"
tells,"['tell', 'telling', 'sell']"
explains,"['explain', 'explanations', 'replacing']"
nonroutine,"['routine', 'continue', 'continued']"
typed,['type']
matters,"['matter', 'latter', 'materials']"
half,['handle']
sheet,"['set', 'see', 'sent']"
size,"['seized', 'site', 'simple']"
blanks,"['banking', 'last', 'back']"
copy,"['comply', 'company', 'coupon']"
wordsaccommodatecorrectrefundreplaceamendcreditregulatereturnapologizerebatereimbursesatisfactionarrangerectifyremedysettlecompensateredressrepairsolutionphrasesappreciate,[]
pointing,"['point', 'spotting', 'writing']"
outreduce,"['reduced', 'untrue', 'occurrence']"
pricecorrected,"['incorrect', 'correct', 'collected']"
thatstatement,"['statement', 'statements', 'settlement']"
yoursorry,"['forsorry', 'sorry']"
thatmisunderstandingmake,['understanding']
amends,"['payments', 'end', 'statements']"
forsorry,"['yoursorry', 'sorry']"
thatour,[]
completelysatisfiedplease,[]
disregardwill,['regards']
creditprevent,"['reinvent', 'credited', 'credit']"
recurrenceyou,"['occurrence', 'reference', 'erroneous']"
stating,"['treating', 'spotting', 'taking']"
filling,"['billing', 'telling', 'mailing']"
posters,"['others', 'terms', 'steps']"
missing,"['passing', 'mailing', 'saying']"
steel,"['see', 'tell', 'site']"
pole,"['people', 'pool', 'problem']"
giving,"['gaining', 'given', 'dividing']"
erroneous,"['generous', 'errors']"
published,"['public', 'pleased', 'used']"
laser,"['lawyer', 'latter', 'easier']"
days,"['delays', 'today', 'deals']"
appliances,"['place', 'suppliers', 'instances']"
carry,"['carrier', 'care', 'warranty']"
print,"['point', 'pricing', 'reinvent']"
bright,"['right', 'brought', 'light']"
colored,"['enclosed', 'polarized', 'consulted']"
tags,"['outages', 'things', 'taking']"
alerting,"['letting', 'writing', 'stating']"
consumers,"['consumer', 'customers', 'consulted']"
safety,"['safer', 'set', 'say']"
feature,"['future', 'fear', 'gesture']"
blade,"['blame', 'bad', 'made']"
wider,"['wear', 'fielder', 'dear']"
fits,['it']
outlet,"['let', 'routine', 'outages']"
rental,"['recent', 'recall', 'cereal']"
hope,"['shops', 'happen', 'choice']"
banking,"['taking', 'making', 'asking']"
toner,"['ter', 'one', 'stationery']"
cartridge,"['carrier', 'charge', 'charged']"
taken,"['take', 'taking', 'make']"
performance,"['enforce', 'personnel']"
shredder,"['reader', 'sheet', 'share']"
zippers,"['shippers', 'appears', 'paper']"
seized,"['size', 'see', 'shipped']"
faulty,"['fault', 'faultless', 'quality']"
masonry,"['sorry', 'majority', 'angry']"
replacing,"['repairing', 'replace', 'reading']"
paragraphsthank,[]
responding,"['respond', 'reading', 'spotting']"
notices,"['notice', 'note', 'offices']"
returning,"['return', 'treating', 'refusing']"
farm,"['form', 'firm', 'fear']"
toys,['today']
design,"['assign', 'dealing', 'deny']"
dangerous,"['generous', 'damages']"
young,"['lung', 'long', 'wrong']"
calling,"['call', 'telling', 'mailing']"
pricing,"['writing', 'packing', 'processing']"
ter,"['toner', 'terms', 'other']"
automatic,[]
cleaners,"['leaves', 'letters', 'cleanup']"
serving,"['hearing', 'services', 'serve']"
charged,"['charge', 'care', 'share']"
credited,"['credit', 'reduced', 'creditprevent']"
reading,"['treating', 'replacing', 'repairing']"
consulted,"['consult', 'consumer', 'continued']"
shipping,"['shipped', 'thinking', 'spotting']"
comply,"['copy', 'company', 'imply']"
filled,"['file', 'flawed', 'called']"
back,['blanks']
issues,"['issue', 'assume', 'suggest']"
interested,"['interest', 'interviews', 'requested']"
hearing,"['repairing', 'hear', 'serving']"
type,['typed']
prompted,"['proved', 'prohibited', 'appropriate']"
requesting,"['request', 'refusing', 'question']"
statements,"['statement', 'settlement', 'thatstatement']"
appeared,"['appears', 'happened', 'appeal']"
ofsmall,"['small', 'formal']"
given,"['give', 'gives', 'giving']"
checked,"['check', 'checks', 'collected']"
page,"['vague', 'place', 'paper']"
irish,"['wish', 'right']"
linens,"['line', 'intentions', 'appliances']"
proved,"['prove', 'resolved', 'prompted']"
flawed,"['lawyer', 'filled', 'pleased']"
packaging,"['packing', 'managing', 'taking']"
costs,"['cost', 'posters', 'most']"
loyal,"['loyalty', 'load']"
apologizing,"['apologize', 'apologies', 'apologetic']"
regards,"['read', 'records', 'years']"
appealing,"['appeal', 'dealing', 'happen']"
charge,"['charged', 'care', 'share']"
non,"['nylon', 'son', 'one']"
shows,"['shops', 'how']"
son,"['sound', 'reason', 'one']"
collapsed,"['collected', 'caused', 'called']"
lung,"['plug', 'long', 'young']"
treatment,"['statement', 'statements', 'department']"
acne,"['machine', 'place', 'manner']"
coding,"['wording', 'doing', 'incoming']"
reason,"['respond', 'reasonable', 'response']"
visit,"['visited', 'site', 'list']"
spotting,"['stating', 'pointing', 'responding']"
infestation,"['investigation', 'installation', 'information']"
cereal,"['rental', 'recall', 'several']"
share,"['charge', 'sure', 'rare']"
concern,"['toner', 'consumer', 'consumers']"
satisfaction,"['satisfied', 'investigation', 'stationery']"
strict,"['restrict', 'stringent', 'traffic']"
lot,"['let', 'got', 'loyalty']"
raw,[]
sanitarians,"['situations', 'maintain', 'materials']"
inspect,"['insect', 'inspectors', 'insert']"
plant,"['complaint', 'want', 'unpleasant']"
periodic,"['product', 'specific', 'products']"
checks,"['check', 'checked']"
fa,"['fax', 'fear', 'farm']"
food,['good']
collected,"['complete', 'consulted', 'collapsed']"
analyzed,['handled']
laboratories,['arrives']
enforce,"['resource', 'performance', 'notice']"
stringent,"['reinvent', 'strict', 'stating']"
procedures,"['process', 'products', 'proved']"
ensure,"['sure', 'gesture', 'sense']"
insect,"['inspect', 'insert', 'inspectors']"
gave,"['have', 'give', 'negative']"
brought,"['bright', 'right']"
officials,"['offices', 'optical']"
motor,"['monitor', 'most', 'more']"
worn,"['work', 'word', 'wording']"
top,[]
line,"['linens', 'little', 'insert']"
shops,"['shows', 'hope', 'shippers']"
attached,[]
closest,"['loss', 'lose', 'cost']"
personnel,"['personal', 'performance']"
bill,"['bills', 'billing', 'built']"
caused,"['cause', 'used', 'case']"
re,"['true', 'sure', 'rude']"
settlement,"['statement', 'statements', 'sentiment']"
liability,"['culpability', 'quality', 'loyalty']"
limited,"['visited', 'little']"
pound,"['sound', 'bound', 'respond']"
times,"['time', 'tips', 'notices']"
weight,"['right', 'light', 'oversight']"
load,"['road', 'glad', 'loyal']"
conforms,['form']
tariff,"['staff', 'traffic']"
regulations,"['relations', 'reputation', 'evaluations']"
obtain,"['taking', 'objection', 'stating']"
reimbursement,['creditprevent']
damages,"['damage', 'damaged', 'makes']"
loss,"['lose', 'closest', 'costs']"
corporation,"['cooperation', 'correction', 'reputation']"
traffic,"['staff', 'tariff', 'strict']"
insurance,"['instances', 'ensure', 'sure']"
delays,"['days', 'delayed', 'deals']"
processing,"['process', 'expressing', 'pricing']"
felt,"['fault', 'safety', 'faulty']"
fiber,"['firm', 'fire', 'file']"
optical,"['partial', 'officials', 'notice']"
cable,"['unable', 'called', 'case']"
unprofessional,"['processing', 'personal']"
inspectors,"['inspect', 'insect', 'instructions']"
independent,[]
oversight,"['right', 'weight', 'overstate']"
bureau,"['sure', 'read']"
offices,"['officials', 'notices', 'voice']"
evaluations,"['relations', 'regulations', 'solutions']"
code,"['come', 'order', 'codified']"
met,"['set', 'let', 'get']"
exceeded,"['received', 'credited']"
site,"['size', 'item', 'visited']"
cleanup,"['learn', 'cleaners']"
faultless,"['fault', 'faulty', 'full']"
fact,"['fault', 'fa', 'exact']"
was,"['way', 'has']"
findable,"['unable', 'find', 'file']"
cause,"['caused', 'case', 'cases']"
objection,"['correction', 'reduction', 'obtain']"
turned,"['return', 'future', 'gesture']"
light,"['right', 'weight', 'bright']"
unable,"['cable', 'findable', 'reasonable']"
deep,"['keep', 'decide']"
