say,['summary']
person,"['persons', 'precision', 'period']"
acceptance,"['acceptances', 'acceptable', 'accepted']"
other,"['others', 'note', 'owner']"
letter,"['letters', 'letterhead', 'lettersdear']"
see,"['serve', 'seems', 'use']"
bid,"['bids', 'bad', 'binding']"
have,"['above', 'having', 'charge']"
offer,"['offers', 'offering', 'owner']"
details,"['detail', 'ideas', 'sidewalls']"
date,"['dated', 'data', 'state']"
name,['number']
questions,"['acquisition', 'descriptions', 'directions']"
look,"['book', 'floor']"
thanks,"['thank', 'tracks', 'blanks']"
enclosed,"['figureclose', 'composed']"
grant,"['grants', 'want', 'rent']"
want,"['ofant', 'grant', 'grants']"
job,[]
do,"['drop', 'done']"
time,"['title', 'meantime', 'estimate']"
how,[]
let,"['set', 'met', 'letter']"
acceptances,"['acceptance', 'acceptable', 'accepted']"
position,"['actionposition', 'production', 'options']"
use,"['set', 'see', 'course']"
tell,['sell']
application,"['appreciation', 'applicants', 'action']"
contract,"['contact', 'control', 'content']"
call,"['calcula', 'small', 'alloy']"
help,"['helpful', 'chisel']"
writing,"['waiting', 'written', 'renting']"
sure,"['re', 'measures', 'issue']"
proposal,"['proposals', 'propose', 'proposed']"
part,"['party', 'past', 'paper']"
good,[]
send,"['second', 'sand', 'sending']"
state,"['stated', 'estimate', 'status']"
respond,"['responded', 'response', 'responses']"
include,"['includes', 'exclude']"
telephone,[]
number,"['numbers', 'name']"
check,['checked']
ask,"['task', 'asks', 'asked']"
guidelines,"['deadlines', 'underlying', 'identifies']"
format,"['formats', 'formal', 'form']"
thank,"['thanks', 'thin', 'task']"
letterhead,"['lettersdear', 'letter', 'letters']"
accepted,"['acceptance', 'acceptable', 'acceptances']"
requested,"['request', 'interested']"
appreciate,"['appreciation', 'appear', 'applicants']"
year,"['years', 'rear', 'clear']"
response,"['responses', 'responded', 'respond']"
next,"['extra', 'finest']"
work,"['works', 'worked']"
approved,"['provide', 'provides', 'proposed']"
much,[]
best,"['st', 'boost', 'finest']"
book,"['look', 'boost', 'bottom']"
ways,"['days', 'delays']"
request,"['requested', 'questions', 'equipment']"
letters,"['letter', 'lettersdear', 'letterhead']"
results,['restaurants']
offers,"['offer', 'offering', 'others']"
conference,"['reference', 'references', 'convenient']"
amount,"['account', 'county', 'payment']"
needs,"['need', 'needed', 'ones']"
receipt,"['recent', 'report', 'credit']"
directions,"['rejection', 'intersection', 'instructions']"
accessibility,['availability']
equipment,"['department', 'request', 'payment']"
action,"['eration', 'application', 'acquisition']"
tips,"['topics', 'artist']"
possible,"['problem', 'portable', 'considerable']"
inquiry,"['inquirytion', 'inquirycopy', 'inquiries']"
idea,"['ideas', 'sidewalls', 'identical']"
make,"['made', 'asked', 'marketing']"
proper,"['propose', 'paper', 'proposed']"
more,"['re', 'force', 'worked']"
special,"['specified', 'potential']"
chosen,"['course', 'chisel', 'content']"
information,"['format', 'formats', 'eration']"
cases,"['causes', 'case', 'clauses']"
case,"['cases', 'causes', 'cash']"
party,"['part', 'past', 'clarity']"
language,['lanes']
formal,"['format', 'form', 'formats']"
funding,"['sending', 'binding', 'underlying']"
research,"['rear', 'resource']"
plan,"['plans', 'planned', 'plainer']"
estimate,"['estimated', 'state', 'guessestimated']"
complete,"['completed', 'completion', 'complicated']"
become,['welcome']
read,"['rear', 'area', 'readers']"
attention,"['alteration', 'action', 'renting']"
detail,"['details', 'rental', 'identical']"
it,['item']
county,"['account', 'amount', 'monthly']"
new,['news']
important,['import']
resource,"['sure', 'produce', 'response']"
hours,"['course', 'works', 'short']"
last,"['past', 'lost', 'st']"
standard,"['millaystandard', 'sand', 'salaried']"
benefits,"['vents', 'units']"
annual,[]
give,"['ongives', 'valuegive', 'giving']"
production,"['introduction', 'productive', 'products']"
final,"['signals', 'install', 'original']"
draft,"['date', 'data', 'grant']"
suggest,"['suggests', 'issues', 'budget']"
set,"['st', 'use', 'see']"
reference,"['references', 'conference', 'reflect']"
explaining,"['planning', 'underplanning']"
refusals,"['reveals', 'results', 'sales']"
know,['known']
acknowledgment,"['acknowledgments', 'knowledgeable']"
orders,"['readers', 'others', 'offers']"
acknowledgments,"['acknowledgment', 'knowledgeable', 'elements']"
contact,"['contract', 'content', 'contents']"
need,"['needs', 'needed']"
sales,"['signals', 'salaried', 'refusals']"
payment,"['pavement', 'department', 'equipment']"
business,['linesas']
made,"['make', 'matter']"
meantime,"['entire', 'time', 'mechanisms']"
matter,"['outmatter', 'material', 'letter']"
reports,"['report', 'reporting', 'response']"
note,"['notice', 'other', 'endnotes']"
responses,"['response', 'responded', 'respond']"
address,['areas']
follow,['following']
written,"['typewritten', 'writing']"
necessary,[]
report,"['reports', 'reporting', 'import']"
people,"['proper', 'replace', 'propose']"
applicants,"['application', 'plans', 'appreciate']"
routine,"['outside', 'productive', 'production']"
item,"['title', 'it']"
copies,"['choices', 'topics', 'prices']"
different,"['department', 'rent', 'feet']"
short,"['shorter', 'story', 'hours']"
serve,"['service', 'see', 'sure']"
present,"['recent', 'presentation', 'rent']"
additional,"['traditional', 'optional', 'deviation']"
inquiries,"['injuries', 'inquiriesmake', 'inquiry']"
consideration,"['considerationtake', 'considerable', 'eration']"
agreements,"['agreement', 'elements', 'management']"
describe,"['decel', 'descriptions']"
appreciation,"['appreciate', 'application', 'precision']"
asked,"['based', 'ask', 'raised']"
asks,"['ask', 'task', 'cases']"
issue,"['issues', 'issueplan', 'sure']"
provide,"['provides', 'produce', 'price']"
department,"['payment', 'pavement', 'experimental']"
sending,"['siding', 'send', 'renting']"
suppliers,"['ofsupplies', 'supply', 'plainer']"
responded,"['respond', 'response', 'responses']"
offering,"['offer', 'offers', 'hearing']"
contents,"['content', 'contingent', 'comments']"
conditions,"['recommendations', 'options', 'directions']"
changes,"['charges', 'chances', 'charge']"
plans,"['plan', 'lanes', 'blanks']"
length,"['let', 'rent', 'long']"
price,"['prices', 'practices', 'service']"
availability,"['available', 'accessibility']"
proposals,"['proposal', 'propose', 'proposed']"
mailing,"['making', 'main', 'waiting']"
immediate,"['median', 'date']"
organization,"['organized', 'consideration', 'conditions']"
form,"['formed', 'format', 'formal']"
many,"['main', 'median', 'making']"
hard,"['had', 'hand', 'charted']"
complicated,"['completed', 'compliance', 'complete']"
memo,"['memos', 'metro', 'remove']"
presentation,"['present', 'recommendation', 'rejection']"
recent,"['rent', 'receipt', 'present']"
completed,"['complete', 'complicated', 'completion']"
prepared,"['preparing', 'replace', 'rear']"
progress,"['programs', 'processes', 'program']"
making,"['marketing', 'main', 'mailing']"
had,"['hard', 'hand', 'heads']"
run,"['return', 'routine']"
needed,"['need', 'needs']"
problem,"['possible', 'portable', 'proper']"
agreement,"['agreements', 'management', 'pavement']"
long,"['following', 'length']"
employee,"['employees', 'examples', 'complete']"
lettersdear,"['letters', 'letterhead', 'letter']"
others,"['other', 'orders', 'offers']"
paper,"['proper', 'appear', 'plainer']"
staff,"['staffing', 'traffic', 'state']"
supply,"['suppliers', 'ofsupplies']"
extra,"['next', 'metro']"
begin,[]
error,['metro']
policy,[]
products,"['produce', 'productive', 'production']"
quality,[]
done,"['ones', 'owner', 'do']"
credit,"['receipt', 'covered', 'clarity']"
years,"['year', 'rear', 'readers']"
past,"['part', 'last', 'st']"
dealing,"['deadlines', 'mailing', 'hearing']"
high,['having']
fire,"['free', 'firm', 're']"
replace,"['preface', 'prepared', 'spaced']"
notice,"['note', 'entire', 'routine']"
small,"['sell', 'install', 'call']"
return,"['turn', 'restaurant', 'restaurants']"
plug,[]
free,"['fire', 'feet', 're']"
account,"['county', 'amount', 'according']"
appears,"['appear', 'years', 'paper']"
control,"['contract', 'school', 'county']"
tool,['school']
sell,"['tell', 'small', 'sidewalls']"
bad,"['based', 'had', 'boards']"
works,"['work', 'worked', 'hours']"
employees,"['employee', 'examples']"
lawyer,"['larger', 'plainer', 'answers']"
codified,"['specified', 'divided', 'field']"
instructions,"['introduction', 'intersection', 'directions']"
cost,"['costs', 'lost', 'st']"
firm,"['form', 'fire', 'films']"
typed,['dated']
blanks,"['plans', 'lanes', 'thanks']"
copy,"['county', 'copies']"
giving,"['driving', 'timing', 'siding']"
days,"['delays', 'ways', 'ideas']"
carry,"['clarity', 'party', 'clear']"
rental,"['rent', 'recent', 'potential']"
design,"['signals', 'dealing']"
filled,"['field', 'emailed', 'flex']"
issues,"['issue', 'issueplan', 'suggest']"
interested,"['intersection', 'requested', 'expressed']"
hearing,"['having', 'preparing', 'dealing']"
checked,"['check', 'achieved']"
page,"['paper', 'spaced', 'larger']"
costs,"['cost', 'consists', 'lost']"
charge,"['charges', 'charted', 'changes']"
line,"['plainer', 'linesas', 'lanes']"
attached,"['achieved', 'dated', 'attic']"
re,"['sure', 'rent', 'relo']"
traffic,"['staffing', 'staff', 'tracks']"
insurance,['sure']
delays,"['days', 'ideas', 'details']"
met,"['metro', 'set', 'let']"
fact,"['factor', 'ofant', 'format']"
school,"['control', 'tool']"
unsolicited,"['solicited', 'complicated', 'isolated']"
course,"['hours', 'use', 'covers']"
numbers,['number']
getting,"['renting', 'reporting', 'marketing']"
program,"['programs', 'progress', 'paragraph']"
certain,"['eration', 'catering', 'understandin']"
typewritten,['written']
seems,"['see', 'elements', 'serve']"
helpful,['help']
following,"['follow', 'long']"
raised,"['based', 'asked', 'organized']"
available,['availability']
found,"['funding', 'focused', 'front']"
said,"['sand', 'salaried', 'stated']"
step,"['state', 'st', 'stated']"
references,"['reference', 'conference', 'forces']"
significant,['signature']
hand,"['had', 'sand', 'hard']"
considerable,"['consideration', 'considerationtake', 'possible']"
management,"['agreement', 'agreements', 'pavement']"
comments,"['contents', 'recommendations', 'content']"
waiting,"['writing', 'skating', 'mailing']"
service,"['serve', 'price', 'prices']"
convenient,"['content', 'government', 'contingent']"
install,"['small', 'final', 'identical']"
readers,"['orders', 'rear', 'read']"
roof,[]
preparing,"['reporting', 'hearing', 'prepared']"
ideas,"['idea', 'delays', 'sidewalls']"
student,"['study', 'budget', 'set']"
effective,['reflect']
subject,['set']
based,"['asked', 'bad', 'raised']"
driving,"['giving', 'writing', 'involving']"
siding,"['sending', 'binding', 'widening']"
lost,"['last', 'cost', 'st']"
outstanding,"['understandin', 'sending', 'funding']"
productive,"['produce', 'production', 'products']"
signature,"['signals', 'sure', 'significant']"
period,"['person', 'perception', 'provide']"
news,"['new', 'ones', 'needs']"
focused,"['found', 'force', 'formed']"
covered,"['cover', 'coverage', 'covers']"
marketing,"['making', 'renting', 'reporting']"
front,"['rent', 'ofant', 'grant']"
knowledgeable,"['acknowledgment', 'acknowledgments']"
quarters,['areas']
field,"['filled', 'fire', 'codified']"
success,"['successful', 'suggests']"
successful,['success']
second,"['send', 'sending', 'respond']"
known,"['know', 'owner']"
double,"['problem', 'outlets', 'done']"
paragraph,['program']
includes,"['include', 'exclude', 'clauses']"
traditional,"['additional', 'eration', 'alteration']"
prices,"['price', 'practices', 'provides']"
rent,"['rental', 'recent', 'renting']"
subcommittee,[]
purpose,"['propose', 'proposed', 'response']"
optional,"['options', 'completion', 'additional']"
welcome,['become']
article,"['title', 'price', 'critical']"
descriptions,"['deviations', 'questions', 'deviation']"
content,"['contents', 'contingent', 'contact']"
programs,"['program', 'progress']"
bottom,['book']
flex,['filled']
acquisition,"['actionposition', 'action', 'questions']"
area,"['areas', 'rear', 'read']"
exhaustive,['expensive']
labor,"['floor', 'clear', 'above']"
charges,"['charge', 'changes', 'charted']"
monthly,"['county', 'amount']"
dated,"['date', 'stated', 'slanted']"
potential,"['rental', 'identical', 'special']"
having,"['hearing', 'making', 'giving']"
summarize,"['summarizes', 'summarized', 'summary']"
factor,"['fact', 'satisfactory', 'action']"
material,"['matter', 'catering']"
original,"['signals', 'logical', 'traditional']"
rough,[]
entire,"['meantime', 'notice', 'identifies']"
isolated,"['slanted', 'stated', 'solicited']"
appear,"['appears', 'paper', 'notappearto']"
background,[]
familiar,[]
cover,"['covers', 'covered', 'coverage']"
worked,"['work', 'works', 'formed']"
persuade,[]
summary,"['summarize', 'summarizes', 'summarized']"
history,"['story', 'satisfactory']"
shorter,"['short', 'other', 'others']"
solicited,"['unsolicited', 'isolated', 'complicated']"
title,"['time', 'item', 'article']"
critical,"['identical', 'article', 'traditional']"
clear,"['year', 'rear', 'clarity']"
study,"['student', 'story']"
government,"['convenient', 'pavement', 'improvements']"
catering,"['waiting', 'sputtering', 'skating']"
satisfactory,"['factor', 'history']"
areas,"['area', 'reveals', 'rear']"
proposed,"['propose', 'purpose', 'proposal']"
drop,"['do', 'proper', 'groups']"
data,"['date', 'draft', 'dated']"
reflect,"['ireject', 'rejection', 'reference']"
turn,"['return', 'downturn']"
groups,"['propose', 'drop']"
acceptable,"['acceptance', 'accepted', 'acceptances']"
bypass,"['past', 'asks']"
floor,"['look', 'form', 'labor']"
rejection,"['ireject', 'directions', 'presentation']"
main,"['making', 'many', 'mailing']"
task,"['ask', 'asks', 'thank']"
ones,"['news', 'done', 'ongives']"
stated,"['state', 'estimated', 'slanted']"
status,"['state', 'stated', 'task']"
propose,"['proposed', 'purpose', 'proposal']"
weekly,[]
sum,['summary']
produce,"['productive', 'products', 'provide']"
heads,"['subheads', 'had', 'readers']"
expensive,"['expressed', 'exhaustive']"
authorized,"['organized', 'summarized']"
according,"['recording', 'accordance', 'adding']"
remove,"['reveals', 'provide', 'relo']"
concerning,"['convenient', 'offering', 'catering']"
dispute,"['issue', 'issues', 'dis']"
renting,"['reporting', 'marketing', 'rent']"
buying,"['buy', 'underlying', 'funding']"
chances,"['changes', 'choices', 'charges']"
supporting,"['reporting', 'sputtering']"
choices,"['copies', 'chances', 'practices']"
dis,"['dispute', 'details']"
options,"['optional', 'opinions', 'locations']"
feedback,[]
restaurant,"['restaurants', 'return']"
verify,[]
buy,['buying']
median,"['immediate', 'sending', 'many']"
coverage,"['covered', 'cover', 'covers']"
consists,"['costs', 'cost', 'conditions']"
feet,"['free', 'different', 'recent']"
expectations,"['specifications', 'rejection', 'presentation']"
specified,"['codified', 'spaced', 'special']"
specifications,"['modifications', 'expectations', 'appreciation']"
body,['boards']
divided,['codified']
logical,['original']
units,"['furnish', 'consists', 'benefits']"
timing,"['siding', 'making', 'giving']"
binding,"['siding', 'sending', 'funding']"
adding,"['siding', 'making', 'having']"
withdrawn,[]
above,"['have', 'approved', 'table']"
completion,"['complete', 'computation', 'competitors']"
cash,"['case', 'cases', 'causes']"
analysis,[]
bids,"['bid', 'ideas', 'boards']"
guaranteed,"['grant', 'grants']"
recording,"['reporting', 'according', 'preparing']"
document,['comments']
planning,"['explaining', 'underplanning', 'planned']"
estimated,"['estimate', 'stated', 'guessestimated']"
faxed,"['field', 'dated', 'based']"
recommendations,"['recommendation', 'conditions', 'comments']"
signals,"['sales', 'original', 'final']"
identifies,"['inquiries', 'identical', 'accidents']"
provides,"['provide', 'prices', 'produce']"
introduction,"['instructions', 'production', 'intersection']"
abstract,"['contract', 'state']"
table,"['portable', 'acceptable', 'title']"
outside,"['routine', 'notice', 'course']"
budget,"['suggest', 'student', 'best']"
metro,"['met', 'memo', 'memos']"
covers,"['cover', 'covered', 'coverage']"
recommendation,"['recommendations', 'presentation', 'consideration']"
clauses,"['causes', 'cases', 'case']"
furnish,['units']
disagree,[]
opinions,"['options', 'conditions', 'conclusions']"
conclusions,"['conditions', 'opinions', 'consists']"
story,"['history', 'study', 'short']"
larger,"['lawyer', 'charge', 'plainer']"
competitive,"['complete', 'competitors', 'completed']"
expressed,"['processes', 'expensive', 'interested']"
suggests,"['suggest', 'success']"
organized,"['raised', 'organization', 'authorized']"
examples,"['employees', 'employee', 'sales']"
answers,"['lanes', 'cases', 'lawyer']"
depend,"['department', 'respond', 'send']"
memos,"['memo', 'seems', 'metro']"
projects,"['products', 'ireject', 'provides']"
practices,"['prices', 'price', 'productive']"
windows,['wind']
compliance,"['complicated', 'complete', 'compared']"
measures,"['sure', 'years', 'cases']"
reporting,"['report', 'recording', 'preparing']"
executed,['exclude']
air,['plainer']
persons,"['person', 'response', 'responses']"
force,"['forces', 'formed', 'more']"
identical,"['critical', 'rental', 'potential']"
perception,"['eration', 'production', 'presentation']"
elements,"['agreements', 'agreement', 'pavement']"
locations,"['options', 'modifications', 'application']"
involving,"['giving', 'mailing', 'driving']"
preface,"['replace', 'price', 'prepared']"
clarity,"['party', 'clear', 'carry']"
owner,"['ones', 'done', 'downturn']"
artist,"['clarity', 'article', 'tips']"
formed,"['form', 'force', 'worked']"
planned,"['plan', 'slanted', 'plainer']"
topics,"['prices', 'copies', 'options']"
wind,['windows']
plainer,"['plan', 'line', 'planned']"
summarizes,"['summarize', 'summarized', 'guesssummarizes']"
drill,[]
rear,"['year', 'read', 'area']"
outlets,"['contents', 'outweight', 'others']"
synopsis,[]
finest,"['interested', 'linesas', 'install']"
deadlines,"['dealing', 'guidelines', 'readers']"
compressor,"['competitors', 'compared', 'copies']"
lanes,"['plans', 'blanks', 'slanted']"
depth,[]
electroplating,"['expectations', 'acceleration']"
sputtering,"['catering', 'preparing', 'gutter']"
curb,['course']
gutter,"['outmatter', 'matter', 'letter']"
fiberglass,[]
sq,[]
ireject,"['rejection', 'reflect', 'projects']"
st,"['set', 'step', 'past']"
millaystandard,['standard']
subheads,['heads']
investigative,"['estimate', 'estimated']"
grants,"['grant', 'guaranteed', 'agreements']"
evaluation,"['deviation', 'eration', 'deviations']"
jargon,[]
appendix,['approved']
bibliography,[]
endnotes,"['note', 'vents']"
precision,"['appreciation', 'rejection', 'presentation']"
boost,"['lost', 'cost', 'book']"
allowances,"['lanes', 'accordance']"
deviations,"['deviation', 'descriptions', 'eration']"
formats,"['format', 'formal', 'form']"
spaced,"['stated', 'specified', 'slanted']"
slanted,"['isolated', 'stated', 'sand']"
critique,"['citizen', 'critical']"
narrative,['article']
emailed,"['estimated', 'raised', 'filled']"
wordsabstractadviseagendaanalysisapplicationsappraiseapproachassesscalculatecomputeconcludeconditionsconsidercritiquedecisiondesigndiagramdisclosediscussiondisplaydraftestablishestimateevaluatehow,[]
representationresearchtionresultsreviewstatementstrategystudysubjectsuggestsummarysystemtechnicaltermstextundertakingventurephrasesa,[]
import,"['important', 'report', 'reports']"
ofant,"['want', 'fact', 'grant']"
linesas,"['line', 'lanes', 'ideas']"
databallpark,[]
figureclose,['enclosed']
inquirycopy,"['inquiry', 'inquirytion', 'inquiries']"
proceedingsdetailed,[]
statementeducated,[]
guessestimated,"['estimated', 'estimate', 'guesssummarizes']"
valuegive,['give']
ongives,"['ones', 'give', 'covers']"
understandin,"['underplanning', 'outstanding', 'underlying']"
atinstitute,[]
inquiriesmake,"['inquiries', 'injuries', 'inquiry']"
publicmap,[]
outmatter,"['matter', 'gutter']"
underplanning,"['underlying', 'planning', 'understandin']"
stagesdiscussion,[]
issueplan,"['issue', 'issues', 'plan']"
actionposition,"['position', 'acquisition', 'conditions']"
computation,"['completion', 'options', 'recommendation']"
calcula,['call']
inquirytion,"['inquiry', 'inquirycopy', 'inquiries']"
guesssummarizes,"['summarizes', 'summarize', 'summarized']"
ofsupplies,"['suppliers', 'supply', 'copies']"
tinct,"['thin', 'title', 'attic']"
advantagestake,[]
considerationtake,"['consideration', 'considerable']"
stepsunder,[]
sentencesdata,[]
skating,"['waiting', 'staffing', 'catering']"
injuries,"['inquiries', 'inquiriesmake', 'includes']"
charted,"['charge', 'hard', 'charges']"
salaried,"['summarized', 'slanted', 'said']"
homelessness,[]
reveals,"['refusals', 'areas', 'rental']"
staffing,"['staff', 'traffic', 'skating']"
citizen,"['critique', 'action']"
composed,"['proposed', 'compared', 'completed']"
summarized,"['summarize', 'summarizes', 'guesssummarizes']"
compared,"['composed', 'complicated', 'completed']"
thin,"['tinct', 'thank', 'timing']"
alloy,"['call', 'small']"
films,"['firm', 'final', 'field']"
microstructure,[]
achieved,"['checked', 'attached', 'accepted']"
exclude,"['include', 'includes']"
processes,"['progress', 'responses', 'prices']"
assumptions,"['options', 'instructions', 'descriptions']"
portable,"['table', 'problem', 'acceptable']"
outweight,['outlets']
relo,"['re', 'report', 'rental']"
railroad,[]
tracks,"['thanks', 'traffic', 'strikes']"
pavement,"['payment', 'agreement', 'improvements']"
widening,"['siding', 'writing', 'waiting']"
intersection,"['introduction', 'directions', 'rejection']"
improvements,"['pavement', 'government', 'agreements']"
acceleration,"['alteration', 'eration', 'action']"
decel,['describe']
eration,"['alteration', 'action', 'deviation']"
mechanisms,['meantime']
underlying,"['underplanning', 'funding', 'dealing']"
causes,"['clauses', 'cases', 'case']"
nationwide,['action']
experimental,"['rental', 'department', 'pavement']"
modifications,"['specifications', 'locations', 'directions']"
forces,"['force', 'prices', 'orders']"
restaurants,"['restaurant', 'return', 'results']"
downturn,"['turn', 'owner']"
notappearto,"['appear', 'appears']"
competitors,"['completion', 'competitive', 'options']"
boards,"['orders', 'bad', 'hard']"
attic,"['article', 'attached', 'tinct']"
sidewalls,"['ideas', 'signals', 'details']"
redwood,[]
chisel,"['chosen', 'choices', 'sell']"
putty,['party']
sand,"['send', 'said', 'hand']"
soffit,[]
vents,"['rent', 'pavement', 'endnotes']"
accordance,"['according', 'acceptance', 'acceptances']"
alteration,"['eration', 'acceleration', 'attention']"
deviation,"['deviations', 'eration', 'evaluation']"
contingent,"['content', 'contents', 'convenient']"
strikes,"['tracks', 'prices']"
accidents,"['identifies', 'account', 'acceptances']"
tornado,[]
