invitation,"['invitations', 'situation', 'vacation']"
accept,"['accepts', 'acceptances', 'receipt']"
say,"['way', 'saying', 'salary']"
reply,"['employer', 'delay', 'creep']"
pleasure,"['pleased', 'mepleased', 'pallbearer']"
person,"['personal', 'pro', 'personalized']"
happy,[]
write,"['written', 'white', 'handwrite']"
pleased,"['mepleased', 'pleasure', 'place']"
other,"['ter', 'note', 'hear']"
letter,"['letters', 'letterwe', 'letteryour']"
first,"['list', 'affairs', 'interest']"
invitations,"['invitation', 'situation', 'instructions']"
see,"['speed', 'sewer', 'use']"
bid,['bids']
have,"['leave', 'handle', 'chance']"
offer,"['office', 'other', 'order']"
date,"['dated', 'drafted', 'water']"
company,"['complaints', 'complimentary']"
name,"['names', 'same', 'inane']"
questions,"['requests', 'acquisition', 'guests']"
able,"['sales', 'agreeable', 'sealed']"
look,"['took', 'book', 'books']"
delighted,"['delightful', 'lettertodelighted']"
thanks,"['thank', 'tank', 'think']"
enclosed,"['enclose', 'close', 'enclosing']"
want,"['wanted', 'water', 'coverwant']"
meeting,"['meet', 'mention', 'feeling']"
job,[]
do,['done']
time,"['title', 'estimate', 'simple']"
how,"['thrown', 'own']"
let,"['plenty', 'letter', 'reflect']"
acceptances,"['accepts', 'accept', 'agencies']"
position,"['situation', 'condition', 'conditions']"
use,"['used', 'useful', 'sue']"
informal,"['formal', 'informational', 'information']"
tell,"['toll', 'telling', 'hotel']"
kind,"['find', 'kindness', 'taking']"
call,"['calling', 'local', 'allow']"
help,"['helping', 'hotel']"
writing,"['written', 'write', 'remaining']"
requests,"['request', 'requested', 'guests']"
wedding,"['sending', 'reducing', 'rewarding']"
proposal,"['purposes', 'personal']"
repeat,"['respect', 'great', 'reveal']"
expression,"['expressions', 'express', 'expectations']"
take,"['tank', 'make', 'thank']"
try,['ter']
good,['goods']
send,"['spend', 'sends', 'second']"
brief,"['grief', 'write']"
answer,"['sewer', 'manner', 'inwe']"
state,"['restate', 'estimate', 'take']"
add,"['had', 'handled', 'address']"
personal,"['person', 'personalized', 'proposal']"
mail,"['mailed', 'mailing', 'materials']"
respond,"['responded', 'responding', 'response']"
include,"['includes', 'incident']"
salary,['say']
telephone,"['phone', 'tone']"
number,"['numbers', 'name', 'bear']"
large,"['area', 'range', 'place']"
check,"['checklist', 'cheer']"
ask,"['asked', 'has']"
guidelines,['declines']
secretary,"['supplementary', 'unnecessary']"
handwrite,"['handwritten', 'write', 'handle']"
stationery,"['situation', 'state', 'action']"
same,"['sample', 'name', 'stamped']"
format,"['formal', 'form', 'forms']"
children,"['child', 'while']"
thank,"['thanks', 'tank', 'think']"
used,"['use', 'send', 'spend']"
great,"['repeat', 'regret', 'restate']"
requested,"['request', 'requests', 'required']"
appreciate,"['appreciation', 'letterappreciate', 'appropriate']"
office,"['offer', 'choice', 'efficiency']"
response,"['responses', 'responded', 'respond']"
work,"['worse', 'words']"
reception,"['receipt', 'recognition', 'receiving']"
best,"['guests', 'budget']"
book,"['books', 'took', 'look']"
way,"['say', 'day']"
request,"['requests', 'requested', 'require']"
letters,"['letter', 'letterwe', 'lettersdear']"
results,"['requests', 'guests']"
find,"['kind', 'findfor']"
place,"['space', 'plan', 'outpaced']"
contributions,"['construction', 'conditions', 'condition']"
express,"['expression', 'expressions', 'prices']"
receipt,"['recipient', 'reception', 'receive']"
tax,['fax']
list,"['lists', 'visit', 'it']"
group,"['vigorous', 'gracious', 'generous']"
future,"['figure', 'true', 'free']"
action,"['vacation', 'adoption', 'addition']"
avoid,"['said', 'video']"
events,"['event', 'elements', 'weakens']"
simple,"['sample', 'samples', 'stamped']"
tips,[]
possible,['impossibility']
deal,"['dear', 'ideas', 'delay']"
inquiry,['inquiries']
make,"['makes', 'marked', 'take']"
enthusiastic,[]
stock,"['usto', 'tuck', 'took']"
sentence,['sent']
saying,"['saving', 'sharing', 'using']"
more,"['worse', 're', 'order']"
mention,"['mentioned', 'meeting', 'recognition']"
marked,"['mark', 'make', 'makes']"
mandatory,[]
obligatory,[]
required,"['require', 'requested', 'request']"
compulsory,"['color', 'complimentary', 'complaints']"
imperative,"['impressive', 'operates', 'immediate']"
essential,"['entail', 'special', 'sent']"
special,"['hospital', 'sealed']"
congratulatory,['congratulations']
remark,"['remarks', 'mark', 'reader']"
complimentary,"['compliment', 'compliments', 'comment']"
interview,"['interviewer', 'interest', 'sincere']"
information,"['informational', 'informationhappy', 'informal']"
employment,"['employer', 'payment', 'compliment']"
decision,"['design', 'discussion', 'recognition']"
example,"['sample', 'samples', 'employer']"
declines,"['guidelines', 'line', 'feelings']"
cases,"['case', 'closest', 'cash']"
parties,"['articles', 'prices', 'participates']"
phone,"['one', 'telephone', 'tone']"
general,"['several', 'funeral', 'generous']"
day,"['days', 'today', 'delay']"
receiving,"['receive', 'reducing', 'received']"
engraved,['leave']
third,"['think', 'other', 'heard']"
sent,"['send', 'spend', 'shipment']"
case,"['cases', 'cash', 'close']"
handwritten,"['handwrite', 'written', 'write']"
mailed,"['mail', 'sealed', 'marked']"
e,['re']
formal,"['informal', 'format', 'form']"
words,"['worse', 'work', 'records']"
style,"['type', 'typed', 'title']"
honored,"['phone', 'concerned', 'one']"
thoughtful,"['thought', 'thoughtfullyconsidered', 'delightful']"
youthank,"['thank', 'thanks', 'tank']"
research,"['respect', 'reserves']"
generous,"['general', 'vigorous', 'gracious']"
apology,['apologies']
meet,"['meeting', 'event', 'repeat']"
plan,"['explain', 'place', 'learn']"
support,"['short', 'report']"
enclosing,"['enclose', 'incoming', 'enclosed']"
estimate,"['restate', 'state', 'time']"
telling,"['tell', 'helping', 'feeling']"
graduation,"['congratulations', 'vacation', 'adoption']"
read,"['reader', 'area', 'prepaid']"
celebration,"['accelerating', 'certain', 'vacation']"
parents,"['payments', 'payment', 'parties']"
anniversary,['unnecessary']
it,"['kit', 'list', 'item']"
new,"['renew', 'one', 'few']"
wishes,"['wish', 'issues', 'wide']"
important,"['imperative', 'opportunity']"
hours,"['yours', 'hurt', 'worse']"
agreeable,"['reveal', 'agreement', 'general']"
receive,"['received', 'receiving', 'receipt']"
addition,"['adoption', 'action', 'condition']"
give,"['giver', 'live', 'forgive']"
family,"['familiar', 'mail']"
informational,"['information', 'informationhappy', 'informal']"
materials,"['matter', 'asterisks', 'gatherings']"
love,"['lovely', 'live', 'leave']"
compliments,"['compliment', 'complaints', 'complimentary']"
reference,['reflect']
thought,['thoughtful']
regrets,"['regret', 'reports', 'requests']"
received,"['receive', 'receiving', 'receiveenclosed']"
acknowledge,['acknowledgments']
know,"['knows', 'known']"
sympathy,"['sympathetic', 'match']"
weeks,"['weekly', 'weakens', 'fees']"
order,"['reorder', 'ordered', 'reader']"
acknowledgments,"['acknowledge', 'announcements', 'compliments']"
message,['messages']
expressions,"['expression', 'express', 'expectations']"
need,"['speed', 'wanted', 'sealed']"
appropriate,"['inappropriate', 'appreciate', 'operates']"
sales,"['samples', 'sealed', 'sample']"
payment,"['payments', 'parents', 'employment']"
apologies,"['apology', 'samples']"
gifts,"['gift', 'lists', 'grief']"
hear,"['heard', 'dear', 'bear']"
business,"['kindness', 'using', 'guess']"
payments,"['payment', 'parents', 'employment']"
made,"['make', 'makes', 'reader']"
cards,"['card', 'records', 'cash']"
delay,"['day', 'easy', 'dear']"
gift,"['gifts', 'it', 'grief']"
matter,"['water', 'ter', 'materials']"
birthday,"['birth', 'today']"
congratulations,"['congratulatory', 'graduation', 'contributions']"
reports,"['report', 'regrets', 'records']"
note,"['notes', 'noticed', 'other']"
close,"['enclose', 'closure', 'closest']"
responses,"['response', 'responded', 'respond']"
handled,"['handle', 'handwrite', 'wanted']"
address,"['addresses', 'addressed', 'aggressor']"
follow,"['following', 'flow', 'allow']"
written,"['write', 'handwritten', 'writing']"
report,"['reports', 'repeat', 'regret']"
people,"['example', 'hope']"
routine,"['youin', 'continued', 'obtain']"
item,"['team', 'write', 'white']"
printed,"['write', 'provided', 'irritated']"
copies,"['comes', 'compliments', 'prices']"
samples,"['sample', 'sales', 'simple']"
several,"['reveal', 'general', 'sewer']"
advertisement,"['department', 'agreement']"
short,"['support', 'hurt', 'sorry']"
excuse,"['use', 'exhausted', 'enclose']"
condolence,"['confidence', 'condition', 'conditions']"
announcements,['acknowledgments']
inquiries,"['inquiry', 'require']"
reader,"['read', 'reorder', 'order']"
explain,"['plan', 'expectations', 'lading']"
appreciation,"['appreciate', 'vacation', 'recognition']"
kindness,"['kindnesses', 'kind', 'includes']"
tone,"['one', 'done', 'phone']"
asked,"['ask', 'marked', 'used']"
issue,"['issues', 'sue', 'misspell']"
provide,"['provided', 'providing', 'video']"
department,"['payment', 'parents', 'separate']"
one,"['tone', 'done', 'phone']"
sending,"['send', 'wedding', 'penning']"
complaints,"['compliments', 'compliment', 'company']"
responded,"['respond', 'response', 'responses']"
knows,"['know', 'known', 'notes']"
behalf,"['deal', 'bear']"
hotel,"['tell', 'note', 'hope']"
conditions,"['condition', 'contributions', 'recognition']"
fax,['tax']
most,['utmost']
spend,"['send', 'speed', 'sends']"
mailing,"['remaining', 'mail', 'calling']"
immediate,"['indicate', 'indicates', 'imperative']"
interest,"['interview', 'sincere', 'interviewer']"
organization,"['organizations', 'organize', 'recognition']"
form,"['forms', 'format', 'formal']"
public,['publications']
figure,"['future', 'free']"
messages,"['message', 'sales']"
records,"['reports', 'reorder', 'words']"
keep,['creep']
complicated,"['completed', 'compliment', 'complaints']"
memo,['memories']
mentioned,"['mention', 'entire', 'continued']"
continuing,"['continued', 'contributions', 'thinking']"
comforting,"['comfort', 'incoming', 'choosing']"
taking,"['thinking', 'saying', 'saving']"
shipment,"['sent', 'payment', 'payments']"
construction,"['instructions', 'contributions', 'situation']"
completed,"['complicated', 'compliment', 'compliments']"
customer,"['usto', 'cover', 'comes']"
had,"['heard', 'has', 'handle']"
chance,"['handle', 'choice', 'handled']"
thinking,"['think', 'taking', 'continuing']"
lists,"['list', 'visit', 'issue']"
wanted,"['want', 'water', 'dated']"
today,"['day', 'holiday', 'days']"
glad,['lading']
agreement,"['engagement', 'elements', 'agreeable']"
contracts,"['contacts', 'construction', 'contributions']"
describing,"['decision', 'design', 'escalating']"
situation,"['stationery', 'invitation', 'position']"
résumé,['sum']
qualified,"['gratified', 'life']"
sample,"['samples', 'simple', 'same']"
supplies,"['samples', 'sales']"
lettersdear,"['letters', 'letterwe', 'letter']"
addressed,"['addresses', 'address']"
leave,"['pleased', 'love', 'live']"
overwhelming,"['helping', 'feeling', 'feelings']"
staff,['state']
understanding,"['fundraising', 'responding', 'sending']"
few,['new']
using,"['saying', 'saving', 'sign']"
old,['holiday']
sorry,"['short', 'order']"
regret,"['regrets', 'great', 'report']"
products,"['product', 'project']"
has,"['thanks', 'had', 'ask']"
product,"['products', 'project', 'prompt']"
learn,"['earned', 'plan', 'hearing']"
done,"['one', 'tone', 'phone']"
difficulties,['declines']
past,['repeat']
adjustments,"['payments', 'authentic']"
opportunity,['important']
believe,"['live', 'leave']"
indicate,"['indicates', 'immediate', 'nice']"
fault,"['ful', 'float']"
ordered,"['order', 'reorder', 'required']"
free,"['fees', 'feel', 'renew']"
dear,"['hear', 'deal', 'bear']"
carrier,[]
respect,"['repeat', 'reflect', 'response']"
worse,"['words', 'work', 'more']"
newspaper,[]
choice,"['office', 'copies', 'chance']"
continued,"['continuing', 'mentioned', 'condition']"
services,"['service', 'reserves', 'prices']"
incoming,"['enclosing', 'comforting', 'introducing']"
wish,['wishes']
true,"['trouble', 're']"
makes,"['make', 'marked', 'weakens']"
effect,"['reflect', 'defects', 'respect']"
handle,"['handled', 'handwrite', 'had']"
advice,"['service', 'nice', 'made']"
little,"['title', 'written', 'live']"
excellent,['exceeding']
instructions,"['construction', 'contributions', 'invitations']"
inappropriate,"['appropriate', 'appreciate', 'businessappreciate']"
allow,"['allowing', 'follow', 'flow']"
manner,"['matter', 'answer', 'mark']"
gracious,"['graciousness', 'generous', 'group']"
typed,"['type', 'stamped', 'outpaced']"
blanks,"['thanks', 'tank', 'plan']"
days,"['day', 'today', 'ideas']"
hope,"['phone', 'hotel', 'copies']"
responding,"['respond', 'responded', 'resolving']"
design,"['sign', 'decision', 'describing']"
calling,"['allowing', 'call', 'telling']"
ter,"['water', 'other', 'try']"
issues,"['issue', 'wishes', 'sue']"
hearing,"['sharing', 'rewarding', 'hear']"
type,"['typed', 'style']"
visit,"['list', 'lists', 'first']"
concern,"['concerned', 'cover', 'consider']"
satisfaction,"['situation', 'action', 'stationery']"
line,"['live', 'like', 'life']"
closest,"['close', 'enclose', 'closure']"
bill,[]
re,"['true', 'read', 'more']"
settlement,"['elements', 'agreement', 'supplementary']"
obtain,"['taking', 'routine', 'certain']"
think,"['thank', 'thinking', 'thanks']"
grateful,"['grief', 'great']"
going,"['touching', 'incoming', 'donating']"
feel,"['free', 'fees', 'feeling']"
noticed,"['note', 'nice', 'outpaced']"
useful,"['use', 'ful', 'used']"
own,"['known', 'thrown', 'one']"
consider,"['confidence', 'concern', 'order']"
like,"['live', 'line', 'life']"
put,['product']
numbers,"['number', 'names']"
program,"['prompt', 'pro']"
certain,"['celebration', 'accelerating', 'reception']"
took,"['look', 'book', 'stock']"
concerned,"['concern', 'earned', 'continued']"
hurt,"['short', 'hours']"
following,"['allowing', 'follow', 'forwarding']"
giver,"['give', 'live', 'forgive']"
confidence,"['condolence', 'consider', 'continued']"
gratitude,['gratified']
compliment,"['compliments', 'complimentary', 'comment']"
said,"['avoid', 'sealed', 'saying']"
names,"['name', 'samples', 'same']"
child,"['children', 'while', 'third']"
money,"['one', 'tone', 'more']"
recipient,"['receipt', 'repeat', 'compliment']"
indicates,"['indicate', 'invoices', 'immediate']"
service,"['services', 'reserves', 'surveillance']"
choosing,"['enclosing', 'comforting', 'touching']"
ideas,"['wide', 'easy', 'dear']"
forgive,"['give', 'organize', 'giver']"
affairs,['first']
life,"['live', 'line', 'like']"
feeling,"['feelings', 'feel', 'telling']"
card,"['cards', 'heard', 'marked']"
memories,"['more', 'memo', 'services']"
live,"['love', 'line', 'like']"
commercial,['materials']
association,"['vacation', 'action', 'situation']"
notes,"['note', 'noticed', 'operates']"
bar,"['bear', 'bat']"
personalized,"['personal', 'person', 'provided']"
envelope,"['enclose', 'enclosed']"
postage,['state']
mark,"['remark', 'marked', 'make']"
individual,[]
sends,"['send', 'spend', 'second']"
books,"['book', 'took', 'look']"
prompt,"['promote', 'twainprompt', 'pro']"
lovely,"['love', 'live']"
bear,"['bar', 'hear', 'dear']"
second,"['send', 'spend', 'sends']"
separate,"['parties', 'department', 'operates']"
comfort,"['comforting', 'color', 'format']"
birth,"['birthday', 'first']"
baby,[]
engagement,"['agreement', 'elements', 'settlement']"
event,"['events', 'sent', 'meet']"
known,"['know', 'knows', 'own']"
space,"['place', 'same', 'separate']"
attend,"['dated', 'wanted', 'matter']"
adoption,"['addition', 'action', 'graduation']"
includes,"['include', 'kindness', 'invoices']"
prices,"['parties', 'services', 'articles']"
forms,"['form', 'format', 'formal']"
funeral,"['general', 'formal', 'ful']"
wide,"['write', 'white', 'while']"
white,"['write', 'while', 'written']"
matching,"['match', 'touching', 'meeting']"
acquisition,"['action', 'questions', 'association']"
area,"['read', 're', 'large']"
vacation,"['action', 'association', 'appreciation']"
friendship,['friendships']
toll,"['tell', 'follow']"
sign,"['design', 'using', 'saying']"
easy,"['ideas', 'delay']"
pregnant,"['parents', 'great']"
dated,"['date', 'drafted', 'wanted']"
fees,"['free', 'feel', 'weeks']"
flyers,"['letters', 'fees']"
remarks,"['remark', 'mark', 'makes']"
comment,"['compliment', 'compliments', 'ofmeant']"
incident,"['include', 'incoming', 'includes']"
original,[]
occurred,"['occur', 'ordered', 'brochure']"
entire,"['mentioned', 'entail', 'require']"
delightful,"['delighted', 'thoughtful']"
expected,"['respect', 'speed', 'expectations']"
familiar,['family']
discussion,"['decision', 'discounts']"
yours,"['hours', 'youin', 'worse']"
employer,"['employment', 'example', 'reply']"
cover,"['coverwant', 'love', 'concern']"
match,"['matching', 'attach', 'sympathy']"
publications,"['public', 'expectations', 'invitations']"
project,"['product', 'products', 'prompt']"
comes,"['copies', 'comment', 'closest']"
organizations,"['organization', 'conditions', 'recognition']"
title,"['little', 'time', 'item']"
require,"['required', 'request', 'requests']"
color,"['compulsory', 'comfort', 'closure']"
heard,"['hear', 'had', 'earned']"
occur,"['occurred', 'brochure', 'yours']"
broad,"['brand', 'read']"
team,['item']
enclose,"['enclosed', 'close', 'enclosing']"
contacts,"['contracts', 'construction']"
video,"['wide', 'provide', 'provided']"
sincere,"['interest', 'interview', 'concerned']"
trouble,['true']
recognition,"['condition', 'conditions', 'reception']"
efficiency,"['office', 'effect']"
reflect,"['effect', 'respect', 'defects']"
category,['water']
nonprofit,[]
addresses,"['addressed', 'address', 'responses']"
sympathetic,"['sympathy', 'authentic']"
goods,"['good', 'vigorous', 'words']"
brochure,"['brochures', 'occurred', 'occur']"
feelings,"['feeling', 'telling', 'meeting']"
beautiful,[]
touching,"['matching', 'introducing', 'touched']"
holiday,"['today', 'old', 'day']"
fundraising,"['understanding', 'using', 'remaining']"
stamped,"['sample', 'same', 'samples']"
optimistic,[]
saving,"['saying', 'sharing', 'using']"
weekly,"['weeks', 'feel']"
sum,"['sue', 'résumé']"
providing,"['provide', 'provided', 'resolving']"
demand,"['earned', 'send', 'read']"
reducing,"['introducing', 'rewarding', 'receiving']"
local,"['call', 'cocktail', 'float']"
sue,"['issue', 'use', 'sum']"
agencies,"['acceptances', 'generous', 'declines']"
invoices,"['indicates', 'noticed', 'nice']"
emotional,"['informational', 'mention', 'recognition']"
aim,[]
resolving,"['responding', 'saving', 'receiving']"
asterisks,"['materials', 'gatherings']"
bullets,"['guests', 'budget', 'let']"
speed,"['spend', 'see', 'sealed']"
guests,"['guess', 'requests', 'questions']"
defects,"['effect', 'reflect', 'events']"
condition,"['conditions', 'recognition', 'contributions']"
mitzvah,[]
born,['brand']
disability,['impossibility']
hospital,"['hospitality', 'special', 'hotel']"
drink,['think']
guess,"['guests', 'requests', 'business']"
burdens,"['brochures', 'budget']"
devastated,"['restate', 'state', 'evaluate']"
reveal,"['several', 'repeat', 'agreeable']"
impressive,"['imperative', 'expression']"
expectations,"['expressions', 'publications', 'appreciation']"
flattering,"['gatherings', 'matter', 'letter']"
vigorous,"['gracious', 'generous', 'group']"
organize,"['organization', 'organizations', 'forgive']"
submitting,['situation']
cash,"['case', 'cases', 'cards']"
bids,"['bid', 'ideas']"
purposes,"['responses', 'proposal']"
remaining,"['mailing', 'rewarding', 'receiving']"
brochures,"['brochure', 'burdens']"
catalogs,['close']
evaluate,"['devastated', 'separate']"
budget,"['burdens', 'bullets', 'best']"
water,"['ter', 'wanted', 'matter']"
range,"['organize', 'large', 'inane']"
provided,"['provide', 'providing', 'privileged']"
flow,"['follow', 'float', 'allow']"
allowing,"['following', 'calling', 'allow']"
discounts,['discussion']
sharing,"['hearing', 'saying', 'saving']"
introducing,"['touching', 'reducing', 'instructions']"
nice,"['noticed', 'invoices', 'indicate']"
articles,"['parties', 'prices', 'participates']"
cheer,"['hear', 'sewer', 'other']"
political,[]
letterwriters,"['letterwe', 'letters', 'letterappreciate']"
sewer,"['see', 'answer', 'several']"
forwarded,"['forwarding', 'ordered']"
forwarding,"['rewarding', 'forwarded', 'following']"
encouraging,"['enclosing', 'incoming']"
irritated,"['inappropriate', 'written', 'restate']"
rewarding,"['forwarding', 'hearing', 'reducing']"
brand,"['broad', 'read', 'born']"
unnecessary,"['anniversary', 'secretary']"
restate,"['state', 'estimate', 'devastated']"
appeals,['materials']
creep,"['receipt', 'keep', 'free']"
involve,['invoices']
sealed,"['speed', 'sales', 'see']"
checklist,"['check', 'list']"
offensive,['office']
elements,"['settlement', 'events', 'agreement']"
pro,"['prompt', 'person', 'provide']"
promote,"['prompt', 'pro']"
inane,"['name', 'line', 'inwe']"
cassette,"['case', 'state', 'cases']"
hospitality,['hospital']
cocktail,['local']
while,"['white', 'wide', 'children']"
techniques,[]
gatherings,"['hearing', 'flattering', 'matching']"
accepts,"['accept', 'acceptances']"
bat,['bar']
sponsoring,"['responding', 'comforting']"
accommodations,"['conditions', 'vacation', 'condition']"
attach,['match']
prepaid,"['read', 'repeat', 'reader']"
kit,['it']
helping,"['help', 'telling', 'hearing']"
kindnesses,"['kindness', 'addresses', 'issues']"
interviewer,"['interview', 'interest']"
vendors,"['sends', 'events']"
tank,"['thank', 'thanks', 'take']"
gratified,"['qualified', 'gratitude', 'drafted']"
twainprompt,['prompt']
drafted,"['dated', 'date', 'irritated']"
authentic,"['sympathetic', 'attentionas', 'adjustments']"
straightforward,[]
misspell,['issue']
weakens,"['weeks', 'makes', 'events']"
uninformed,['informal']
impossibility,"['disability', 'possible']"
plenty,"['let', 'supplementary', 'complimentary']"
unparalleled,[]
utmost,"['most', 'usto']"
forerunners,[]
supplementary,"['complimentary', 'secretary', 'plenty']"
distributor,['instructions']
renew,"['new', 'free', 'response']"
conventions,"['conditions', 'condition', 'mention']"
mirror,['more']
tuck,['stock']
donating,"['continuing', 'matching', 'adoption']"
participates,"['parties', 'articles', 'prices']"
graciousness,"['gracious', 'business']"
aggressor,['address']
lifelong,"['life', 'feeling', 'feelings']"
friendships,['friendship']
entail,"['essential', 'entire', 'mention']"
grief,"['brief', 'give', 'gift']"
thrown,"['own', 'how', 'tone']"
touched,"['touching', 'outpaced']"
penning,"['sending', 'remaining', 'enclosing']"
conceivable,['concerned']
reorder,"['order', 'reader', 'records']"
wordsacknowledgeappreciateconfirmenclosedfeedbackgratefulinformnotifyregardingrespondreturnsendphrasesaccording,[]
letterappreciate,"['appreciate', 'letterwriters', 'businessappreciate']"
businessappreciate,"['appreciate', 'letterappreciate', 'inappropriate']"
attentionas,"['mention', 'conventions', 'questions']"
lettertodelighted,"['delighted', 'letterappreciate', 'letterwriters']"
receiveenclosed,"['received', 'enclosed', 'receive']"
findfor,"['find', 'informal']"
informationhappy,"['informational', 'information']"
youin,"['routine', 'youthank', 'touching']"
ofmeant,"['comment', 'coverwant', 'format']"
mepleased,"['pleased', 'pleasure', 'completed']"
usto,"['stock', 'customer', 'questions']"
knowaboutunder,[]
coverwant,"['cover', 'ofmeant', 'concern']"
letterwe,"['letter', 'letters', 'letterwriters']"
inwe,"['line', 'inane', 'answer']"
thoughtfullyconsidered,['thoughtful']
letteryour,"['letter', 'letters', 'letterwe']"
ful,"['fault', 'useful', 'funeral']"
surveillance,"['service', 'services']"
closure,"['close', 'enclose', 'closest']"
snack,"['stock', 'space']"
vineyards,[]
lading,"['taking', 'saying', 'saving']"
outpaced,"['touched', 'noticed', 'typed']"
float,"['format', 'flow', 'local']"
accelerating,"['celebration', 'escalating', 'meeting']"
escalating,"['calling', 'accelerating', 'resolving']"
pallbearer,['pleasure']
exhausted,"['requested', 'excuse', 'devastated']"
reserves,"['services', 'service', 'regrets']"
operates,"['parties', 'imperative', 'appropriate']"
exceeding,"['receiving', 'excellent', 'wedding']"
privilege,"['privileged', 'provide']"
privileged,"['privilege', 'provided']"
earned,"['learn', 'heard', 'wanted']"
