invitation,"['invitations', 'irritating', 'maintain']"
accept,"['acceptance', 'crept', 'act']"
say,"['stray', 'way', 'saying']"
reply,"['rep', 'real', 'friendly']"
pleasure,"['leisure', 'pleas', 'sure']"
person,"['personal', 'reason', 'personalized']"
write,"['written', 'wrote', 'white']"
acceptance,"['accept', 'chance', 'importance']"
other,"['others', 'othersin', 'foster']"
letter,"['letters', 'latter', 'getter']"
first,"['firms', 'fit', 'finest']"
invitations,"['invitation', 'implications', 'irritating']"
see,"['serve', 'sense', 'use']"
have,"['save', 'ideahave', 'heavy']"
offer,"['offers', 'offered', 'offering']"
details,"['detailed', 'derail', 'detailsgives']"
date,"['dates', 'sedate', 'rate']"
company,"['companies', 'many', 'copy']"
name,"['names', 'aimed', 'sample']"
questions,"['question', 'questionnaire', 'testimonials']"
able,"['gamble', 'sale', 'sizable']"
look,"['lock', 'hook', 'book']"
delighted,"['designed', 'weight', 'limited']"
enclosed,"['enclosure', 'enclosures', 'enclosing']"
want,"['water', 'waste', 'giant']"
meeting,"['marketing', 'getting', 'evening']"
job,[]
do,"['o', 'done', 'does']"
time,"['times', 'tie', 'timeof']"
working,"['boring', 'work', 'walking']"
how,"['show', 'throw', 'teehow']"
use,"['user', 'usage', 'touse']"
tell,"['toll', 'sell', 'telling']"
asking,"['taking', 'making', 'skin']"
week,['weekend']
call,"['calls', 'calling', 'small']"
help,['health']
come,"['become', 'home', 'welcome']"
sure,"['ure', 'leisure', 'store']"
repeat,"['great', 'crept', 'respec']"
part,"['past', 'start', 'smart']"
take,"['takes', 'taken', 'make']"
evening,"['sending', 'opening', 'meeting']"
good,"['gold', 'goodwill']"
send,"['spend', 'second', 'tend']"
answer,"['answered', 'wear', 'user']"
word,"['words', 'worked', 'work']"
state,"['start', 'estimate', 'sedate']"
add,"['added', 'headed', 'aid']"
personal,"['person', 'personalized', 'interpersonal']"
mail,"['main', 'mailing', 'mailers']"
respond,"['responding', 'response', 'reason']"
include,"['includes', 'including', 'enclosure']"
telephone,"['teehow', 'tedone', 'television']"
number,"['numerous', 'member', 'members']"
check,['checking']
ask,"['asks', 'asked', 'has']"
stationery,"['story', 'state', 'salutations']"
format,"['form', 'information', 'former']"
children,"['child', 'clean', 'china']"
thank,"['think', 'take', 'bank']"
great,"['get', 'repeat', 'create']"
requested,"['request', 'requires', 'require']"
appreciate,"['appreciation', 'appreciatepride', 'appropriate']"
year,"['years', 'wear', 'fear']"
response,"['responses', 'respond', 'reasons']"
next,"['extra', 'excit', 'finest']"
month,"['moment', 'most', 'worth']"
work,"['worked', 'word', 'working']"
much,"['such', 'backmuch']"
best,"['test', 'least', 'beads']"
book,"['books', 'look', 'hook']"
gives,"['give', 'lives', 'given']"
thousands,"['tounder', 'outstanding']"
way,"['say', 'pay', 'day']"
request,"['requested', 'requires', 'require']"
letters,"['letter', 'latter', 'getter']"
results,"['relates', 'pricesbuilt', 'resembles']"
find,"['friend', 'fine', 'kinds']"
place,"['space', 'peace', 'page']"
membership,"['members', 'member', 'ownership']"
offers,"['offer', 'offered', 'differs']"
workshop,"['work', 'worth', 'words']"
nature,"['signature', 'miniature', 'feature']"
particular,"['spectacular', 'spectaculars', 'practical']"
needs,"['need', 'ones', 'invested']"
tax,[]
home,"['come', 'house', 'scheme']"
equipment,"['shipment', 'recipient', 'excitement']"
list,"['lists', 'enlist', 'lost']"
group,"['soup', 'gracious', 'generous']"
future,"['feature', 'features', 'ure']"
action,"['fraction', 'acting', 'ambition']"
avoid,"['youavoid', 'aid', 'said']"
busy,"['buy', 'buyer', 'bonus']"
manage,"['management', 'making', 'images']"
simple,"['sample', 'samples', 'single']"
better,"['letter', 'getter', 'letters']"
possible,"['possibilities', 'sizable', 'susceptible']"
late,"['later', 'latter', 'latest']"
deal,"['derail', 'real', 'idea']"
usage,"['use', 'user', 'save']"
idea,"['side', 'deal', 'video']"
make,"['makes', 'market', 'take']"
sentence,"['entice', 'thesesentencesat', 'sent']"
saying,"['paying', 'savings', 'using']"
more,"['move', 'store', 'smoke']"
special,"['thatspecial', 'specialmany', 'social']"
offered,"['offer', 'offers', 'ordered']"
interview,"['internet', 'interest', 'invite']"
information,"['informational', 'fraction', 'format']"
goodwill,['good']
advantages,"['advantage', 'dates', 'advanced']"
decision,"['design', 'dimension', 'television']"
example,"['sample', 'samples', 'simple']"
wear,"['year', 'fear', 'years']"
general,"['generate', 'generated', 'several']"
day,"['days', 'today', 'delay']"
sent,"['set', 'scents', 'send']"
case,"['care', 'waste', 'purchase']"
e,[]
words,"['word', 'worked', 'orders']"
join,"['tojoin', 'point', 'in']"
research,"['reach', 'respec', 'preach']"
generous,"['numerous', 'serious', 'greenhouse']"
enclosing,"['enclosed', 'including', 'enclosure']"
estimate,"['state', 'intimate', 'time']"
room,"['proof', 'prompt']"
complete,"['computer', 'complicated', 'complements']"
telling,"['selling', 'tell', 'talking']"
liked,"['like', 'likes', 'line']"
night,"['right', 'midnight', 'weight']"
become,"['come', 'welcome', 'home']"
including,"['include', 'includes', 'inciting']"
read,"['reader', 'real', 'area']"
attention,"['action', 'emotion', 'edition']"
it,"['fit', 't', 'list']"
new,[]
strategies,"['state', 'rates', 'strongest']"
enjoyed,"['enjoy', 'enjoyment', 'enjoyable']"
important,"['importance', 'opportunity']"
community,"['common', 'columnist', 'company']"
hours,"['yours', 'house', 'course']"
last,"['least', 'latest', 'past']"
receive,"['received', 'revived', 'prospective']"
standard,"['stand', 'standout', 'start']"
benefits,"['benefit', 'fits', 'units']"
give,"['gives', 'given', 'negative']"
possibilities,"['possible', 'priorities']"
family,"['familiar', 'ability', 'mail']"
suggest,"['strongest', 'urgent', 'budget']"
informational,"['information', 'traditional', 'sensational']"
set,"['sent', 'use', 'select']"
appointment,"['intent', 'apartment', 'appropriate']"
love,"['move', 'lose', 'novel']"
reference,"['difference', 'carefree', 'experienced']"
thought,"['thorough', 'bought']"
students,"['studies', 'scents', 'sent']"
enjoy,"['enjoyed', 'enjoywith', 'enjoyment']"
received,"['receive', 'revived', 'removed']"
know,"['knows', 'unknown', 'knowing']"
sympathy,['smart']
order,"['orders', 'ordered', 'orderone']"
orders,"['order', 'readers', 'ordered']"
confirm,"['firm', 'firms', 'consider']"
morning,"['moving', 'boring', 'working']"
message,"['messages', 'mess', 'usage']"
contact,"['concrete', 'act']"
need,"['needs', 'invested', 'indented']"
appropriate,"['appreciate', 'appointment', 'approach']"
sales,"['sale', 'samples', 'sample']"
payment,"['payments', 'apartment', 'shipment']"
apologies,['samples']
gifts,"['gift', 'kits', 'gets']"
conversation,"['versatile', 'operationone', 'congratulations']"
previous,"['serious', 'preview', 'premium']"
business,"['businesses', 'nonbusiness', 'businesslike']"
payments,"['payment', 'apartment', 'pays']"
cards,"['card', 'postcards', 'rewards']"
skin,"['asking', 'sign', 'using']"
delay,"['delayed', 'day', 'idea']"
gift,"['gifts', 'it', 'giant']"
matter,"['latter', 'battery', 'water']"
congratulations,"['conversation', 'salutations', 'invitations']"
reports,"['rors', 'records', 'response']"
responses,"['response', 'respond', 'reasons']"
serious,"['mysterious', 'series', 'periods']"
follow,"['youlow', 'yellow', 'low']"
written,"['write', 'wrote', 'withtake']"
necessary,['unnecessary']
people,"['popular', 'example', 'pool']"
item,"['items', 'term', 'write']"
numerous,"['humorous', 'generous', 'number']"
samples,"['sample', 'sales', 'simple']"
several,"['general', 'serve', 'level']"
get,"['gets', 'great', 'urgent']"
reach,"['preach', 'research', 'real']"
different,"['difference', 'differs', 'direct']"
advertisement,"['advertising', 'endorsement', 'advancement']"
arrange,"['warrantedget', 'average', 'warranties']"
short,"['shorter', 'show', 'worth']"
is,"['dis', 'risk', 'miss']"
serve,"['service', 'services', 'see']"
present,"['sent', 'percent', 'representative']"
additional,"['traditional', 'edition', 'sensational']"
announcements,"['advancement', 'endorsements', 'management']"
inquiries,"['requires', 'inspires', 'require']"
dates,"['date', 'rates', 'sedate']"
reservation,"['preparation', 'reputation', 'repetition']"
describe,"['describes', 'descriptive', 'desire']"
reader,"['readers', 'read', 'order']"
explain,"['relating', 'pleasing', 'planning']"
appreciation,"['appreciate', 'appreciatepride', 'preparation']"
negative,"['active', 'give', 'insensitive']"
tone,"['tedone', 'ones', 'done']"
talking,"['taking', 'walking', 'making']"
thing,"['things', 'think', 'touching']"
items,"['item', 'terms', 'tempts']"
asked,"['ask', 'take', 'send']"
asks,"['ask', 'pass', 'mass']"
issue,"['missed', 'sure', 'miss']"
provide,"['pride', 'preview', 'improve']"
unusual,['useful']
sending,"['send', 'signing', 'selling']"
customers,"['customer', 'customersperfect', 'designcustomer']"
suppliers,"['supplies', 'supply', 'papers']"
knows,"['know', 'unknown', 'knowing']"
offering,"['offer', 'offers', 'boring']"
changes,"['chance', 'machines', 'purchases']"
length,"['client', 'leather', 'sent']"
price,"['prices', 'priced', 'pride']"
pool,"['tool', 'poor', 'tools']"
most,"['lost', 'cost', 'month']"
spend,"['send', 'second', 'opened']"
mailing,"['mailings', 'making', 'filing']"
immediate,"['sedate', 'limited', 'date']"
interest,"['interests', 'internet', 'interesting']"
organization,"['organize', 'obligation', 'traditional']"
form,"['former', 'format', 'firm']"
inspires,"['inquiries', 'supplies', 'interest']"
many,"['main', 'company', 'money']"
messages,"['message', 'images', 'mess']"
unknown,"['know', 'knowing', 'knows']"
records,"['rors', 'seconds', 'rewards']"
hard,"['hair', 'card', 'heads']"
complicated,"['complete', 'compared', 'sophisticated']"
members,"['member', 'membership', 'resembles']"
taking,"['talking', 'making', 'asking']"
shipment,"['equipment', 'sent', 'segment']"
catalog,"['capital', 'actual']"
current,"['urgent', 'correct', 'crept']"
customer,"['customers', 'designcustomer', 'user']"
preparation,"['reputation', 'expiration', 'reservation']"
knowing,"['knowingif', 'know', 'unknown']"
making,"['taking', 'asking', 'marketing']"
chance,"['changes', 'handle', 'choice']"
bring,"['boring', 'ing', 'big']"
lists,"['list', 'enlist', 'miss']"
today,"['todayour', 'day', 'told']"
agreement,"['management', 'elements', 'apartment']"
inserting,"['interesting', 'listing', 'generating']"
rate,"['rates', 'create', 'late']"
long,"['salon', 'going', 'enclosing']"
store,"['story', 'histories', 'tone']"
embarrassment,['management']
experienced,"['priced', 'reference', 'expertise']"
means,"['reasons', 'mess', 'mass']"
sample,"['samples', 'simple', 'sale']"
supplies,"['suppliers', 'supply', 'studies']"
others,"['other', 'othersin', 'terms']"
overwhelming,"['relating', 'offering']"
papers,"['appears', 'patterns', 'suppliers']"
staff,"['stuff', 'safe', 'stray']"
expect,"['unexpected', 'excit', 'select']"
supply,"['withsupply', 'supplies', 'suppliers']"
expense,"['extensive', 'expertise', 'sense']"
extra,"['next', 'central', 'trial']"
key,['eachkey']
begin,"['began', 'bargain', 'going']"
using,"['ing', 'single', 'saying']"
old,"['told', 'sold', 'hold']"
up,"['soup', 'p']"
sorry,"['worry', 'story', 'worryno']"
claims,"['class', 'clarity', 'clarify']"
correct,"['correctness', 'current', 'crept']"
refund,"['found', 'return', 'remind']"
products,"['product', 'projects', 'profits']"
has,"['heads', 'ask', 'phrases']"
discount,"['discounts', 'account', 'discreet']"
product,"['products', 'proud', 'projects']"
learn,"['clean', 'year', 'wear']"
quality,"['qual', 'ability', 'qualityprompt']"
full,"['bull', 'useful', 'follow']"
done,"['tedone', 'tone', 'ones']"
credit,"['craftedfit', 'crept', 'credibility']"
years,"['year', 'yearssee', 'buyers']"
past,"['pays', 'pass', 'part']"
only,"['money', 'costly']"
opportunity,"['opportunityurge', 'opportunitytake', 'opposite']"
such,"['much', 'scheme']"
satisfy,"['satisfied', 'satisfaction', 'statistic']"
terms,"['term', 'items', 'tempts']"
care,"['case', 'card', 'area']"
high,"['higher', 'thing', 'right']"
voice,"['choice', 'advice', 'service']"
coupon,"['coupons', 'youone', 'common']"
appeal,"['appeals', 'appealing', 'appears']"
problems,"['trouble', 'projects', 'programs']"
companies,"['company', 'comparison', 'compared']"
small,"['sell', 'sale', 'mail']"
return,"['turn', 'refund', 'reassuring']"
difference,"['different', 'differenceeasier', 'reference']"
ordered,"['order', 'orderone', 'orders']"
free,"['fee', 'feel', 'carefree']"
account,"['discount', 'discounts', 'community']"
appears,"['appeals', 'papers', 'appeal']"
reputation,"['repetition', 'preparation', 'quotation']"
powerful,"['powerfulat', 'power', 'colorful']"
tool,"['tools', 'toll', 'told']"
maintain,"['waiting', 'main', 'mailing']"
sell,"['sells', 'seller', 'tell']"
choice,"['voice', 'convince', 'convinced']"
loyalty,['local']
services,"['service', 'series', 'servicemost']"
lose,"['losses', 'love', 'lost']"
focus,"['focused', 'yours', 'touse']"
latter,"['later', 'matter', 'letter']"
delayed,"['delay', 'detailed', 'delighted']"
power,"['powerful', 'owe', 'wear']"
adequate,"['date', 'moderate', 'evaluate']"
computer,"['computerized', 'complete', 'cute']"
human,"['many', 'main', 'thank']"
things,"['thing', 'strings', 'think']"
makes,"['make', 'takes', 'marks']"
big,"['bring', 'ing', 'buying']"
favor,"['factor', 'form', 'fear']"
least,"['last', 'pleas', 'leads']"
friendly,"['friend', 'find', 'tried']"
leads,"['pleas', 'least', 'heads']"
approach,"['approachreward', 'preach', 'appropriate']"
specific,"['specifies', 'special']"
active,"['attractive', 'adjectives', 'negative']"
fear,"['year', 'wear', 'feature']"
advantage,"['advantages', 'advanced', 'manage']"
businesses,"['business', 'businesslike', 'nonbusiness']"
pay,"['pays', 'way', 'say']"
reduced,"['introduced', 'pricedreduced', 'redeemed']"
handle,"['chance', 'changes', 'sale']"
similar,"['smart', 'familiar', 'simple']"
advice,"['devices', 'voice', 'audience']"
built,"['bull', 'ability', 'pricesbuilt']"
satisfied,"['satisfy', 'statistic', 'satisfaction']"
question,"['questions', 'questionnaire', 'quotation']"
right,"['night', 'weight', 'high']"
benefit,"['benefits', 'enlist', 'fit']"
assign,"['sign', 'assuming', 'design']"
cost,"['costs', 'costly', 'most']"
purchase,"['purchases', 'phrases', 'case']"
gracious,"['serious', 'previous', 'graphics']"
firm,"['firms', 'form', 'confirm']"
point,"['points', 'print', 'prints']"
sense,"['see', 'scents', 'sent']"
consistent,"['confident', 'convenient', 'consider']"
describes,"['describe', 'descriptive', 'series']"
typed,"['type', 'tend', 'tried']"
size,"['side', 'sizable', 'emphasize']"
blanks,"['bank', 'last', 'inks']"
copy,"['coy', 'company', 'coupon']"
missing,"['rising', 'miss', 'mailing']"
giving,"['going', 'given', 'timing']"
days,"['day', 'pays', 'today']"
carry,"['careready', 'clarity', 'clarify']"
print,"['prints', 'point', 'points']"
colored,"['tailored', 'enclosed', 'compared']"
safety,"['safe', 'set', 'say']"
feature,"['features', 'nature', 'future']"
fits,"['fit', 'kits', 'profits']"
taken,"['take', 'takes', 'taking']"
responding,"['respond', 'respondright', 'sending']"
design,"['designed', 'sign', 'designall']"
calling,"['call', 'walking', 'telling']"
reading,"['relating', 'read', 'sending']"
shipping,"['shopping', 'signing', 'hitting']"
back,"['bank', 'basic', 'backmuch']"
type,"['typed', 'typing']"
given,"['give', 'gives', 'giving']"
page,"['postage', 'usage', 'space']"
costs,"['cost', 'costly', 'thecost']"
appealing,"['appeal', 'appeals', 'pleasing']"
reason,"['reasons', 'respond', 'response']"
visit,"['list', 'vivid', 'lists']"
satisfaction,"['dependablesatisfaction', 'fraction', 'salutations']"
procedures,"['brochures', 'requires', 'products']"
line,"['lines', 'like', 'life']"
limited,"['limit', 'liked', 'aimed']"
times,"['time', 'tie', 'timeof']"
weight,"['right', 'night', 'delighted']"
obtain,"['train', 'taking', 'quotation']"
insurance,"['importance', 'leisure', 'sure']"
fact,"['act', 'factor', 'factors']"
think,"['thing', 'thank', 'things']"
going,"['growing', 'ing', 'moving']"
friend,"['friendly', 'find', 'tried']"
feel,"['fee', 'free', 'level']"
college,"['complete', 'clever']"
useful,"['use', 'successful', 'unusual']"
own,"['won', 'owe', 'low']"
consider,"['confident', 'tounder', 'side']"
r,[]
like,"['likes', 'liked', 'line']"
term,"['terms', 'item', 'water']"
habit,"['hair', 'ability', 'ambition']"
open,"['opened', 'opening', 'spend']"
course,"['yours', 'touse', 'house']"
wrote,"['write', 'written', 'rate']"
getting,"['meeting', 'hitting', 'generating']"
client,"['clean', 'scents', 'recipient']"
certain,"['train', 'clean', 'conversation']"
t,['it']
building,"['filing', 'buying', 'including']"
kinds,"['skin', 'kits', 'inks']"
available,"['availableno', 'applicable', 'sizable']"
confidence,"['confidencehow', 'confident', 'convince']"
found,"['fun', 'refund', 'tounder']"
patronizing,"['astonishing', 'emphasizing', 'striking']"
said,"['aid', 'side', 'paid']"
names,"['name', 'samples', 'ones']"
low,"['youlow', 'yellow', 'own']"
step,"['stepsso', 'waste', 'store']"
health,"['healthcare', 'leather', 'real']"
child,"['children', 'hold', 'china']"
money,"['tone', 'only', 'ones']"
significant,"['signing', 'inefficient', 'giant']"
emphasize,"['emphasized', 'emphasizing', 'phrases']"
recipient,"['repeat', 'equipment', 'client']"
create,"['rate', 'relates', 'rates']"
social,"['special', 'spoil', 'local']"
p,['up']
h,[]
convinced,"['convince', 'convenience', 'convincing']"
technical,"['economical', 'potential', 'techniques']"
management,"['manage', 'agreement', 'advancement']"
waiting,"['acting', 'walking', 'mailing']"
schedule,['scheme']
interpersonal,"['personal', 'interesting', 'interest']"
service,"['services', 'serve', 'servicemost']"
convenient,"['convenience', 'convenienceas', 'confident']"
early,"['year', 'wear', 'real']"
drive,"['revived', 'receive', 'give']"
takes,"['take', 'taken', 'makes']"
improve,"['improved', 'move', 'provide']"
readers,"['reader', 'orders', 'read']"
studies,"['students', 'times', 'supplies']"
increase,"['create', 'incredible', 'incarefree']"
less,"['mess', 'sales', 'pleas']"
side,"['size', 'said', 'idea']"
effective,"['executive', 'executives', 'active']"
proud,"['provide', 'product', 'periods']"
told,"['old', 'tool', 'toll']"
life,"['line', 'like', 'lives']"
house,"['touse', 'hours', 'use']"
reasons,"['reason', 'response', 'responses']"
move,"['more', 'love', 'removed']"
card,"['cards', 'hard', 'care']"
miss,"['missed', 'mess', 'mass']"
commercial,"['material', 'social', 'economical']"
act,"['fact', 'factor', 'aspect']"
choose,"['chooseno', 'house', 'course']"
lost,"['most', 'lose', 'list']"
outstanding,"['selleroutstanding', 'outstandingquality', 'tanning']"
marks,"['makes', 'market', 'mass']"
attractive,"['attracted', 'active', 'warranties']"
notes,"['others', 'test', 'ones']"
signature,"['nature', 'miniature', 'ignore']"
added,"['add', 'headed', 'advanced']"
anecdote,"['standout', 'notes']"
focused,"['focus', 'touse', 'house']"
member,"['members', 'membership', 'number']"
clever,"['level', 'cover', 'letter']"
personalized,"['personal', 'personalityfast', 'person']"
quotation,"['quoting', 'reputation', 'question']"
envelope,"['envelopes', 'develop', 'developing']"
postage,"['page', 'usage', 'state']"
postcards,"['cards', 'postpaid', 'postage']"
photographs,"['lithographs', 'paragraphs', 'programs']"
internet,"['interest', 'intent', 'interests']"
marketing,"['market', 'making', 'meeting']"
points,"['point', 'prints', 'profits']"
books,"['book', 'booths', 'look']"
worry,"['worryno', 'sorry', 'work']"
prompt,"['promoting', 'qualityprompt', 'promotions']"
hair,"['hard', 'habit', 'higher']"
class,"['claims', 'pass', 'mass']"
paid,"['aid', 'said', 'prepaid']"
success,"['successful', 'scents']"
successful,"['success', 'useful']"
second,"['seconds', 'send', 'spend']"
comfort,"['format', 'forget', 'common']"
opening,"['open', 'sending', 'morning']"
space,"['place', 'peace', 'save']"
paragraph,"['paragraphs', 'photographs']"
fee,"['free', 'feel', 'see']"
includes,"['include', 'including', 'enclosures']"
executives,"['executive', 'effective', 'adjectives']"
traditional,"['additional', 'tounconditional', 'edition']"
prices,"['price', 'priced', 'pride']"
waste,"['water', 'want', 'step']"
executive,"['executives', 'effective', 'extensive']"
former,"['form', 'farmers', 'order']"
designed,"['design', 'desire', 'designall']"
obvious,"['previous', 'bonus']"
single,"['using', 'simple', 'saying']"
welcome,"['become', 'come']"
listing,"['lifting', 'rising', 'inserting']"
common,"['coupon', 'community', 'column']"
obligation,"['obligate', 'organization', 'implications']"
programs,"['rors', 'paragraphs', 'photographs']"
television,"['decision', 'telephone', 'repetition']"
white,"['write', 'written', 'item']"
envelopes,"['envelope', 'develop', 'enclosures']"
modern,"['order', 'orderone', 'moderate']"
inks,"['sinkers', 'think', 'risks']"
area,"['real', 'read', 'care']"
packages,"['packets', 'page', 'changes']"
lively,"['lives', 'level', 'love']"
toll,"['tool', 'told', 'tell']"
largest,"['target', 'latest', 'last']"
central,"['general', 'trial', 'integral']"
sign,"['design', 'assign', 'skin']"
purchases,"['purchase', 'phrases', 'prices']"
savings,"['saying', 'strings', 'using']"
stand,"['standout', 'standard', 'tend']"
easy,"['years', 'pleas', 'means']"
direct,"['edgedirect', 'discreet', 'pricesdirect']"
test,"['latest', 'best', 'thecost']"
potential,"['technical', 'special', 'central']"
poor,"['pool', 'proof', 'power']"
insensitive,"['descriptive', 'negative', 'indented']"
dramatic,['yourselfdramatic']
stray,"['story', 'say', 'literary']"
factor,"['factors', 'fact', 'favor']"
detailed,"['details', 'tailored', 'derail']"
higher,"['high', 'hair']"
requires,"['require', 'request', 'requested']"
real,"['read', 'deal', 'area']"
pass,"['pays', 'past', 'mass']"
material,"['trial', 'matter', 'mineral']"
n,['in']
discover,"['todiscover', 'cover', 'discreet']"
gets,"['get', 'great', 'gives']"
security,"['timesecurity', 'clarity', 'excit']"
owe,"['power', 'own', 'low']"
neighbor,['night']
yellow,"['youlow', 'low', 'follow']"
fine,"['finest', 'line', 'find']"
guarantee,"['guaranties', 'guaran', 'guaranteedsave']"
bought,"['thought', 'budget', 'bonusat']"
save,"['sale', 'safe', 'have']"
forget,"['urgent', 'target', 'get']"
background,[]
familiar,"['family', 'similar', 'alarm']"
yours,"['hours', 'course', 'asyour']"
prospective,"['receive', 'received', 'projects']"
cover,"['discover', 'clever', 'todiscover']"
skills,"['sells', 'skin', 'sell']"
worked,"['work', 'word', 'words']"
advertising,"['advertisement', 'rising', 'decorating']"
representative,"['present', 'prospective', 'prestige']"
industry,"['duty', 'stray', 'story']"
invite,"['toinvite', 'invested', 'intimate']"
businesslike,"['businesses', 'business', 'nonbusiness']"
shorter,"['short', 'store', 'sorry']"
hold,"['old', 'told', 'sold']"
seller,"['sell', 'sells', 'dwellers']"
checking,"['check', 'cashing', 'touching']"
boring,"['bring', 'working', 'morning']"
heavy,"['have', 'easy', 'heads']"
confident,"['confidence', 'convenient', 'consistent']"
verbs,"['years', 'terms', 'lives']"
seconds,"['second', 'send', 'records']"
picture,"['price', 'signature', 'miniature']"
study,"['studies', 'students', 'today']"
require,"['requires', 'request', 'acquire']"
extensive,"['expense', 'extended', 'extend']"
moving,"['morning', 'going', 'timing']"
genuine,"['guide', 'agencies', 'entice']"
strong,"['strongest', 'strings', 'striking']"
desire,"['designed', 'describe', 'direct']"
level,"['lively', 'clever', 'several']"
thorough,"['thought', 'humorous', 'throw']"
convenience,"['convenienceas', 'convenient', 'convince']"
video,"['side', 'provide', 'idea']"
moment,"['month', 'modern', 'enjoyment']"
minute,"['miniature', 'invite', 'intent']"
unexpected,"['expect', 'unprecedented', 'experienced']"
latest,"['test', 'late', 'last']"
expertise,"['expense', 'experienced', 'expect']"
show,"['how', 'throw', 'short']"
trouble,"['touse', 'problems', 'arouse']"
data,"['date', 'dates', 'sedate']"
bonus,"['bonusat', 'ones', 'busy']"
start,"['state', 'smart', 'target']"
paying,"['saying', 'pleasing', 'planning']"
likes,"['like', 'lives', 'lines']"
demonstrate,"['demonstration', 'concentrate', 'moderate']"
average,"['arrange', 'merge', 'versatile']"
extend,"['extended', 'tend', 'extensive']"
reminder,"['remind', 'reader', 'readers']"
generated,"['generate', 'general', 'generating']"
turn,"['return', 'train', 'urgent']"
addresses,"['responses', 'agrees']"
interests,"['interest', 'internet', 'interesting']"
worth,"['worthmore', 'work', 'word']"
market,"['marketing', 'make', 'smart']"
kept,"['crept', 'tempts', 'repeat']"
weekend,"['week', 'worked', 'extend']"
ability,"['reliability', 'desirability', 'quality']"
filing,"['mailing', 'mailings', 'building']"
introductory,"['introductoryrate', 'introduced', 'industry']"
brochure,"['brochures', 'procedures']"
answered,"['answer', 'need', 'anywhereworld']"
importance,"['important', 'insurance', 'appearance']"
main,"['making', 'many', 'mail']"
beautiful,['beautylets']
interesting,"['interest', 'interests', 'inserting']"
does,"['ones', 'done', 'notes']"
finish,"['finest', 'inks', 'fits']"
ones,"['tone', 'done', 'does']"
leisure,"['pleasure', 'sure', 'issue']"
touching,"['thing', 'introducing', 'things']"
holiday,"['hold', 'today', 'old']"
desktop,"['testedtop', 'directionstop']"
billed,"['bulleted', 'lend', 'bull']"
series,"['services', 'service', 'serious']"
remind,"['reminder', 'refund', 'friend']"
ignore,"['signature', 'sign', 'more']"
firms,"['firm', 'first', 'form']"
models,"['orders', 'modern', 'details']"
courteous,"['course', 'enclosures', 'coupons']"
descriptive,"['describe', 'describes', 'adjectives']"
urgent,"['current', 'ure', 'target']"
threaten,"['create', 'relates', 'rate']"
demand,"['remind', 'delayed', 'tend']"
pseudo,['send']
heads,"['leads', 'beads', 'subheads']"
histories,"['store', 'thistime', 'series']"
missed,"['miss', 'issue', 'missing']"
periods,"['serious', 'proud', 'products']"
according,"['boring', 'acting', 'decorating']"
rates,"['rate', 'relates', 'dates']"
calls,"['call', 'case', 'calling']"
local,"['social', 'loyalty', 'lock']"
apartment,"['payment', 'payments', 'appointment']"
sale,"['sales', 'sample', 'save']"
agencies,"['agrees', 'audiences', 'pennies']"
buying,"['using', 'bring', 'building']"
capital,"['catalog', 'social', 'appeal']"
millions,"['mailings', 'mailing', 'willingness']"
inefficient,"['efficientcomfort', 'significant', 'recipient']"
column,"['columnist', 'coupon', 'common']"
warranties,"['guaranties', 'warrantedget', 'arrange']"
phrases,"['purchases', 'pass', 'rates']"
smart,"['start', 'market', 'similar']"
emotional,"['emotion', 'sensational', 'testimonials']"
bluff,['stuff']
bulleted,"['billed', 'bull', 'built']"
edition,"['emotion', 'repetition', 'expiration']"
shopping,"['shipping', 'opening', 'cashing']"
devices,"['services', 'advice', 'service']"
clarify,"['clarity', 'glorify', 'carry']"
dis,"['is', 'studies', 'differs']"
leather,"['later', 'letter', 'latter']"
gold,"['old', 'told', 'sold']"
removed,"['move', 'revived', 'redeemed']"
buy,"['busy', 'buyer', 'buying']"
graphics,"['paragraphs', 'photographs', 'lithographs']"
profits,"['prints', 'points', 'fits']"
manufacturer,"['nature', 'miniature', 'feature']"
homeowners,"['softeners', 'ownership']"
surprising,"['rising', 'using', 'striking']"
sold,"['old', 'told', 'hold']"
healthcare,['health']
clean,"['learn', 'client', 'lend']"
accomplishment,"['accomplishmentprivileges', 'complements', 'complete']"
limit,"['limited', 'list', 'visit']"
pleasing,"['pleas', 'planning', 'paying']"
duty,['industry']
promotions,"['promoting', 'emotion', 'provoking']"
m,[]
impressive,"['nowimpressive', 'improve', 'prestige']"
sensational,"['emotional', 'testimonials', 'informational']"
won,"['own', 'worryno', 'working']"
develop,"['developing', 'envelope', 'envelopes']"
acquire,"['require', 'requires', 'inquiries']"
growing,"['going', 'knowing', 'bring']"
deposit,"['point', 'opposite', 'points']"
invested,"['indented', 'invite', 'finest']"
lines,"['line', 'lives', 'likes']"
later,"['latter', 'late', 'leather']"
factors,"['factor', 'fact', 'fraction']"
paragraphs,"['paragraph', 'programs', 'photographs']"
organize,['organization']
units,"['kits', 'fits', 'students']"
timing,"['thing', 'striking', 'typing']"
lend,"['tend', 'send', 'spend']"
risk,"['risks', 'brisk', 'is']"
enclosure,"['enclosures', 'enclosed', 'enclosing']"
brochures,"['brochure', 'procedures', 'rors']"
evaluate,"['valuestep', 'relates', 'late']"
planning,"['tanning', 'pleasing', 'paying']"
highlighting,"['listing', 'lifting', 'hitting']"
enclosures,"['enclosure', 'enclosed', 'includes']"
developing,"['develop', 'evening', 'envelope']"
cute,"['customer', 'computer', 'executive']"
exclamation,"['examinationno', 'explain', 'expiration']"
faces,"['packets', 'farmers', 'factors']"
selling,"['telling', 'sell', 'sending']"
generate,"['generated', 'general', 'generating']"
offputting,"['outstanding', 'offering', 'reputation']"
mass,"['pass', 'miss', 'mess']"
memorable,"['member', 'enjoyable', 'affordable']"
appearance,"['appears', 'clearances', 'appearanceincreased']"
budget,"['ativebudget', 'urgent', 'get']"
water,"['waste', 'later', 'matter']"
proof,"['room', 'profits', 'poor']"
integral,"['mineral', 'interpersonal', 'central']"
bank,"['blanks', 'bang', 'back']"
signing,"['sign', 'sending', 'using']"
extended,"['extend', 'extensive', 'tend']"
patterns,"['papers', 'matter', 'latter']"
booklet,"['book', 'books', 'booths']"
discounts,"['discount', 'scents', 'seconds']"
versatile,"['derail', 'conversation', 'several']"
statistics,"['statistic', 'satisfaction', 'satisfied']"
expiration,"['expiring', 'explain', 'edition']"
tend,"['extend', 'send', 'lend']"
concentrate,"['concrete', 'contact', 'central']"
convince,"['convinced', 'convenience', 'convincing']"
typing,"['thing', 'timing', 'things']"
introducing,"['introduced', 'touching', 'introductory']"
ing,"['in', 'using', 'thing']"
story,"['stray', 'store', 'sorry']"
percent,"['present', 'print', 'price']"
prints,"['print', 'points', 'profits']"
initials,"['italics', 'invitations', 'nautilus']"
intent,"['internet', 'interest', 'indented']"
adjectives,"['active', 'executives', 'descriptive']"
tie,"['time', 'tried', 'times']"
popular,"['popularity', 'popularitygreat', 'people']"
d,['do']
letterwriters,"['letters', 'letter', 'determines']"
tried,"['tie', 'priced', 'friend']"
user,"['use', 'usage', 'touse']"
resembles,"['samples', 'results', 'relates']"
italics,['initials']
mailers,"['mail', 'sales', 'marks']"
practical,"['priceall', 'actual', 'particular']"
joke,"['smoke', 'worked']"
dialogue,[]
bull,"['full', 'bulleted', 'built']"
everyday,['several']
underlining,"['handwriting', 'advertising']"
lobby,[]
automated,"['attracted', 'amazed', 'complicated']"
advancement,"['advancementbuy', 'advanced', 'toadvanced']"
projects,"['products', 'profits', 'product']"
train,"['taking', 'obtain', 'turn']"
lives,"['lines', 'likes', 'gives']"
strongest,"['strong', 'strings', 'target']"
fun,"['found', 'refund']"
colorful,"['colored', 'powerful']"
discreet,"['direct', 'increase', 'discover']"
in,"['ing', 'skin', 'sign']"
centered,"['generated', 'need', 'central']"
handwriting,"['waiting', 'hitting', 'underlining']"
brand,"['read', 'bank', 'bang']"
stuff,"['staff', 'study', 'bluff']"
farmers,"['former', 'names', 'firms']"
hitting,"['waiting', 'listing', 'lifting']"
bargain,"['train', 'magazine', 'bring']"
features,"['feature', 'featuresmore', 'nature']"
machines,"['main', 'mailers', 'changes']"
unnecessary,['necessary']
buyers,"['buyer', 'years', 'buy']"
kits,"['fits', 'units', 'lists']"
agrees,"['agencies', 'images', 'agreement']"
opened,"['open', 'spend', 'pennies']"
emphasizing,"['emphasize', 'emphasized', 'mailing']"
trial,"['material', 'real', 'central']"
aspect,"['set', 'select', 'respec']"
youmake,"['make', 'yourselfmakes', 'makes']"
questionnaire,"['question', 'questions']"
buyer,"['buyers', 'buy', 'year']"
safe,"['safety', 'save', 'sale']"
appeals,"['appeal', 'appears', 'appealing']"
dollars,"['polls', 'dwellers']"
testimonials,"['questions', 'traditional', 'sensational']"
credibility,"['reliability', 'credit', 'desirability']"
aid,"['said', 'paid', 'avoid']"
rising,"['missing', 'listing', 'surprising']"
provoking,"['promoting', 'moving', 'promotions']"
select,"['set', 'seller', 'see']"
postscript,['postcards']
distinguish,"['strings', 'listing', 'distributors']"
improved,"['improve', 'removed', 'provide']"
vivid,"['revived', 'visit', 'video']"
audience,"['audiences', 'advice', 'difference']"
target,"['largest', 'start', 'urgent']"
sizable,"['size', 'sale', 'able']"
literary,"['integral', 'stray', 'learn']"
magazine,"['main', 'bargain', 'machines']"
giant,"['want', 'gift', 'print']"
lifting,"['listing', 'waiting', 'hitting']"
certificates,"['services', 'estimate']"
enjoyment,"['enjoyed', 'enjoy', 'endorsement']"
elements,"['complements', 'agreement', 'endorsements']"
locations,"['implications', 'salutations', 'quotation']"
salutations,"['quotation', 'locations', 'satisfaction']"
tools,"['tool', 'toll', 'told']"
clarity,"['clarify', 'celebrity', 'popularity']"
knife,['life']
costly,"['cost', 'costlow', 'costs']"
risks,"['risk', 'brisk', 'miss']"
introduced,"['introducing', 'introductory', 'reduced']"
techniques,['technical']
priced,"['price', 'prices', 'tried']"
smoke,"['move', 'more', 'make']"
demonstration,"['demonstrate', 'emotion', 'decorating']"
revolutionary,"['pricerevolutionary', 'emotional', 'reputation']"
booths,"['books', 'toboth', 'others']"
actual,"['practical', 'act', 'central']"
implications,"['locations', 'invitations', 'obligation']"
o,['do']
scents,"['sent', 'sense', 'students']"
hook,"['look', 'book', 'books']"
pride,"['provide', 'price', 'riddle']"
prepaid,"['read', 'paid', 'pride']"
processed,"['prices', 'priced', 'procedures']"
celebrity,"['clarity', 'clarify', 'reliability']"
ownership,"['membership', 'homeowners', 'ones']"
intimate,"['estimate', 'invite', 'miniature']"
computerized,"['computer', 'compared', 'complicated']"
merge,"['more', 'message', 'average']"
novel,"['move', 'love', 'envelope']"
finest,"['fine', 'lines', 'first']"
riddle,"['pride', 'provide', 'side']"
differs,"['offers', 'different', 'difference']"
fit,"['fits', 'it', 'first']"
includeprofessional,['interpersonal']
intellectual,"['internet', 'interest', 'integral']"
basic,"['back', 'beads']"
endorsement,"['endorsements', 'enjoyment', 'segment']"
register,"['reiterate', 'research', 'reminder']"
deadlines,"['lines', 'audiences', 'determines']"
convincing,"['convince', 'convinced', 'convenient']"
applicable,['available']
subheads,"['heads', 'beads', 'leads']"
jargon,"['bargain', 'join']"
compared,"['complicated', 'companies', 'computerized']"
assumptions,"['assuming', 'salutations', 'ambition']"
brisk,"['risk', 'risks', 'bring']"
excitement,"['excit', 'elements', 'recipient']"
concrete,"['concentrate', 'create', 'correct']"
throw,"['how', 'teehow', 'show']"
irritating,"['hitting', 'invitation', 'relating']"
emphasized,"['emphasize', 'emphasizing']"
characteristic,[]
headed,"['heads', 'added', 'reader']"
tailored,"['detailed', 'colored', 'allorder']"
psychology,[]
sophisticated,['complicated']
acting,"['action', 'waiting', 'thing']"
expiring,"['expiration', 'explain', 'experienced']"
guide,"['side', 'idea', 'give']"
afford,"['affordable', 'offered', 'word']"
audiences,"['audience', 'agencies', 'advice']"
k,[]
strings,"['striking', 'things', 'strong']"
bryerley,"['reply', 'early', 'buyer']"
housecleaning,"['outstanding', 'sending', 'selling']"
interruptions,"['invitations', 'interesting', 'inserting']"
difficultof,[]
nonbusiness,"['business', 'businesses', 'businesslike']"
correctness,"['correct', 'concrete', 'courteous']"
persuasiveness,['business']
mailings,"['mailing', 'millions', 'making']"
entice,"['sentence', 'tie', 'enrich']"
economical,"['technical', 'commercial']"
affordable,"['afford', 'memorable']"
buzzword,"['word', 'words']"
revived,"['received', 'removed', 'receive']"
subscriptionshow,[]
arouse,"['touse', 'house', 'use']"
inciting,"['acting', 'inserting', 'including']"
rep,"['reply', 'crept', 'ure']"
distributors,['distinguish']
pays,"['pay', 'past', 'pass']"
echo,"['reach', 'teehow', 'second']"
began,"['begin', 'bargain', 'bank']"
quoting,"['quotation', 'using', 'thing']"
soliloquy,[]
exaggerated,"['generated', 'generate', 'reiterate']"
astonishing,"['patronizing', 'cashing', 'advertising']"
incredible,"['increase', 'credibility', 'credit']"
extraordinary,[]
spectacular,"['spectaculars', 'special', 'particular']"
relating,"['reading', 'acting', 'educating']"
enlist,"['list', 'lists', 'pennies']"
derail,"['deal', 'details', 'detailed']"
consciousness,"['nonbusiness', 'consistent']"
attracted,"['attractive', 'attachednow', 'automated']"
occasional,"['locations', 'emotional', 'social']"
clearances,"['appearance', 'learn', 'elegance']"
willingness,"['millions', 'mailings', 'lines']"
tempts,"['terms', 'items', 'stepsso']"
preach,"['reach', 'peace', 'research']"
crept,"['rep', 'repeat', 'credit']"
columnist,"['column', 'companies', 'community']"
premises,"['prices', 'preview', 'present']"
reiterate,"['register', 'generate', 'repeat']"
glorify,['clarify']
assembling,"['assuming', 'selling', 'appealing']"
bang,"['bank', 'bring', 'brand']"
statistic,"['statistics', 'satisfied', 'satisfaction']"
gimmick,['mimic']
getter,"['letter', 'better', 'letters']"
overture,"['feature', 'moderate', 'features']"
rewards,"['read', 'records', 'readers']"
coy,"['copy', 'costly', 'company']"
assuming,"['reassuring', 'assembling', 'assumptions']"
determines,"['terms', 'describes', 'deadlines']"
competitor,"['computer', 'complete', 'repetition']"
outpull,[]
emotion,"['emotional', 'edition', 'promotions']"
prestige,"['preview', 'present', 'postage']"
standout,"['stand', 'standard', 'anecdote']"
ambition,"['action', 'waiting', 'obligation']"
alarm,"['familiar', 'learn', 'later']"
battery,"['matter', 'latter', 'better']"
popularity,"['popular', 'popularitygreat', 'clarity']"
relates,"['rates', 'latest', 'create']"
complements,"['elements', 'complete', 'accomplishment']"
humorous,"['numerous', 'thorough', 'house']"
soothing,"['thing', 'things', 'promoting']"
reassuring,"['assuming', 'reading', 'relating']"
mysterious,"['serious', 'numerous', 'series']"
images,"['times', 'makes', 'messages']"
educating,"['decorating', 'relating', 'acting']"
repetition,"['reputation', 'edition', 'expiration']"
rhythm,[]
mimic,"['gimmick', 'limit']"
foster,"['other', 'others', 'former']"
comparison,"['company', 'compared', 'companies']"
guaranties,"['guarantee', 'warranties', 'guaranteedsave']"
endorsements,"['endorsement', 'elements', 'enjoyment']"
polls,"['toll', 'pool', 'dollars']"
sells,"['sell', 'skills', 'seller']"
redeemed,"['removed', 'reduced', 'received']"
desirability,"['ability', 'reliability', 'derail']"
coupons,"['coupon', 'discounts', 'courteous']"
boxed,['beads']
indented,"['invested', 'unprecedented', 'need']"
sedate,"['date', 'state', 'dates']"
excellentsalesletters,[]
sinkers,"['inks', 'lines', 'likes']"
toclose,"['lose', 'touse', 'tools']"
segment,"['sent', 'shipment', 'endorsement']"
susceptible,[]
premium,"['previous', 'premises', 'remind']"
promoting,"['promotions', 'provoking', 'soothing']"
salon,"['sale', 'long', 'salutations']"
tanning,"['planning', 'taking', 'talking']"
greenhouse,"['house', 'generous', 'arouse']"
suburban,['brand']
dwellers,"['seller', 'dollars', 'sells']"
miniature,"['nature', 'signature', 'intimate']"
aimed,"['aid', 'amazed', 'time']"
opposite,"['postage', 'deposit', 'opportunity']"
phenomenon,"['enjoyment', 'homeowners']"
generating,"['generate', 'inserting', 'generated']"
newattractiveagesauthenticbenefitsbrand,[]
convenientarydazzlingdelightfuld,[]
excitingexclusivealexpertexquisiteextensivefactsfeaturesflairflexiblegenuineguaranteedhalf,[]
pricehandyhelpfulhigh,[]
qual,"['quality', 'actual']"
immediateindulgeinexpens,[]
ityiveinformat,"['information', 'format']"
invaluableinvestmentlastinglow,[]
costlow,"['costly', 'cost', 'costs']"
pricedluxuriousm,"['luxurious', 'procedures']"
optionalitypersonaliz,"['interpersonal', 'personalized']"
pledgeportablepowerfulationpracticalprecisionpremiumproductiveprofession,[]
profitableprovenqualityalrapid,[]
reasonablerebaterefundtionreliableresultsrevolution,[]
rewardarysafesatisfactionsecuresolutionsophistic,[]
spectaculars,"['spectacular', 'particular', 'special']"
artsubstantialsuccessfulsuperthriftyt,[]
dateurgentusefulu,[]
dimension,"['decision', 'design', 'demonstration']"
toadvanced,"['advanced', 'advancement', 'convinced']"
designall,"['design', 'designed', 'sign']"
priceall,"['price', 'pricesloyal', 'prices']"
convenienceas,"['convenience', 'convenient', 'convince']"
bonusat,"['bonus', 'bought']"
fraction,"['action', 'information', 'factor']"
thecost,"['test', 'cost', 'costs']"
youavoid,['avoid']
efficientcomfort,"['inefficient', 'comfort']"
toboth,"['booths', 'tool']"
ativebudget,"['budget', 'warrantedget']"
pricesbuilt,"['prices', 'pricesdirect', 'results']"
featuresbusiness,"['persuasiveness', 'features', 'business']"
advancementbuy,"['advancement', 'advanced']"
confidencehow,"['confidence', 'confident', 'convince']"
incarefree,"['carefree', 'increase', 'reference']"
upkeepc,[]
trystyles,[]
varietiescompact,[]
designcomplimentary,"['designcustomer', 'accomplishment', 'complements']"
copycontemporary,[]
designcustomer,"['customer', 'customers', 'designcomplimentary']"
supportcutting,[]
edgedirect,"['direct', 'pricesdirect', 'desire']"
pricesdirect,"['pricedreduced', 'pricesbuilt', 'prices']"
todiscover,"['discover', 'cover']"
yourselfdramatic,"['yourselfmakes', 'dramatic', 'yourselfinfluence']"
differenceeasier,"['difference', 'different', 'differs']"
enjoyable,"['enjoyed', 'enjoy', 'memorable']"
ableeasier,[]
carefree,"['incarefree', 'reference', 'careready']"
maintenanceeasy,['maintain']
instructionselegant,"['interruptions', 'introducing']"
stylingengineered,[]
dependabilityexciting,['dependablesatisfaction']
offerexclusive,"['offerbecausewhat', 'executive', 'effective']"
featuresexperience,"['experienced', 'featuresmore', 'featuresbusiness']"
ofexpress,"['offers', 'offered', 'expense']"
personalityfast,"['personal', 'personalized']"
craftedfit,"['credit', 'create']"
warrantedget,"['arrange', 'warranties', 'guarantee']"
detailsgives,"['details', 'detailed', 'deadlines']"
pleas,"['least', 'leads', 'pleasure']"
ure,"['sure', 'use', 'urgent']"
popularitygreat,"['popularity', 'popular']"
ideahave,"['idea', 'have']"
knowingif,"['knowing', 'unknown', 'growing']"
respondright,"['responding', 'respond', 'reports']"
nowimpressive,"['impressive', 'improve']"
collectionimproved,['improved']
appearanceincreased,"['appearance', 'approachreward']"
introductoryrate,"['introductory', 'introduced']"
ofindulge,"['fine', 'find']"
yourselfinfluence,"['yourselfdramatic', 'yourselfmakes']"
othersin,"['others', 'other', 'soothing']"
timesintelligent,[]
toinvite,"['invite', 'tone', 'invested']"
tojoin,"['join', 'tool', 'tone']"
thatjust,[]
pennies,"['premises', 'agencies', 'specifies']"
eachkey,"['reach', 'peace', 'preach']"
peace,"['space', 'place', 'preach']"
mindlasting,"['inserting', 'missing', 'listing']"
beautylets,"['beautiful', 'buyers']"
favoritelook,[]
youlow,"['youone', 'yellow', 'low']"
pricesloyal,"['priceall', 'prices', 'pricesbuilt']"
yourselfmakes,"['youmake', 'yourselfdramatic', 'yourselfinfluence']"
specialmany,"['special', 'thatspecial', 'spectacular']"
worthmore,"['worth', 'more']"
advanced,"['toadvanced', 'advancement', 'advice']"
featuresmore,"['features', 'feature', 'featuresbusiness']"
servicemost,"['services', 'service', 'series']"
excit,"['expect', 'next', 'excitement']"
availableno,['available']
chooseno,"['choose', 'choosingover', 'house']"
mess,"['miss', 'mass', 'less']"
rors,"['reports', 'records', 'yours']"
worryno,"['worry', 'sorry', 'won']"
examinationno,"['exclamation', 'expiration', 'ambition']"
attachednow,"['attracted', 'attention']"
timeof,"['time', 'times', 'tie']"
youone,"['youlow', 'coupon', 'youmake']"
operationone,"['preparation', 'conversation', 'expiration']"
respec,"['response', 'research', 'responses']"
tedone,"['tone', 'done', 'telephone']"
orderone,"['ordered', 'order', 'orders']"
allorder,"['order', 'orders', 'ordered']"
todayour,"['today', 'asyour', 'yours']"
selleroutstanding,"['outstanding', 'outstandingquality']"
customersperfect,"['customers', 'customer', 'correct']"
lovedpleased,['pleasure']
youonepreferred,[]
forprice,"['price', 'prices', 'priced']"
appreciatepride,"['appreciate', 'appreciation', 'appropriate']"
accomplishmentprivileges,['accomplishment']
qualityprompt,"['quality', 'prompt']"
serviceproven,"['service', 'services', 'servicemost']"
reliability,"['credibility', 'desirability', 'ability']"
technologyprovides,[]
careready,"['carry', 'carefree', 'incarefree']"
spoil,"['social', 'special', 'sold']"
powerfulat,"['powerful', 'power', 'popularity']"
pricedreduced,"['pricesdirect', 'reduced', 'priced']"
pricerevolutionary,['revolutionary']
approachreward,['approach']
nothingrugged,[]
dependablesatisfaction,"['satisfaction', 'dependabilityexciting']"
guaranteedsave,"['guarantee', 'guaranties', 'warrantedget']"
timesecurity,['security']
yearssee,"['years', 'year']"
stepsso,"['step', 'tempts']"
striking,"['strings', 'timing', 'taking']"
thatspecial,"['special', 'specialmany', 'material']"
valuestep,"['evaluate', 'step']"
directionstop,"['direct', 'edition', 'desktop']"
losses,"['lose', 'enclosures', 'toclose']"
withsupply,['supply']
limitedsurprise,['limited']
withtake,"['written', 'take', 'write']"
opportunitytake,"['opportunity', 'opportunityurge', 'opposite']"
towardstake,['waste']
looktakes,"['takes', 'lockers', 'take']"
gamble,"['able', 'sample', 'sizable']"
choosingover,"['choose', 'consider', 'chooseno']"
thistime,"['histories', 'time', 'intimate']"
shorttimeless,['shorter']
elegancetime,"['elegance', 'negative']"
testedtop,"['desktop', 'test', 'step']"
linetreat,"['interest', 'interests', 'intent']"
tounconditional,"['traditional', 'additional']"
guaran,"['guarantee', 'guaranties', 'bargain']"
teehow,"['throw', 'telephone', 'how']"
tounder,"['tone', 'touse', 'order']"
planunequalled,[]
convenienceunique,"['convenience', 'convenienceas', 'convenient']"
creationsunique,[]
opportunityurge,"['opportunity', 'opportunitytake', 'opposite']"
touse,"['house', 'use', 'course']"
offerbecausewhat,['offerexclusive']
enjoywith,"['enjoy', 'enjoyment', 'enjoyed']"
partwith,"['part', 'print']"
anywhereworld,['answered']
amazed,"['aimed', 'automated', 'emphasized']"
asyour,"['asyou', 'yours', 'todayour']"
backmuch,"['much', 'back']"
asyou,"['asyour', 'soup', 'easy']"
outstandingquality,"['outstanding', 'selleroutstanding']"
thesesentencesat,['sentence']
elegance,"['elegancetime', 'clearances', 'sentence']"
briefcase,['case']
filet,"['fit', 'finest', 'fits']"
lock,"['look', 'lockers', 'padlocks']"
obligate,"['obligation', 'late', 'complicated']"
sneak,[]
preview,"['revived', 'provide', 'pride']"
decorating,"['educating', 'generating', 'demonstration']"
scheme,"['schedule', 'see', 'segment']"
postpaid,"['postcards', 'said', 'prepaid']"
unprecedented,"['unexpected', 'indented', 'present']"
china,"['cashing', 'touching', 'machines']"
enrich,"['entice', 'service', 'echo']"
cookbook,"['book', 'books']"
lithographs,"['photographs', 'graphics']"
beads,"['leads', 'heads', 'subheads']"
luxurious,"['pricedluxuriousm', 'serious']"
softeners,"['others', 'offers', 'homeowners']"
packets,"['packages', 'takes', 'space']"
moderate,"['modern', 'rate', 'ordered']"
housework,"['house', 'work', 'user']"
walking,"['talking', 'taking', 'making']"
priorities,"['profits', 'histories', 'prints']"
olympic,[]
midnight,"['night', 'right']"
lifeguard,"['life', 'fear']"
specifies,"['specific', 'series', 'special']"
peripheral,['priceall']
cashing,"['asking', 'calling', 'using']"
soup,"['up', 'group', 'asyou']"
mineral,"['integral', 'general', 'reminder']"
padlocks,"['packets', 'lockers', 'lock']"
lockers,"['lock', 'padlocks', 'likes']"
nautilus,['initials']
