accept,"['acceptable', 'unacceptable', 'apt']"
say,"['stay', 'way', 'saying']"
reply,"['repay', 'replace', 'employee']"
person,"['personal', 'permission', 'personality']"
happy,"['takehappy', 'happened']"
write,"['writer', 'written', 'rewrite']"
pleased,"['topleased', 'placed', 'prepared']"
dinner,"['singer', 'kinder', 'deliver']"
other,"['others', 'mother', 'mothers']"
letter,"['letters', 'letterhead', 'lettersdear']"
first,"['rest', 'fair', 'visit']"
see,"['seen', 'seems', 'use']"
have,"['save', 'hate', 'leave']"
offer,"['offering', 'offender', 'office']"
discuss,"['discussin', 'discussing', 'discussrough']"
details,"['deal', 'dealt']"
date,"['dated', 'rate', 'hate']"
company,"['comply', 'many', 'complaints']"
name,"['names', 'same', 'came']"
questions,"['questionable', 'requesting', 'quotations']"
able,"['value', 'label', 'alert']"
look,"['looks', 'looked', 'looking']"
enclosed,"['lose', 'enjoyed', 'deceased']"
want,"['meant', 'antag', 'waited']"
meeting,"['seeing', 'setting', 'mention']"
job,[]
do,"['door', 'done', 'dogs']"
time,"['times', 'meantime', 'tocome']"
working,"['wondering', 'work', 'writing']"
how,"['show', 'shower', 'own']"
let,"['lent', 'least', 'alert']"
position,"['positive', 'situation', 'situations']"
use,"['used', 'upset', 'house']"
tell,['hotel']
kind,"['kinder', 'find', 'taking']"
asking,"['taking', 'teasing', 'talking']"
week,"['weak', 'weekend']"
call,"['called', 'small', 'allow']"
help,"['helped', 'hotel', 'helpwork']"
come,"['comes', 'tocome', 'become']"
writing,"['written', 'working', 'warning']"
sure,"['measure', 'gesture', 'reassure']"
requests,"['request', 'requesting', 'requires']"
wedding,"['sending', 'doing', 'wondering']"
repeat,"['repay', 'great', 'upbeat']"
contribution,"['contributions', 'contributedhow', 'competition']"
expression,"['expresses', 'professional', 'permission']"
part,"['past', 'parties', 'spark']"
take,"['uptake', 'make', 'trade']"
evening,"['seeing', 'depending', 'sending']"
try,['history']
good,"['goodwill', 'go', 'looked']"
send,"['spend', 'end', 'second']"
brief,"['write', 'raise', 'bring']"
answer,"['anger', 'shower', 'lawyer']"
word,"['world', 'words', 'work']"
state,"['stated', 'stage', 'hesitate']"
personal,"['person', 'personality', 'professional']"
mail,"['mild', 'small', 'material']"
respond,"['response', 'reasons', 'spend']"
number,"['numbered', 'jumble', 'name']"
large,"['are', 'charge', 'clearer']"
check,['spellcheck']
ask,"['asked', 'has', 'asking']"
guidelines,[]
handwrite,"['write', 'writer', 'handle']"
stationery,"['situation', 'stating', 'situations']"
same,"['save', 'name', 'came']"
children,"['child', 'hire', 'hide']"
thank,"['think', 'thanking', 'take']"
used,"['use', 'send', 'upset']"
letterhead,"['lettersdear', 'letter', 'letters']"
great,"['get', 'repeat', 'rebate']"
appreciate,"['partappreciate', 'appropriate', 'inappropriate']"
office,"['voice', 'offer', 'police']"
year,"['years', 'hear', 'dear']"
response,"['responsible', 'respond', 'reasons']"
speak,"['spark', 'speaking', 'weak']"
next,['expect']
month,"['months', 'mother', 'mothers']"
work,"['worker', 'word', 'workout']"
much,"['such', 'lunch', 'touchy']"
looking,"['look', 'long', 'working']"
best,"['rest', 'least', 'upbeat']"
fair,"['frail', 'first', 'favor']"
way,"['say', 'pay']"
request,"['requests', 'requesting', 'requires']"
letters,"['letter', 'lettersdear', 'matters']"
heart,"['hear', 'year', 'seat']"
find,"['friend', 'kind', 'fine']"
difficult,['withdifficult']
contributions,"['contribution', 'contributedhow', 'competition']"
favors,"['favor', 'fair']"
speaking,"['speak', 'taking', 'seeing']"
nature,"['future', 'are', 'measure']"
agree,"['are', 'agreement', 'care']"
inquire,"['require', 'requires', 'quiet']"
seeing,"['seen', 'setting', 'sending']"
future,"['futurelook', 'nature', 'lecture']"
action,"['actions', 'reactions', 'function']"
actions,"['action', 'reactions', 'distractions']"
events,"['event', 'vent', 'presents']"
stop,"['step', 'stopping', 'stupid']"
reservations,"['reactions', 'questions', 'distractions']"
possible,"['responsible', 'problem', 'passive']"
apologize,"['apologies', 'apology', 'apologetic']"
deal,"['dealt', 'dear', 'details']"
make,"['makes', 'take', 'made']"
friends,"['friend', 'friendship', 'find']"
go,"['got', 'good', 'goal']"
sentence,"['sentences', 'seen', 'sentimental']"
saying,"['stating', 'using', 'speaking']"
more,"['order', 'money', 'worker']"
mention,"['invention', 'attention', 'memento']"
special,"['social', 'specific', 'speak']"
expresses,"['expression', 'pressure', 'presents']"
remark,"['remarks', 'break', 'remain']"
complimentary,"['complaints', 'comments', 'comply']"
experience,"['reference', 'piece', 'expresses']"
goodwill,['good']
decision,"['visions', 'permission', 'dressing']"
situations,"['situation', 'distractions', 'stating']"
example,"['examine', 'employee', 'employees']"
parties,"['part', 'carries', 'times']"
car,"['care', 'clear', 'carry']"
receiving,"['receive', 'received', 'seeing']"
third,"['theirs', 'hire', 'hide']"
case,"['care', 'came', 'raise']"
convey,"['conveying', 'money', 'recovery']"
e,[]
language,"['large', 'antag', 'anger']"
words,"['word', 'world', 'workdays']"
style,"['step', 'stay', 'hostile']"
topleased,"['pleased', 'treasured', 'tolerance']"
research,"['reached', 'teach']"
generous,"['dangerous', 'serious', 'gracious']"
apology,"['apologize', 'apologies', 'apologetic']"
support,"['supportive', 'supporting', 'sort']"
liked,"['like', 'looked', 'likely']"
night,"['right', 'weight', 'high']"
become,"['come', 'welcome', 'comes']"
record,"['recovery', 'second', 'reread']"
graduation,"['graduating', 'organization', 'situation']"
read,"['ready', 'reread', 'repaid']"
attention,"['mention', 'invention', 'action']"
it,"['sit', 'gift']"
new,"['news', 'few']"
wishes,"['wish', 'issues', 'sets']"
enjoyed,"['ended', 'enclosed', 'end']"
important,[]
hours,"['yours', 'house', 'course']"
last,"['least', 'past', 'lost']"
understand,"['understanding', 'understandfind', 'understood']"
receive,"['received', 'receiving', 'relative']"
give,"['given', 'live', 'gile']"
family,"['frail', 'mild', 'mail']"
suggest,"['stages', 'issues', 'set']"
attorney,"['tone', 'stationery', 'money']"
set,"['sets', 'seat', 'upset']"
stay,"['say', 'today', 'style']"
love,"['lose', 'live', 'solve']"
reference,"['experience', 'difference', 'remembrance']"
thought,"['thoughts', 'brought', 'touchy']"
received,"['receive', 'receiving', 'reached']"
know,"['known', 'knowing']"
order,"['worker', 'reader', 'word']"
message,"['stage', 'stages', 'missed']"
contact,"['conduct', 'accountant', 'count']"
need,"['needed', 'numbered', 'ended']"
appropriate,"['inappropriate', 'appreciate', 'partappreciate']"
apologies,"['apologize', 'apology', 'apologetic']"
gifts,"['gift', 'items', 'facts']"
conversation,"['invention', 'conveying', 'contribution']"
previous,"['serious', 'obvious', 'gracious']"
hear,"['heart', 'year', 'harm']"
business,"['businesslike', 'illness', 'abusive']"
arrived,"['carved', 'carries', 'received']"
made,"['mad', 'make', 'trade']"
meantime,"['meant', 'time', 'mention']"
gift,"['gifts', 'it']"
matter,"['matters', 'material', 'mother']"
birthday,['today']
note,"['noticed', 'other', 'hotel']"
collection,"['collections', 'collected', 'solution']"
serious,"['previous', 'gracious', 'generous']"
written,"['write', 'writer', 'writing']"
report,"['repeat', 'record', 'support']"
people,"['police', 'replace', 'problem']"
several,"['level', 'sexual', 'see']"
get,"['great', 'set', 'let']"
short,"['sort', 'shower', 'support']"
is,"['wish', 'lies']"
enough,"['thought', 'lengthy', 'brought']"
present,"['presents', 'rest', 'upset']"
dealt,"['deal', 'seat', 'dent']"
describe,"['ascribed', 'desire']"
reader,"['read', 'trade', 'ready']"
statement,"['statements', 'state', 'stated']"
negative,"['relative', 'active', 'relatives']"
tone,"['ones', 'done', 'money']"
talking,"['taking', 'thanking', 'asking']"
thing,"['think', 'touching', 'thinking']"
items,"['lies', 'write', 'views']"
involved,"['resolved', 'solve']"
relative,"['relatives', 'related', 'negative']"
mother,"['mothers', 'other', 'others']"
asked,"['ask', 'used', 'take']"
issue,"['issues', 'missed', 'assume']"
provide,"['promise', 'improve', 'police']"
department,"['repayment', 'dearest', 'argument']"
sending,"['seeing', 'depending', 'send']"
complaints,"['company', 'complimentary', 'comments']"
worker,"['work', 'order', 'writer']"
offering,"['offer', 'wondering', 'referring']"
illness,"['willingness', 'less', 'business']"
hotel,"['tell', 'note', 'hostile']"
fax,[]
called,"['call', 'allowed', 'appalled']"
most,"['lost', 'month', 'midst']"
spend,"['send', 'spent', 'end']"
organization,"['communication', 'graduation', 'negotiation']"
many,"['company', 'money', 'meant']"
deceased,"['pleased', 'devastated', 'case']"
keep,['keeping']
file,"['gile', 'fine', 'frail']"
continuing,"['convincing', 'contribution', 'contributions']"
views,"['news', 'lies', 'voice']"
taking,"['talking', 'thanking', 'asking']"
value,"['able', 'alert']"
prepared,"['reread', 'repaid', 'treasured']"
knowing,"['known', 'know', 'undoing']"
had,"['hand', 'ad', 'sad']"
run,"['strung', 'return', 'ground']"
thinking,"['thanking', 'think', 'thing']"
needed,"['need', 'ended', 'handed']"
bring,"['big', 'writing', 'working']"
today,"['told', 'stay', 'days']"
problem,"['role', 'trouble', 'possible']"
agreement,"['disagreement', 'engagement', 'agree']"
rate,"['rebate', 'hate', 'date']"
end,"['send', 'mend', 'spend']"
long,"['looking', 'wrong', 'going']"
seen,"['see', 'seeing', 'send']"
employee,"['employees', 'example', 'reply']"
behavior,['favor']
visits,"['visit', 'visions', 'sit']"
situation,"['situations', 'stating', 'stationery']"
lettersdear,"['letters', 'letterhead', 'letter']"
leave,"['level', 'save', 'pleased']"
others,"['mothers', 'other', 'theirs']"
unacceptable,"['acceptable', 'accept', 'unpredictable']"
paper,"['appear', 'part', 'spark']"
understanding,"['understandfind', 'understand', 'understood']"
expect,"['repeat', 'respectful', 'experience']"
few,['new']
permission,"['person', 'expression', 'personal']"
responsible,"['response', 'responsibility', 'reasonable']"
repairs,"['repaid', 'remarks', 'years']"
begin,"['labeling', 'becoming', 'going']"
using,"['abusing', 'singer', 'seeing']"
old,"['told', 'world']"
sorry,"['sort', 'history', 'short']"
claim,"['came', 'clear', 'class']"
policy,"['police', 'apologetic', 'apology']"
has,"['had', 'ask', 'phrases']"
learn,"['clear', 'year', 'lent']"
full,[]
done,"['redone', 'tone', 'ones']"
credit,"['carved', 'rewrite', 'rest']"
years,"['year', 'repairs', 'remarks']"
doing,"['undoing', 'going', 'coming']"
past,"['pays', 'part', 'last']"
damaged,"['demanded', 'dated', 'dramatize']"
adjustments,"['statements', 'argument', 'statement']"
letting,"['setting', 'getting', 'stating']"
such,"['much', 'lunch', 'touchy']"
care,"['car', 'are', 'charge']"
positive,"['position', 'strive', 'sensitive']"
high,"['thing', 'right', 'night']"
voice,"['police', 'office', 'advice']"
wrong,"['writing', 'working', 'warning']"
replace,"['placed', 'related', 'reached']"
small,"['mail', 'call', 'allow']"
return,"['turn', 'run', 'require']"
difference,"['reference', 'experience']"
months,"['month', 'mothers', 'others']"
examine,"['example', 'exchange', 'exchanges']"
dear,"['year', 'hear', 'deal']"
handling,"['thanking', 'having', 'handle']"
powerful,"['power', 'hopeful']"
tool,"['told', 'cool', 'tocome']"
keeping,"['seeing', 'keep', 'meeting']"
reasonable,"['responsible', 'questionable', 'reasons']"
bad,"['ad', 'sad', 'mad']"
resolved,"['solve', 'role', 'respond']"
further,"['father', 'brother', 'other']"
sound,"['sounded', 'second', 'ground']"
accusatory,"['conciliatory', 'stationery']"
surprised,"['stupid', 'supportive', 'promise']"
assume,"['issue', 'reassure', 'issues']"
happened,"['handed', 'hand', 'appalled']"
lose,"['love', 'lost', 'loss']"
focus,"['yours', 'house', 'hours']"
solution,"['situation', 'situations', 'outline']"
employees,"['employee', 'example']"
wish,"['wishes', 'is', 'weight']"
power,"['powerful', 'owe', 'shower']"
apologetic,"['apologize', 'apologies', 'apology']"
slip,[]
weak,"['week', 'weakens', 'speak']"
true,"['trouble', 'trust', 'trade']"
makes,"['make', 'weakens', 'take']"
big,"['bring', 'abusing']"
favor,"['favors', 'fair', 'behavior']"
least,"['last', 'pleasant', 'let']"
angry,"['anger', 'many', 'early']"
unpleasant,"['pleasant', 'unpleasantries', 'least']"
lawyer,"['law', 'answer', 'clearer']"
specific,['special']
responsibility,"['responsible', 'response']"
active,"['achieve', 'relative', 'practice']"
passive,"['abusive', 'possible', 'positive']"
pay,"['pays', 'repay', 'way']"
gesture,"['gestures', 'sure', 'measure']"
easier,"['singer', 'reader', 'desire']"
handle,"['handed', 'hand', 'handling']"
advice,"['adviser', 'voice', 'advances']"
right,"['night', 'straight', 'weight']"
little,"['belittle', 'bitter', 'battle']"
inappropriate,"['appropriate', 'appreciate', 'disappointed']"
benefit,[]
exchange,"['exchanges', 'change', 'charge']"
got,"['go', 'lot', 'get']"
piece,"['police', 'experience', 'practice']"
allow,"['allowed', 'call', 'followed']"
gracious,"['reactions', 'serious', 'actions']"
point,"['positive', 'position', 'opposing']"
considered,"['consider', 'considerate', 'confidence']"
consult,"['conduct', 'count', 'consists']"
typed,"['style', 'spend', 'dated']"
matters,"['matter', 'mothers', 'letters']"
stating,"['setting', 'taking', 'saying']"
giving,"['going', 'given', 'receiving']"
days,"['pays', 'workdays', 'today']"
carry,"['car', 'clearer', 'carries']"
hope,"['hopes', 'hopeful', 'house']"
dangerous,"['anger', 'generous', 'daughters']"
comply,"['company', 'complimentary', 'complaints']"
issues,"['issue', 'wishes', 'missed']"
interested,"['distressed', 'intermediate', 'treasured']"
hearing,"['having', 'hear', 'warning']"
requesting,"['request', 'requests', 'questions']"
statements,"['statement', 'state', 'adjustments']"
given,"['give', 'giving', 'vent']"
charge,"['change', 'care', 'large']"
visit,"['visits', 'sit', 'insist']"
lot,"['lost', 'let', 'got']"
collected,"['corrected', 'collection', 'collections']"
brought,"['thought', 'thoughts', 'right']"
times,"['time', 'parties', 'lies']"
weight,"['right', 'night', 'wedding']"
loss,"['lost', 'lose', 'less']"
fact,"['facts', 'flat', 'face']"
think,"['thing', 'thank', 'thinking']"
going,"['growing', 'doing', 'giving']"
friend,"['friends', 'find', 'frightened']"
feel,"['feels', 'feet', 'level']"
noticed,"['note', 'voice', 'unsolicited']"
outline,"['solution', 'troubling', 'police']"
own,"['known', 'owe', 'how']"
unsolicited,"['noticed', 'uninvite', 'collected']"
consider,"['considered', 'considerate', 'side']"
like,"['liked', 'likely', 'live']"
put,"['apt', 'putting']"
meant,"['meantime', 'want', 'vent']"
course,"['yours', 'house', 'hours']"
getting,"['setting', 'letting', 'stating']"
professional,"['expression', 'personal', 'reasonable']"
certain,"['conversation', 'taking', 'remain']"
seems,"['see', 'sets', 'seen']"
competition,"['contribution', 'mention', 'contributions']"
coming,"['becoming', 'going', 'doing']"
ground,"['groundgive', 'sound', 'run']"
thanking,"['thinking', 'taking', 'talking']"
reassure,"['pressure', 'treasured', 'measure']"
came,"['same', 'name', 'come']"
confidence,"['convince', 'convinced', 'considered']"
sentences,"['sentence', 'consequences', 'sets']"
upbeat,"['upset', 'repeat', 'unpleasant']"
names,"['name', 'same', 'ones']"
unwelcome,"['welcome', 'become', 'outcome']"
respectful,"['spectrum', 'repeat', 'expect']"
intermediate,"['interested', 'indicates', 'temperature']"
step,"['stop', 'style', 'steam']"
child,"['children', 'mild', 'hide']"
law,"['lawyer', 'lab', 'lawsuit']"
money,"['convey', 'tone', 'ones']"
consequences,"['sentences', 'confidence', 'sentence']"
outcome,"['tocome', 'come', 'comes']"
warning,"['writing', 'working', 'ranging']"
social,"['special', 'goal', 'call']"
hand,"['had', 'handle', 'handed']"
sensitive,"['positive', 'strive', 'offensive']"
indicates,"['invite', 'intermediate', 'educate']"
convinced,"['convince', 'convincing', 'confidence']"
raise,"['repairs', 'rate', 'promise']"
sort,"['short', 'support', 'sorry']"
comments,"['comes', 'common', 'memento']"
early,"['year', 'hear', 'dear']"
hire,"['hide', 'third', 'children']"
improve,['provide']
less,"['lesson', 'loss', 'lies']"
unfortunate,"['fortunate', 'uncomfortable', 'unforgivable']"
side,"['hide', 'sidehow', 'consider']"
effective,"['offensive', 'defensive', 'active']"
told,"['old', 'tool', 'world']"
life,"['live', 'like', 'lies']"
subject,"['suspect', 'upbeat', 'set']"
house,"['hours', 'use', 'course']"
reasons,"['response', 'reactions', 'sons']"
careful,"['care', 'refuse', 'charge']"
disappointed,"['inappropriate', 'dispassionate', 'appropriate']"
live,"['lives', 'love', 'like']"
choose,"['house', 'course', 'hostile']"
lost,"['lot', 'most', 'loss']"
sad,"['ad', 'stand', 'stated']"
finding,"['find', 'undoing', 'sending']"
period,"['person', 'permission', 'serious']"
news,"['new', 'ones', 'views']"
remain,"['remind', 'reprimanding', 'reprimand']"
becoming,"['coming', 'become', 'encouraging']"
flat,"['last', 'fact', 'least']"
adviser,"['advice', 'raise', 'reader']"
writer,"['write', 'written', 'rewrite']"
drinking,"['thinking', 'writing', 'working']"
relatives,"['relative', 'related', 'lives']"
mistaken,"['take', 'make', 'state']"
died,"['did', 'liked', 'ended']"
thoughts,"['thought', 'brought', 'house']"
class,"['loss', 'less', 'last']"
count,"['encounter', 'contact', 'consult']"
second,"['send', 'spend', 'sound']"
father,"['further', 'other', 'theirs']"
change,"['exchange', 'charge', 'exchanges']"
baby,[]
engagement,"['agreement', 'argument', 'disagreement']"
event,"['events', 'vent', 'seen']"
known,"['know', 'knowing', 'own']"
inform,[]
facts,"['fact', 'flat', 'factual']"
includes,"['innuendoes', 'crude']"
deliver,"['live', 'relative', 'lives']"
are,"['care', 'large', 'areas']"
shoulder,"['shower', 'sounded', 'sound']"
practice,"['active', 'rate', 'parties']"
obvious,['previous']
sex,"['use', 'sexual', 'set']"
welcome,"['unwelcome', 'become', 'come']"
common,"['communal', 'comments', 'coming']"
kinder,"['kind', 'singer', 'dinner']"
funeral,"['frail', 'uneasy']"
lengthy,"['lent', 'enough', 'let']"
communication,"['function', 'competition', 'communal']"
ranging,"['warning', 'thanking', 'handling']"
reached,"['read', 'replace', 'related']"
pressure,"['reassure', 'treasured', 'expresses']"
rest,"['best', 'request', 'present']"
world,"['word', 'words', 'old']"
friendship,"['friends', 'friend', 'finish']"
depending,"['sending', 'evening', 'delandin']"
central,[]
sign,"['using', 'singer', 'seeing']"
brother,"['other', 'others', 'mother']"
stand,"['sad', 'stated', 'understand']"
pleasant,"['unpleasant', 'least', 'unpleasantries']"
debt,"['dent', 'dealt', 'rebate']"
dated,"['date', 'waited', 'stated']"
recovery,"['record', 'convey', 'receive']"
putting,"['stating', 'setting', 'letting']"
sexual,"['sex', 'special', 'several']"
face,"['fact', 'grace', 'facts']"
upset,"['use', 'set', 'upbeat']"
harassment,"['argument', 'repayment', 'agreement']"
remarks,"['remark', 'breaks', 'repairs']"
offender,"['offer', 'coffee', 'offensive']"
belated,"['related', 'relative', 'dated']"
poor,"['door', 'power', 'report']"
having,"['hearing', 'thing', 'thanking']"
pets,"['sets', 'aspects', 'upset']"
admit,"['admits', 'midst', 'adult']"
adult,"['dealt', 'alert', 'admit']"
related,"['belated', 'relative', 'rebate']"
likely,"['like', 'liked', 'live']"
innuendoes,['includes']
requires,"['require', 'request', 'requests']"
reprimand,"['reprimands', 'reprimanding', 'reread']"
promise,"['provide', 'raise', 'surprised']"
realize,"['realized', 'relative', 'raise']"
harm,"['arm', 'warm', 'hear']"
material,"['terminal', 'matter', 'matters']"
distressed,"['interested', 'disturbs', 'witnesses']"
realized,"['realize', 'repaid', 'related']"
owe,"['power', 'shower', 'own']"
original,"['terminal', 'unforgivable']"
label,"['labeling', 'lab', 'able']"
fine,"['find', 'file', 'singer']"
shower,"['show', 'short', 'power']"
placed,"['replace', 'pleased', 'topleased']"
refuse,"['use', 'prefer', 'require']"
did,['died']
save,"['same', 'have', 'state']"
mend,"['end', 'send', 'spend']"
appear,"['paper', 'year', 'part']"
notifying,"['continuing', 'undoing', 'knowing']"
forget,"['get', 'sort', 'rest']"
prefer,"['refuse', 'referring', 'reference']"
belittle,"['little', 'bitter', 'battle']"
yours,"['hours', 'course', 'years']"
setting,"['stating', 'letting', 'getting']"
lunch,"['such', 'much']"
invite,"['uninvite', 'insist', 'indicates']"
businesslike,['business']
history,"['sorry', 'satisfactory', 'try']"
comes,"['come', 'comments', 'tocome']"
discussing,"['discussin', 'discuss', 'discussrough']"
aspects,"['sets', 'pets', 'suspect']"
ad,"['sad', 'mad', 'had']"
clear,"['clearer', 'learn', 'car']"
understood,"['derstood', 'understand', 'understanding']"
graduating,"['graduation', 'dramatizing', 'requesting']"
require,"['requires', 'request', 'inquire']"
license,"['lies', 'lives', 'police']"
satisfactory,"['stationery', 'history', 'attorney']"
desire,"['describe', 'easier', 'defensive']"
level,"['leave', 'several', 'love']"
seat,"['set', 'sets', 'upset']"
areas,"['are', 'breaks', 'rest']"
sets,"['set', 'seat', 'pets']"
invention,"['mention', 'conversation', 'attention']"
sit,"['it', 'visit', 'visits']"
show,"['how', 'shower', 'sidehow']"
trouble,"['troubling', 'true', 'role']"
warm,"['arm', 'harm', 'alarm']"
system,"['steam', 'step']"
encounter,"['count', 'note', 'encouraging']"
feels,"['feel', 'feelings', 'feet']"
comfortable,"['uncomfortable', 'unforgivable', 'fortunate']"
formality,"['neutrality', 'personality']"
reflect,"['reference', 'effective', 'repeat']"
turn,"['return', 'strung', 'nature']"
acceptable,"['unacceptable', 'accept', 'negotiable']"
quick,"['trick', 'quiet']"
repay,"['reply', 'ready', 'pay']"
neighborhood,['neighborly']
suspect,"['subject', 'aspects', 'upset']"
weekend,"['week', 'weakens', 'end']"
role,"['trouble', 'problem', 'solve']"
followed,"['allowed', 'allow']"
feelings,"['feels', 'seeing', 'meeting']"
imagine,['remain']
dance,"['advances', 'face', 'done']"
beautiful,[]
does,"['ones', 'done', 'dogs']"
finish,"['insist', 'friendship', 'friends']"
ones,"['onizes', 'tone', 'sons']"
correspondence,"['respond', 'confidence', 'response']"
tomorrow,['borrow']
tolerance,"['topleased', 'balance', 'tone']"
touching,"['thing', 'touchy', 'troubling']"
borrow,['tomorrow']
balance,"['dance', 'advances', 'tolerance']"
stated,"['state', 'hesitated', 'devastated']"
remind,"['remain', 'reprimand', 'repaid']"
unpaid,"['stupid', 'repaid']"
insist,"['consists', 'sit', 'invite']"
courteous,"['couscous', 'course']"
trade,"['reader', 'true', 'take']"
threaten,"['rebate', 'related', 'rate']"
ready,"['read', 'repay', 'reread']"
tactful,"['factual', 'beautiful']"
anger,"['angry', 'singer', 'change']"
missed,"['issue', 'issues', 'distressed']"
allowed,"['allow', 'followed', 'called']"
according,"['coming', 'working', 'warning']"
repayment,"['department', 'repay', 'repeat']"
lent,"['let', 'vent', 'dent']"
handbook,"['hand', 'thank']"
necklace,['replace']
reprimands,"['reprimand', 'reprimanding', 'reread']"
factual,"['fact', 'tactful', 'facts']"
witnesses,"['issues', 'distressed', 'illness']"
phrases,"['emphasizes', 'raise', 'expresses']"
vent,"['event', 'events', 'lent']"
antag,"['want', 'language', 'stage']"
lies,"['lives', 'live', 'like']"
reactions,"['actions', 'action', 'reservations']"
numbered,"['number', 'need']"
supporting,"['support', 'supportive', 'stopping']"
disagreement,"['agreement', 'statement', 'statements']"
appalled,"['called', 'allowed', 'prepared']"
alert,"['let', 'part', 'lent']"
abusive,"['passive', 'abusing', 'business']"
corrected,"['collected', 'rocated', 'related']"
verify,[]
frightened,"['friend', 'friends', 'right']"
spent,"['spend', 'set', 'vent']"
function,"['action', 'mention', 'communication']"
consists,"['insist', 'consult', 'considerate']"
uncomfortable,"['comfortable', 'unforgivable', 'unfortunate']"
goal,"['go', 'social']"
devastated,"['stated', 'hesitated', 'state']"
feet,"['feel', 'feels', 'event']"
stunning,"['strung', 'undoing', 'stating']"
hesitate,"['hesitated', 'state', 'stated']"
growing,"['going', 'knowing', 'wrong']"
wondering,"['mongering', 'working', 'offering']"
presents,"['present', 'events', 'sets']"
conveying,"['convey', 'convincing', 'convince']"
hopes,"['hope', 'hopeless', 'pets']"
trust,"['true', 'rest', 'request']"
negotiation,"['quotations', 'negotiable', 'competition']"
stage,"['stages', 'state', 'stated']"
argument,"['agreement', 'harassment', 'department']"
statistics,"['statements', 'situations']"
opposing,"['stopping', 'supporting', 'looking']"
quotations,"['questions', 'actions', 'situations']"
supportive,"['support', 'supporting', 'positive']"
anecdotal,"['negotiable', 'factual']"
accountant,"['contact', 'count', 'accusatory']"
defensive,"['offensive', 'sensitive', 'effective']"
bitter,"['belittle', 'writer', 'matter']"
strive,"['positive', 'sensitive', 'active']"
dispassionate,"['disappointed', 'discussin', 'discussing']"
considerate,"['considered', 'consider', 'confidence']"
rebate,"['rate', 'related', 'great']"
convince,"['convinced', 'convincing', 'confidence']"
opinions,"['visions', 'competition', 'position']"
door,"['poor', 'do']"
discussin,"['discussing', 'discuss', 'discussrough']"
negotiable,"['negotiation', 'negative', 'unforgivable']"
dogs,"['does', 'doing', 'do']"
looked,"['look', 'looks', 'liked']"
physical,[]
break,"['breaks', 'remark', 'weak']"
police,"['policy', 'voice', 'piece']"
jokes,"['ones', 'does', 'makes']"
documenting,"['mention', 'meeting', 'doing']"
encouraging,"['ranging', 'becoming', 'encounter']"
steam,"['system', 'step', 'stay']"
measure,"['reassure', 'treasured', 'sure']"
questionable,"['questions', 'reasonable', 'requesting']"
emotions,"['reactions', 'questions', 'quotations']"
lives,"['live', 'lies', 'relatives']"
hostile,"['style', 'possible', 'positive']"
reread,"['read', 'ready', 'prepared']"
hate,"['rate', 'have', 'date']"
waited,"['write', 'dated', 'writer']"
collections,"['collection', 'reactions', 'collected']"
gestures,"['gesture', 'sure', 'measure']"
looks,"['look', 'looked', 'lost']"
rewrite,"['write', 'writer', 'written']"
recognize,"['redone', 'onizes', 'realize']"
doubts,"['dogs', 'does', 'debt']"
achieve,['active']
helped,"['help', 'related', 'belated']"
fortunate,"['unfortunate', 'rate', 'comfortable']"
dramatizing,"['dramatize', 'graduating', 'drinking']"
terminal,"['material', 'termsdeal', 'tempting']"
advances,"['dance', 'advice', 'balance']"
stopping,"['opposing', 'supporting', 'stop']"
referring,"['offering', 'seeing', 'reference']"
offensive,"['defensive', 'offender', 'sensitive']"
lecture,"['gesture', 'gestures', 'collected']"
stupid,"['unpaid', 'surprised', 'stop']"
solve,"['resolved', 'save', 'role']"
conduct,"['contact', 'consult', 'count']"
treasured,"['reassure', 'measure', 'pressure']"
intelligent,['intelligence']
carries,"['care', 'parties', 'arrived']"
dearest,"['rest', 'dear', 'deepest']"
character,"['charge', 'clearer', 'rate']"
link,"['like', 'think', 'liked']"
emphasizes,"['phrases', 'easier']"
personality,"['personal', 'person', 'responsibility']"
intelligence,"['intelligent', 'sentence']"
convincing,"['continuing', 'convince', 'convinced']"
motivated,"['stated', 'rocated', 'noticed']"
uneasy,"['unpleasant', 'funeral', 'ones']"
assumptions,"['situations', 'actions', 'solution']"
weakens,"['weak', 'weekend', 'makes']"
exaggerate,['exaggerating']
admits,"['admit', 'adviser']"
pays,"['pay', 'past', 'days']"
willingness,"['illness', 'misspellings', 'witnesses']"
alarm,"['arm', 'warm', 'harm']"
touchy,"['touching', 'thought', 'such']"
dent,"['vent', 'lent', 'debt']"
marrying,"['saying', 'warning', 'hearing']"
arm,"['warm', 'harm', 'alarm']"
bombshells,[]
frail,"['family', 'mail', 'funeral']"
delandin,"['depending', 'understanding', 'sending']"
unjust,[]
uninvite,"['invite', 'unsolicited']"
guestshow,['show']
dressing,"['teasing', 'requesting', 'expression']"
roundabout,['ground']
conciliatory,['accusatory']
onizes,"['ones', 'recognize', 'boundaries']"
boil,['social']
hackles,"['makes', 'handle', 'has']"
ended,"['demanded', 'end', 'needed']"
unpleasantries,"['unpleasant', 'pleasant']"
trigger,"['writer', 'strive', 'singer']"
strung,"['stunning', 'troubling', 'run']"
annoy,"['many', 'angry']"
inflammatory,[]
believed,"['live', 'deliver', 'belated']"
battle,"['belittle', 'rebate', 'matter']"
labeling,"['label', 'talking', 'letting']"
dramatize,"['dramatizing', 'realize', 'damaged']"
coach,"['contact', 'teach']"
contributedhow,"['contribution', 'contributions']"
exaggerating,"['exaggerate', 'graduating', 'meeting']"
hesitated,"['hesitate', 'stated', 'devastated']"
mad,"['made', 'ad', 'sad']"
theirs,"['others', 'mothers', 'third']"
hide,"['side', 'hire', 'third']"
jumble,"['number', 'trouble', 'able']"
offhand,"['hand', 'offender', 'handle']"
distractions,"['reactions', 'actions', 'situations']"
teach,"['reached', 'research', 'steam']"
lesson,"['less', 'person', 'permission']"
undoing,"['doing', 'sending', 'knowing']"
attacking,"['taking', 'talking', 'thanking']"
disparaging,"['ranging', 'speaking', 'distractions']"
apt,"['put', 'accept', 'aspects']"
lawsuit,"['last', 'least', 'sit']"
ultimatum,[]
redone,"['done', 'response', 'recognize']"
artificial,[]
hopeful,"['hope', 'powerful', 'hotel']"
clearer,"['clear', 'care', 'leave']"
abusing,"['using', 'asking', 'teasing']"
idiot,"['visit', 'midst', 'admit']"
handed,"['handle', 'hand', 'ended']"
midst,"['most', 'mild', 'mistaken']"
prejudiced,['unpredictable']
mongering,"['wondering', 'offering', 'conveying']"
mild,"['mail', 'midst', 'child']"
spectrum,"['suspect', 'respectful', 'aspects']"
nonrecip,[]
rocated,"['rate', 'related', 'dated']"
quiet,"['require', 'request', 'inquire']"
educate,"['date', 'dated', 'indicates']"
boundaries,"['onizes', 'groundgive']"
reprimanding,"['reprimand', 'reprimands', 'remain']"
misspellings,"['willingness', 'speaking', 'feelings']"
spellcheck,['check']
dictionary,"['distractions', 'action', 'stationery']"
neutrality,"['personality', 'formality']"
cool,"['tool', 'schoolbag', 'comply']"
disagreeapologize,"['apologize', 'disagreement', 'apologies']"
partappreciate,"['appreciate', 'appropriate']"
tocome,"['come', 'outcome', 'comes']"
termsdeal,"['terminal', 'lettersdear', 'deal']"
withdifficult,['difficult']
understandfind,"['understanding', 'understand', 'understood']"
middle,"['side', 'mild', 'mail']"
groundgive,"['ground', 'boundaries']"
takehappy,"['happy', 'take']"
futurelook,['future']
discussrough,"['discuss', 'discussing', 'discussin']"
goingstate,"['state', 'going', 'stated']"
affairsticklish,[]
helpwork,"['work', 'help']"
endingwork,"['sending', 'depending']"
sidehow,"['side', 'show', 'shower']"
cup,[]
stages,"['stage', 'state', 'stated']"
crude,"['true', 'care', 'includes']"
repaid,"['read', 'repairs', 'repay']"
grace,"['replace', 'reached', 'rate']"
misun,"['mistaken', 'sound', 'midst']"
derstood,"['understood', 'understand', 'dearest']"
sounded,"['sound', 'shoulder', 'ended']"
lab,"['label', 'law']"
kayak,[]
trick,"['think', 'quick']"
straight,"['right', 'state', 'stage']"
ugly,[]
ascribed,"['describe', 'arrived', 'asked']"
coffee,"['offer', 'offender', 'office']"
breaks,"['break', 'remarks', 'areas']"
tempting,"['teasing', 'stating', 'setting']"
errand,"['reread', 'reprimand', 'end']"
gym,[]
workout,"['work', 'worker']"
workdays,"['words', 'work', 'word']"
livestock,"['lives', 'live', 'lies']"
teasing,"['taking', 'asking', 'talking']"
mothers,"['others', 'mother', 'other']"
preschoolers,"['shoulder', 'resolved', 'recovery']"
couscous,['courteous']
neighborly,['neighborhood']
unpredictable,"['unforgivable', 'unacceptable', 'uncomfortable']"
disturbs,"['distressed', 'discuss', 'gestures']"
carved,"['care', 'arrived', 'credit']"
giraffe,['grace']
memento,"['mention', 'meant', 'event']"
schoolbag,['cool']
demanded,"['ended', 'handed', 'made']"
rhinestone,"['response', 'invention', 'redone']"
taxi,['taking']
hopeless,"['hopes', 'less', 'hopeful']"
sentimental,"['sentence', 'meantime', 'statement']"
deepest,"['dearest', 'repeat', 'expect']"
unforgivable,"['uncomfortable', 'unpredictable', 'negotiable']"
spark,"['speak', 'part', 'speaking']"
exchanges,"['exchange', 'change', 'charge']"
uptake,"['take', 'make']"
singer,"['using', 'anger', 'seeing']"
gile,"['give', 'file', 'given']"
visions,"['visits', 'sons', 'visit']"
temperature,"['measure', 'treasured']"
troubling,"['trouble', 'touching', 'strung']"
communal,"['common', 'communication', 'comments']"
justified,"['used', 'unsolicited']"
remembrance,"['reference', 'tolerance']"
daughters,"['dangerous', 'matters', 'date']"
sons,"['ones', 'visions', 'reasons']"
