accept,"['acceptable', 'accident', 'fact']"
say,"['says', 'way', 'sad']"
pleasure,"['pleased', 'ensure', 'assure']"
person,"['personal', 'pension', 'son']"
happy,"['happened', 'heavy']"
write,"['writer', 'writers', 'white']"
pleased,"['pleasure', 'passed', 'learned']"
dinner,"['insert', 'die', 'sincere']"
other,"['others', 'mother', 'brother']"
letter,"['letters', 'better', 'letterhead']"
first,"['florist', 'fire', 'worst']"
invitations,"['orientation', 'qualifications', 'devastation']"
see,"['seen', 'seem', 'sense']"
have,"['gave', 'share', 'heavy']"
offer,"['offers', 'offered', 'offering']"
discuss,['disguise']
date,"['water', 'disaster', 'departed']"
company,"['companion', 'accompanying', 'many']"
name,"['same', 'nature', 'enable']"
questions,"['pension', 'mention', 'qualifications']"
job,[]
do,"['done', 'demo']"
time,"['tied', 'crime', 'stigma']"
how,"['shows', 'own']"
let,"['left', 'least', 'pet']"
use,"['house', 'spouse', 'see']"
tell,"['tells', 'well', 'welli']"
week,[]
call,"['small', 'recalling', 'social']"
help,"['helpful', 'heals', 'shovel']"
come,"['home', 'welcome', 'customer']"
writing,"['wearing', 'pitying', 'hurting']"
sure,"['ensure', 'assure', 'survive']"
wedding,"['wearing', 'sending', 'reading']"
contribution,"['congratulations', 'confusion', 'orientation']"
duties,"['die', 'stories', 'tips']"
expression,"['expressions', 'expressing', 'express']"
part,"['past', 'parents', 'start']"
take,"['talk', 'make', 'mistake']"
evening,"['seeing', 'extending', 'sending']"
try,"['story', 'cry', 'tragedy']"
good,"['food', 'go', 'flood']"
send,"['sends', 'second', 'seen']"
brief,"['grief', 'griefno', 'write']"
word,"['world', 'words', 'wordsb']"
add,"['sad', 'had', 'bad']"
personal,"['person', 'professional', 'pension']"
ask,['has']
stationery,"['story', 'devastation', 'separation']"
same,"['name', 'share', 'smiles']"
children,"['child', 'accident', 'clean']"
thank,"['think', 'thankful', 'talk']"
letterhead,"['lettersdear', 'letter', 'letters']"
great,"['mygreat', 'get', 'relate']"
appreciate,"['appropriate', 'inappropriate', 'speculate']"
year,"['years', 'hear', 'fear']"
response,"['responses', 'spouse', 'responding']"
speak,"['special', 'spite', 'spent']"
next,"['context', 'insert', 'honest']"
month,"['months', 'mouth', 'mother']"
work,"['word', 'worth', 'worst']"
much,"['such', 'mouth']"
looking,"['flooding', 'loving', 'long']"
best,"['least', 'honest', 'better']"
book,['took']
mind,"['find', 'midst', 'remain']"
way,"['say', 'day']"
letters,"['letter', 'lettersdear', 'better']"
heart,"['hear', 'toheart', 'heard']"
find,"['friend', 'mind', 'fund']"
difficult,[]
place,"['plan', 'face', 'races']"
offers,"['offer', 'offered', 'offering']"
conference,"['reference', 'difference', 'condolence']"
express,"['expressed', 'expression', 'expressing']"
nature,"['signature', 'natural', 'future']"
assistance,['sister']
needs,"['need', 'news', 'ends']"
home,"['hope', 'come', 'house']"
seeing,"['seen', 'sending', 'selling']"
future,"['nature', 'picture', 'gesture']"
avoid,"['said', 'favorite']"
busy,"['fussy', 'uneasy']"
stop,"['story', 'storm']"
simple,"['smiles', 'silver', 'simplistic']"
better,"['letter', 'bitter', 'betterwho']"
tips,"['is', 'things', 'duties']"
possible,"['impossible', 'suitable', 'portable']"
dwell,"['dwells', 'well', 'welli']"
deal,"['real', 'idea', 'dear']"
says,"['say', 'days', 'dismay']"
idea,"['dear', 'deal', 'death']"
make,"['makes', 'take', 'made']"
friends,"['friend', 'find', 'ends']"
go,"['got', 'good', 'gone']"
more,"['mourned', 'worse', 'order']"
mention,"['pension', 'sensational', 'reunions']"
imperative,"['relatives', 'perceived', 'sympathize']"
special,"['social', 'specific', 'speak']"
offered,"['offer', 'suffered', 'offers']"
remark,"['remarks', 'reward', 'remain']"
complimentary,"['commentary', 'comments', 'competent']"
experience,"['experiencing', 'reference', 'expected']"
example,"['employee', 'employed', 'employees']"
cases,"['case', 'class', 'crises']"
car,"['cars', 'care', 'card']"
general,"['several', 'generic', 'funeral']"
day,"['days', 'today', 'way']"
receiving,"['received', 'grieving', 'greeting']"
plain,"['plan', 'plans', 'praying']"
insert,"['sincerest', 'misery', 'dinner']"
case,"['cases', 'cars', 'care']"
convey,"['one', 'lovely', 'convicted']"
handwritten,['write']
e,[]
language,[]
formal,"['normal', 'formade', 'funeral']"
words,"['wordsb', 'word', 'worst']"
join,"['joins', 'doing', 'moving']"
generous,"['serious', 'generic', 'general']"
plan,"['plans', 'plain', 'place']"
support,"['supportive', 'superior', 'short']"
enclosing,"['encouraging', 'welcoming', 'recalling']"
liked,"['like', 'tied', 'live']"
stories,"['stricken', 'story', 'storm']"
parents,"['patients', 'apartment', 'part']"
anniversary,"['manners', 'necessary', 'livesmany']"
it,"['t', 'suit', 'pity']"
wishes,"['wish', 'crises', 'writers']"
enjoyed,"['ended', 'employed']"
important,"['allimportant', 'imperative']"
hours,"['house', 'course', 'hugs']"
understand,['devastated']
self,"['thoselife', 'shovel', 'behalf']"
give,"['live', 'gave', 'grieved']"
final,"['funeral', 'fine', 'find']"
family,['ability']
love,"['loved', 'loveof', 'lovely']"
reference,"['experience', 'difference', 'conference']"
thought,"['thoughts', 'drought', 'enough']"
favorite,"['florist', 'appropriate', 'write']"
received,"['perceived', 'receiving', 'grieved']"
acknowledge,"['acknowledgments', 'knownfeel', 'colleague']"
know,"['knows', 'snow', 'knew']"
sympathy,"['sympathyrow', 'sympathywish', 'sympathize']"
order,"['poorer', 'word', 'shorter']"
acknowledgments,"['acknowledge', 'announcements', 'comments']"
message,[]
expressions,"['expression', 'expressing', 'express']"
divorce,"['advice', 'die']"
absence,"['sense', 'ences', 'cancer']"
need,"['needs', 'ended', 'wanted']"
appropriate,"['inappropriate', 'appreciate', 'favorite']"
hear,"['heart', 'heard', 'year']"
business,"['businesspeople', 'sadness', 'illness']"
made,"['make', 'formade', 'makes']"
cards,"['cars', 'card', 'car']"
congratulations,"['consolation', 'contribution', 'orientation']"
note,"['notes', 'notice', 'other']"
close,"['closer', 'lose', 'loose']"
explanations,"['separation', 'relationship', 'mention']"
responses,"['response', 'respects', 'spouse']"
address,"['dress', 'addressing', 'sadness']"
collection,"['completing', 'consolation', 'rejection']"
death,"['idea', 'dear', 'deal']"
serious,"['superior', 'scenario', 'pious']"
necessary,"['condolencessorry', 'anniversary']"
people,"['couple', 'example', 'hope']"
several,"['general', 'referral', 'everyday']"
get,"['great', 'pet', 'let']"
process,"['express', 'races', 'dress']"
short,"['shorter', 'sor', 'support']"
is,"['wish', 'tips', 's']"
enough,"['encourage', 'thought', 'lengthy']"
passed,"['pleased', 'likepassed', 'phrase']"
additional,"['national', 'sensational']"
condolence,"['condolences', 'condolencessorry', 'condol']"
announcements,"['acknowledgments', 'achievements']"
talking,"['taking', 'talk', 'staying']"
thing,"['things', 'think', 'thinking']"
bereaved,"['brave', 'reread', 'perceived']"
mother,"['other', 'others', 'brother']"
loving,"['moving', 'living', 'long']"
one,"['gone', 'done', 'son']"
sending,"['seeing', 'extending', 'send']"
customers,"['customer', 'stories', 'come']"
knows,"['know', 'snow', 'news']"
offering,"['suffering', 'offer', 'offers']"
illness,"['wilderness', 'business', 'tardiness']"
behalf,"['self', 'real', 'deal']"
changes,"['change', 'charming', 'cases']"
plans,"['plan', 'plain', 'pleased']"
expressing,"['expression', 'expressions', 'express']"
most,"['lost', 'worst', 'mouth']"
assure,"['assume', 'sure', 'pleasure']"
many,"['man', 'company', 'livesmany']"
deceased,"['pleased', 'drycleaned', 'devastated']"
foldovers,"['flowers', 'colors', 'florist']"
keep,['keeping']
comforting,"['comfort', 'discomfort', 'completing']"
members,"['member', 'remembers', 'remember']"
taking,"['talking', 'staying', 'thing']"
recent,"['recurrent', 'event', 'receiving']"
current,"['recurrent', 'recent', 'course']"
storm,"['story', 'sor', 'stories']"
customer,"['customers', 'come', 'story']"
returns,"['reunions', 'requires', 'recurrent']"
had,"['hand', 'heard', 'shared']"
thinking,"['think', 'thing', 'things']"
bring,"['brings', 'bringing', 'big']"
wanted,"['watched', 'water', 'talented']"
leaving,"['loving', 'living', 'wearing']"
today,"['day', 'tomarry', 'told']"
long,"['loving', 'looking', 'young']"
seen,"['see', 'seeing', 'send']"
employee,"['employees', 'employed', 'example']"
supplies,"['supportive', 'spite', 'lives']"
lettersdear,"['letters', 'letterhead', 'letter']"
others,"['other', 'mother', 'brother']"
overwhelming,"['welcoming', 'healing', 'feeling']"
staff,['start']
expect,"['expected', 'unexpected', 'respects']"
few,[]
ship,['simple']
begin,"['bringing', 'blessing', 'bring']"
using,"['seeing', 'staying', 'sending']"
wonderful,"['wondering', 'hopeful']"
old,"['told', 'world']"
sorry,"['worry', 'story', 'sor']"
has,"['heals', 'phrase', 'had']"
learn,"['learned', 'clean', 'year']"
full,[]
done,"['one', 'gone', 'doing']"
years,"['year', 'remarks', 'prayers']"
doing,"['moving', 'loving', 'hoping']"
past,"['part', 'plans', 'least']"
bringing,"['bring', 'brings', 'managing']"
such,['much']
care,"['car', 'are', 'case']"
wrong,"['writing', 'wearing', 'long']"
fire,"['free', 'fine', 'first']"
notice,"['note', 'notes', 'anticipate']"
small,['call']
difference,"['reference', 'conference', 'experience']"
free,"['fire', 'feel', 'reread']"
months,"['month', 'mouth', 'others']"
visited,"['visit', 'visiting', 'spite']"
dear,"['year', 'idea', 'hear']"
keeping,"['seeing', 'keep', 'feeling']"
inadequacies,"['inadequate', 'requires']"
unwarranted,"['wanted', 'hurricane']"
bad,"['sad', 'had', 'add']"
worse,"['worst', 'words', 'wordsb']"
chapter,"['water', 'charm', 'father']"
confusion,"['consolation', 'contribution', 'companion']"
assume,"['assure', 'passed', 'classmates']"
happened,"['happiness', 'throughhappened', 'hand']"
lose,"['loose', 'close', 'losses']"
passing,"['praying', 'missing', 'expressing']"
focus,"['pious', 'house', 'hours']"
vague,['language']
memory,"['memories', 'misery', 'memorials']"
employees,"['employee', 'employed', 'example']"
wish,"['wishes', 'is', 'wisdom']"
things,"['thing', 'think', 'thinking']"
makes,"['make', 'take', 'remarks']"
big,"['bring', 'brings', 'bright']"
least,"['let', 'pleased', 'past']"
specific,['special']
fear,"['year', 'hear', 'dear']"
gesture,"['ensure', 'sure', 'pleasure']"
managing,"['encouraging', 'mourning', 'bringing']"
handle,"['hand', 'handclasp', 'had']"
similar,"['imaginary', 'stigma', 'smiles']"
advice,"['die', 'divorce', 'made']"
right,"['bright', 'drought', 'write']"
little,"['bitter', 'battle', 'live']"
inappropriate,"['appropriate', 'appreciate']"
got,"['go', 'get']"
considered,"['convicted', 'closer', 'conference']"
sense,"['sends', 'see', 'ensure']"
tells,"['tell', 'dwells', 'well']"
typed,"['type', 'tied']"
matters,"['manners', 'letters', 'water']"
size,"['spite', 'smiles', 'sister']"
missing,"['miss', 'passing', 'visiting']"
days,"['day', 'says', 'today']"
carry,"['cry', 'car', 'tomarry']"
bright,"['right', 'bring', 'brings']"
hope,"['home', 'hopeful', 'house']"
responding,"['sending', 'reading', 'recounting']"
young,"['long', 'mourning', 'wrong']"
reading,"['readings', 'creating', 'remain']"
type,['typed']
shows,"['how', 'snow', 'short']"
son,"['sor', 'second', 'person']"
visit,"['visited', 'visiting', 'suit']"
share,"['shared', 'are', 'sure']"
concern,"['cancer', 'conference', 'wondering']"
food,"['flood', 'good', 'flooding']"
ensure,"['sure', 'gesture', 'sense']"
gave,"['have', 'give', 'brave']"
line,"['live', 'like', 'life']"
loss,"['losses', 'lost', 'lose']"
felt,"['feel', 'heartfelt', 'relate']"
fact,"['face', 'fatal', 'father']"
think,"['thing', 'thank', 'thinking']"
grateful,"['careful', 'dreadful', 'grief']"
friend,"['friends', 'find', 'ofgrand']"
feel,"['free', 'felt', 'feeling']"
own,"['town', 'son', 'one']"
r,[]
like,"['liked', 'live', 'line']"
put,"['pet', 'cut']"
course,"['courage', 'worse', 'house']"
getting,"['greeting', 'thing', 'grieving']"
professional,"['expression', 'personal', 'expressions']"
client,"['clients', 'clean', 'accident']"
certain,"['creating', 'clean', 'taking']"
t,['it']
seems,"['seem', 'see', 'seen']"
helpful,"['help', 'hopeful']"
took,['book']
seem,"['seems', 'see', 'seen']"
talk,"['walk', 'take', 'talking']"
following,"['flooding', 'loving', 'selling']"
wisdom,['wish']
snow,"['know', 'shows', 'knows']"
dwells,"['dwell', 'well', 'welli']"
said,"['sad', 'avoid', 'shared']"
cut,"['put', 'current', 'counted']"
superior,"['survivors', 'support', 'serious']"
colleague,"['courage', 'acknowledge']"
respectful,"['respects', 'respected', 'speculate']"
child,"['children', 'cloud']"
ignored,"['ignoring', 'signature']"
social,"['special', 'commercial', 'associates']"
perceived,"['received', 'bereaved', 'prevented']"
hand,"['had', 'handle', 'husband']"
c,[]
h,[]
comments,"['commentary', 'moment', 'common']"
survive,"['survivors', 'sure', 'supportive']"
activities,"['trivializes', 'relatives', 'platitudes']"
student,"['sudden', 'spent', 'burden']"
visiting,"['visit', 'writing', 'visited']"
unfortunate,"['fortunate', 'misfortune', 'misfortunes']"
effective,"['effects', 'affected', 'affection']"
proud,"['profound', 'grounded', 'pious']"
told,"['old', 'world', 'today']"
life,"['live', 'line', 'like']"
subject,['suspects']
house,"['hours', 'use', 'spouse']"
feeling,"['feelings', 'seeing', 'feel']"
careful,"['care', 'grateful', 'dreadful']"
wearing,"['caring', 'wondering', 'writing']"
relationship,"['relatives', 'explanations', 'orientation']"
greeting,"['getting', 'grieving', 'creating']"
card,"['cards', 'car', 'cars']"
memories,"['memorials', 'memory', 'memorable']"
live,"['lives', 'alive', 'love']"
married,"['miscarriage', 'miscarriages', 'heartgrieved']"
remember,"['remembers', 'remembered', 'member']"
miss,"['missing', 'midst', 'is']"
commercial,"['memorials', 'social', 'commentary']"
association,"['associates', 'vacationing', 'sensational']"
spouse,"['pious', 'house', 'response']"
shared,"['share', 'heard', 'sad']"
warmth,"['warm', 'warmest', 'worth']"
gathering,"['thing', 'things', 'father']"
choose,"['loose', 'house', 'close']"
lost,"['most', 'loss', 'lose']"
sad,"['said', 'shared', 'say']"
loved,"['love', 'loveof', 'lovely']"
couple,"['people', 'course', 'completing']"
happiness,"['happinesses', 'happened', 'tardiness']"
notes,"['note', 'others', 'notice']"
signature,"['nature', 'sincere', 'picture']"
finding,"['lining', 'find', 'sending']"
remembered,"['remember', 'remembers', 'member']"
anecdote,"['andthe', 'note', 'affected']"
humor,"['more', 'short', 'mourn']"
affection,"['affected', 'rejection', 'effective']"
news,"['knew', 'notes', 'needs']"
remain,"['reading', 'readings', 'creating']"
member,"['members', 'remember', 'remembers']"
smiles,"['simple', 'silver', 'sympathies']"
envelope,['leveled']
sends,"['send', 'ends', 'sense']"
clients,"['client', 'intents', 'patients']"
writer,"['writers', 'write', 'white']"
relatives,"['relate', 'lives', 'relationship']"
worry,"['sorry', 'work', 'word']"
painful,"['thankful', 'plain']"
died,"['die', 'tied', 'liked']"
thoughts,"['thought', 'hugs', 'drought']"
blessing,"['passing', 'missing', 'leaving']"
lovely,"['love', 'loved', 'shovel']"
class,"['cases', 'loss', 'classmates']"
hugs,"['thoughts', 'house', 'hours']"
second,"['send', 'sends', 'son']"
father,"['water', 'other', 'others']"
comfort,"['discomfort', 'comforting', 'comfortthem']"
change,"['changes', 'charming', 'handle']"
baby,[]
event,"['recent', 'prevented', 'violent']"
living,"['loving', 'lining', 'leaving']"
achievements,"['announcements', 'clients', 'patients']"
town,['own']
includes,"['ences', 'cloud']"
are,"['care', 'area', 'share']"
purpose,"['response', 'responses', 'spouse']"
welcome,"['welcoming', 'come']"
common,"['comments', 'companion', 'commentary']"
separation,"['explanations', 'sensational', 'scenario']"
identify,['accident']
survivors,"['survive', 'superior', 'serious']"
flowers,"['florist', 'foldovers', 'others']"
funeral,"['general', 'vulnerable', 'final']"
lengthy,"['enough', 'energy', 'client']"
white,"['write', 'writer', 'writers']"
area,"['are', 'real', 'care']"
energy,"['lengthy', 'generic', 'general']"
sadness,"['tardiness', 'address', 'saddened']"
husband,"['hand', 'handle', 'sad']"
world,"['word', 'words', 'old']"
fatal,"['talk', 'natural', 'fact']"
brother,"['other', 'others', 'mother']"
memorials,"['memories', 'memorable', 'memory']"
easy,"['uneasy', 'years', 'ready']"
face,"['fact', 'races', 'place']"
remarks,"['remark', 'years', 'makes']"
belated,"['relate', 'beaten', 'departed']"
tactless,"['tactful', 'races', 'class']"
mistake,"['take', 'make', 'midst']"
gone,"['one', 'goes', 'done']"
alive,"['live', 'lives', 'love']"
shovel,"['lovely', 'shorter', 'shocked']"
context,"['next', 'counted', 'convicted']"
dramatic,['dramatizing']
worst,"['worth', 'worse', 'words']"
sympathize,"['sympathies', 'sympathy', 'sympathywish']"
requires,"['returns', 'reverses', 'reunions']"
heartfelt,"['heart', 'toheart', 'hear']"
real,"['deal', 'area', 'referral']"
s,['is']
embarrassing,"['expressing', 'addressing', 'wearing']"
distressed,"['dress', 'treasured', 'expressed']"
paragraphswe,[]
knew,"['news', 'know', 'knows']"
neighbor,['neighbors']
fine,"['line', 'fire', 'find']"
tardiness,"['sadness', 'awkwardness', 'happiness']"
dreadful,"['real', 'deal', 'careful']"
ignoring,"['lining', 'ignored', 'finding']"
delightful,[]
expected,"['unexpected', 'expect', 'respected']"
accident,"['client', 'accept', 'clients']"
forget,"['get', 'formade', 'florist']"
background,['grounded']
religious,['serious']
hoping,"['thing', 'doing', 'things']"
employed,"['employee', 'employees', 'example']"
shorter,"['short', 'sorry', 'share']"
heavy,"['hear', 'have', 'easy']"
aspects,"['suspects', 'respects', 'spent']"
generic,"['general', 'generous', 'energy']"
picture,"['spite', 'signature', 'nature']"
heard,"['hear', 'heart', 'had']"
suitable,"['suit', 'possible', 'portable']"
moving,"['loving', 'doing', 'mourning']"
closer,"['close', 'lose', 'loose']"
learned,"['learn', 'lend', 'pleased']"
qualifications,"['invitations', 'questions', 'affection']"
desire,"['ensure', 'die', 'sincere']"
determined,"['terminal', 'extended', 'extend']"
moment,"['month', 'imminent', 'comments']"
sincere,"['sincerest', 'saddenedsincere', 'signature']"
unexpected,"['expected', 'expect', 'respected']"
ill,['illness']
trouble,['couple']
relate,"['relatives', 'belated', 'great']"
warm,"['warmth', 'warmest', 'water']"
start,"['toheart', 'part', 'hesitate']"
extend,"['extended', 'extending', 'expected']"
luck,[]
honorary,"['worry', 'sorry']"
dreams,"['dress', 'remarks', 'address']"
acceptable,"['accept', 'portable', 'vegetable']"
man,"['many', 'remain', 'manners']"
garden,"['burden', 'are', 'parents']"
worth,"['worst', 'warmth', 'work']"
hospitalization,"['separation', 'orientation', 'consolation']"
scholarships,['scholarship']
talented,"['wanted', 'lend', 'learned']"
accompanying,"['companion', 'company', 'completing']"
ability,"['disability', 'family']"
joins,"['join', 'doing']"
vulnerable,"['funeral', 'vegetable', 'miserable']"
guilt,"['suit', 'quiet', 'girls']"
rejection,"['greeting', 'affection', 'recounting']"
feelings,"['feeling', 'dealings', 'seeing']"
phrase,"['passed', 'has', 'purpose']"
left,"['let', 'theft', 'least']"
normal,"['formal', 'animal', 'natural']"
donation,"['national', 'orientation', 'consolation']"
affected,"['effective', 'affection', 'offered']"
optimistic,['simplistic']
encourage,"['courage', 'encouraging', 'courageous']"
ready,"['reward', 'reread', 'tragedy']"
tactful,"['thankful', 'tactless', 'grateful']"
pity,"['pitying', 'spite', 'it']"
reverses,"['respects', 'requires', 'dress']"
experiencing,"['experience', 'expressing', 'extending']"
drawn,[]
impossible,"['possible', 'simple']"
apartment,"['parents', 'patients', 'warmest']"
neighbors,['neighbor']
creating,"['reading', 'readings', 'greeting']"
disaster,"['sister', 'date', 'disguise']"
ends,"['sends', 'send', 'lend']"
addressing,"['address', 'passing', 'expressing']"
national,"['sensational', 'additional', 'donation']"
appalled,"['appalling', 'happened']"
honest,"['one', 'changes', 'next']"
respects,"['respected', 'aspects', 'respectful']"
silver,"['smiles', 'sister', 'simple']"
spent,"['pet', 'student', 'send']"
patients,"['parents', 'apartment', 'sympathies']"
physician,[]
clean,"['learn', 'client', 'plan']"
warmest,"['newswarmest', 'warmth', 'warm']"
watched,"['watch', 'wanted', 'touched']"
successes,[]
watch,"['watched', 'warmth', 'worth']"
associates,"['association', 'classmates', 'social']"
inventory,['intents']
disability,"['ability', 'dismay']"
burdens,"['burden', 'sudden', 'garden']"
devastated,"['devastation', 'devastating', 'hesitate']"
l,[]
sincerest,"['sincere', 'insert', 'newswarmest']"
sensational,"['national', 'sentimental', 'separation']"
grass,"['races', 'great', 'girls']"
awkward,"['awkwardness', 'reward']"
hesitate,"['devastated', 'suitable', 'white']"
wondering,"['wearing', 'offering', 'wonderful']"
body,"['jody', 'today']"
lend,"['send', 'ends', 'learned']"
fund,"['find', 'profound', 'fudge']"
completing,"['competent', 'comforting', 'collection']"
well,"['welli', 'dwell', 'dwells']"
selling,"['seeing', 'recalling', 'sending']"
memorable,"['miserable', 'memorials', 'portable']"
water,"['writer', 'wanted', 'father']"
extending,"['extend', 'sending', 'evening']"
extended,"['extend', 'ended', 'extending']"
sympathies,"['sympathize', 'sympathywish', 'sympathy']"
dealings,"['healing', 'readings', 'feelings']"
supportive,"['support', 'survive', 'supplies']"
bitter,"['better', 'writer', 'sister']"
story,"['storm', 'sorry', 'try']"
expressed,"['express', 'expression', 'expressing']"
effects,"['effective', 'respects', 'affected']"
false,"['lose', 'face', 'case']"
spite,"['sister', 'visited', 'suit']"
natural,"['nature', 'national', 'fatal']"
writers,"['writer', 'write', 'white']"
organized,"['ofgrand', 'mourned', 'agonize']"
everyday,['several']
encouraging,"['encourage', 'enclosing', 'recounting']"
empty,"['pity', 'sympathy', 'employee']"
lives,"['live', 'alive', 'relatives']"
reread,"['ready', 'bereaved', 'reward']"
flood,"['food', 'flooding', 'good']"
welcoming,"['welcome', 'overwhelming', 'loving']"
caring,"['charming', 'crying', 'wearing']"
goes,"['gone', 'notes', 'go']"
crying,"['caring', 'praying', 'bring']"
mouth,"['month', 'mother', 'months']"
tied,"['time', 'died', 'typed']"
colors,"['close', 'foldovers', 'course']"
brings,"['bring', 'readings', 'bringing']"
loose,"['lose', 'close', 'losses']"
charm,"['charming', 'car', 'warm']"
manners,"['matters', 'makes', 'anniversary']"
suffering,"['offering', 'suffer', 'suffered']"
clichés,[]
fortunate,"['unfortunate', 'misfortune', 'misfortunes']"
tragic,"['quicktragic', 'tragedy']"
charity,"['heart', 'charming', 'charm']"
discomfort,"['comfort', 'comforting', 'comfortthem']"
cloud,"['counted', 'includes', 'proud']"
praying,"['crying', 'staying', 'reading']"
healing,"['dealings', 'recalling', 'wearing']"
horrible,"['possible', 'portable', 'newsterrible']"
tragedy,"['ready', 'treasured', 'tragic']"
dramatizing,"['dramatic', 'vacationing', 'devastating']"
cheeriness,"['tardiness', 'happiness', 'crises']"
terminal,"['determined', 'personal', 'national']"
animal,['normal']
pet,"['spent', 'put', 'let']"
referral,"['several', 'real', 'general']"
burden,"['burdens', 'sudden', 'garden']"
die,"['died', 'duties', 'dinner']"
charming,"['caring', 'charm', 'crying']"
walk,['talk']
staying,"['taking', 'talking', 'praying']"
introduced,['touched']
unwilling,"['rebuilding', 'writing', 'selling']"
awkwardness,"['awkward', 'tardiness', 'sadness']"
dress,"['address', 'dreams', 'wilderness']"
reunions,"['returns', 'recounting', 'pension']"
recalling,"['selling', 'reading', 'healing']"
treasured,"['pleasure', 'reward', 'ensure']"
suit,"['visit', 'suitable', 'spite']"
courage,"['encourage', 'courageous', 'course']"
prayers,"['years', 'races', 'poorer']"
cars,"['cards', 'car', 'case']"
entitled,"['tied', 'talented', 'ended']"
cry,"['carry', 'try', 'crying']"
scholarship,['scholarships']
prohibits,[]
toi,['stories']
uneasy,"['easy', 'funeral', 'news']"
portable,"['memorable', 'lovable', 'acceptable']"
grief,"['griefno', 'brief', 'grieved']"
touched,"['blowtouched', 'watched', 'introduced']"
privileged,['perceived']
u,[]
suffer,"['suffered', 'suffering', 'offer']"
orientation,"['donation', 'invitations', 'mention']"
admiring,"['caring', 'wearing', 'reading']"
wilderness,"['illness', 'bewildered', 'dress']"
losses,"['loss', 'lose', 'loose']"
ended,"['extended', 'send', 'need']"
battle,"['little', 'bitter', 'better']"
hopeful,"['hope', 'helpful', 'wonderful']"
midst,"['most', 'mistake', 'miss']"
quiet,"['suit', 'requires', 'guilt']"
sentimental,"['sensational', 'national', 'entitled']"
deepest,"['deepestone', 'deepestsharing', 'expect']"
sorrow,"['sorrowrich', 'sorry', 'sorrowoffeel']"
condolences,"['condolence', 'condolencessorry', 'condol']"
shocked,"['timeshocked', 'shovel', 'shared']"
saddened,"['saddenedduring', 'sudden', 'saddenedsincere']"
overlook,[]
burglary,[]
suffered,"['suffer', 'offered', 'suffering']"
violent,"['event', 'moment', 'client']"
crime,"['crises', 'time', 'come']"
bankruptcy,[]
misfortunes,"['misfortune', 'fortunate', 'virtues']"
miscarriage,"['miscarriages', 'married']"
devastating,"['devastation', 'devastated', 'staying']"
suicide,['sudden']
grieving,"['greeting', 'living', 'receiving']"
profound,"['proud', 'profoundlysick', 'fund']"
grieved,"['heartgrieved', 'give', 'lossgrieve']"
respected,"['respects', 'expected', 'unexpected']"
stunned,['mestunned']
handclasp,"['handle', 'hand']"
watsonletters,"['letters', 'letter', 'matters']"
inadequate,"['inadequacies', 'acquainted']"
tonguetied,[]
stricken,['stories']
allimportant,['important']
theft,"['toheart', 'left', 'other']"
hurricane,"['hurting', 'unwarranted']"
drought,"['thought', 'thoughts', 'right']"
dismay,"['say', 'livesmany', 'day']"
virtues,['misfortunes']
appalling,"['appalled', 'recalling', 'talking']"
morbid,"['mourned', 'married', 'word']"
philosophy,['philosophic']
commentary,"['complimentary', 'comments', 'competent']"
grounded,"['mourned', 'gone', 'counted']"
philosophic,['philosophy']
pious,"['spouse', 'serious', 'proud']"
simplistic,"['optimistic', 'simple']"
readings,"['reading', 'dealings', 'creating']"
intents,"['clients', 'patients', 'notes']"
drycleaned,"['learned', 'deceased', 'clean']"
miserable,"['memorable', 'misery', 'enable']"
expectedmeto,"['expected', 'unexpected', 'respected']"
comfortthem,"['comfort', 'discomfort', 'comforting']"
platitudes,"['patients', 'relatives', 'sympathies']"
digestarticle,"['devastated', 'gesture']"
etiquette,[]
vegetable,"['enable', 'vulnerable', 'acceptable']"
imaginary,"['similar', 'many']"
scenario,"['serious', 'separation', 'sensational']"
trivializes,['activities']
sup,['support']
brave,"['bereaved', 'have', 'gave']"
heals,"['has', 'real', 'help']"
wounds,"['words', 'wordsb', 'mourned']"
disguise,"['discuss', 'disaster']"
lining,"['living', 'finding', 'thinking']"
misery,"['sister', 'miserable', 'memory']"
thankful,"['thank', 'tactful', 'painful']"
dogod,"['good', 'food', 'flood']"
youabout,['youheart']
tomarry,"['worry', 'today', 'story']"
throughhappened,['happened']
thoselife,"['self', 'life']"
betterwho,"['better', 'letter', 'bitter']"
recounting,"['responding', 'reunions', 'mourning']"
worddeathorsuicide,[]
circumlocutions,[]
likepassed,"['passed', 'liked', 'expressed']"
departed,"['departedare', 'part', 'learned']"
reward,"['ready', 'heard', 'treasured']"
andthe,"['wanted', 'handle', 'father']"
departedare,['departed']
agonize,"['gone', 'organized', 'one']"
suspects,"['aspects', 'respects', 'subject']"
beaten,"['belated', 'relate', 'extend']"
pallbearers,['pleasure']
pitying,"['pity', 'writing', 'staying']"
miscarriages,"['miscarriage', 'married']"
stillbirths,['stillborn']
stigma,"['similar', 'time']"
speculate,"['respected', 'relate', 'respectful']"
prevented,"['event', 'respected', 'recent']"
recurrent,"['current', 'recent', 'recounting']"
crises,"['crime', 'cases', 'wishes']"
prognosis,['process']
acquainted,"['counted', 'wanted', 'inadequate']"
mourned,"['mourn', 'more', 'counted']"
misfortune,"['misfortunes', 'fortunate', 'unfortunate']"
convicted,"['counted', 'convey', 'considered']"
hurting,"['writing', 'using', 'thing']"
pension,"['person', 'mention', 'sensational']"
companion,"['accompanying', 'company', 'confusion']"
remembers,"['remember', 'members', 'remembered']"
classmates,"['associates', 'class', 'cases']"
anticipate,"['notice', 'associates', 'appreciate']"
imminent,"['moment', 'intents', 'comments']"
florist,"['lost', 'flowers', 'worst']"
fussy,"['busy', 'focus']"
metat,"['mygreat', 'hesitate', 'start']"
wordsb,"['words', 'word', 'worst']"
saddenedduring,"['saddened', 'saddenedsincere', 'sending']"
sorrowoffeel,"['deepsorrowoffer', 'sorrow']"
knownfeel,"['know', 'feel']"
ofgrand,"['organized', 'friend']"
missedgrieved,"['grieved', 'lossgrieve', 'heartgrieved']"
lossgrieve,"['grieved', 'missedgrieved', 'losses']"
mourn,"['mourned', 'mourning', 'more']"
youheart,"['toheart', 'heart', 'year']"
welli,"['well', 'dwell', 'dwells']"
toheart,"['heart', 'youheart', 'hear']"
sorrowlegacy,"['sorrow', 'sorrowrich']"
loveof,"['love', 'loved', 'lovely']"
formade,"['formal', 'made', 'order']"
livesmany,"['lives', 'dismay', 'many']"
griefno,"['grief', 'grieving', 'brief']"
mygreat,"['great', 'metat', 'relate']"
deepsorrowoffer,['sorrowoffeel']
deepestone,"['deepest', 'deepestsharing', 'person']"
kindsympathyprofound,['sympathyrow']
sorrowrich,"['sorrow', 'sorrowlegacy', 'horror']"
circumstancessad,[]
bereavementsend,"['bereaved', 'prevented']"
deepestsharing,"['expressing', 'deepestone', 'deepest']"
duringsympathythis,"['sympathywish', 'sympathies', 'sympathy']"
timeshocked,['shocked']
profoundlysick,['profound']
heartgrieved,"['grieved', 'missedgrieved', 'married']"
saddenedsincere,"['saddened', 'saddenedduring', 'sincere']"
condolencessorry,"['condolences', 'condolence', 'necessary']"
mestunned,"['stunned', 'misfortune', 'mourned']"
newsterrible,"['newstrying', 'horrible']"
blowtouched,"['touched', 'watched']"
quicktragic,['tragic']
newstrying,"['staying', 'newsterrible', 'crying']"
timeupsetting,"['completing', 'getting']"
newswarmest,['warmest']
sympathywish,"['sympathies', 'sympathy', 'sympathyrow']"
condol,"['condolence', 'condolences', 'second']"
sor,"['story', 'storm', 'sorry']"
ences,"['news', 'ends', 'absence']"
sympathyrow,"['sympathy', 'sympathywish', 'sympathize']"
andconcernsentencesall,[]
poorer,"['order', 'shorter', 'prayers']"
sudden,"['student', 'saddened', 'burden']"
counted,"['convicted', 'mourned', 'context']"
fudge,['fund']
consolation,"['donation', 'confusion', 'congratulations']"
courageous,"['courage', 'encourage', 'course']"
cancer,"['concern', 'change', 'car']"
bewildered,"['wilderness', 'considered']"
competent,"['completing', 'comments', 'moment']"
surgeon,"['sure', 'sudden', 'second']"
stillborn,['stillbirths']
vacationing,"['dramatizing', 'devastation', 'devastating']"
standpoint,[]
happinesses,"['happiness', 'happened', 'tardiness']"
sister,"['spite', 'disaster', 'writer']"
races,"['process', 'prayers', 'face']"
mourning,"['mourn', 'moving', 'recounting']"
girls,"['guilt', 'grass', 'first']"
enable,"['vegetable', 'miserable', 'memorable']"
leveled,"['loved', 'envelope', 'prevented']"
rebuilding,"['reading', 'readings', 'unwilling']"
jody,"['body', 'today']"
flooding,"['looking', 'flood', 'loving']"
horror,"['sorrow', 'sorrowrich', 'shorter']"
haunt,"['hand', 'thank', 'heart']"
businesspeople,"['business', 'people']"
heartbroken,"['heart', 'heartgrieved', 'heartfelt']"
lovable,"['love', 'portable', 'loved']"
devastation,"['devastating', 'devastated', 'stationery']"
demo,"['do', 'memory', 'dreams']"
