invitation,"['inviting', 'information', 'donation']"
accept,"['acceptance', 'acceptable', 'acceptances']"
say,"['stay', 'way', 'saying']"
person,"['personal', 'personnel', 'reason']"
happy,['applying']
write,"['writes', 'written', 'wrote']"
acceptance,"['acceptances', 'acceptable', 'accept']"
pleased,"['please', 'placed', 'blessed']"
dinner,"['dinners', 'insert', 'sincere']"
other,"['themore', 'note', 'teachers']"
letter,"['letters', 'better', 'lettersdear']"
first,"['formost', 'firm', 'interest']"
see,"['sees', 'seen', 'steel']"
have,"['save', 'gave', 'share']"
company,"['many', 'copy', 'welcomemany']"
name,"['same', 'came', 'warmer']"
questions,"['suggestions', 'relations', 'guests']"
look,"['took', 'book']"
delighted,"['designated', 'delightful', 'light']"
thanks,"['thank', 'thankshow', 'thanked']"
want,"['wanted', 'wait', 'wanting']"
job,"['jobs', 'joy']"
do,"['down', 'done']"
time,"['times', 'tie', 'tried']"
working,"['wording', 'worrying', 'work']"
how,"['shower', 'showed', 'owe']"
let,"['lent', 'least', 'set']"
acceptances,"['acceptance', 'acceptable', 'accept']"
position,"['post', 'description', 'occasion']"
use,"['used', 'house', 'useful']"
tell,"['tells', 'well', 'steel']"
inviting,"['invitation', 'writing', 'wanting']"
kind,"['find', 'kindness', 'kindmost']"
week,"['weeks', 'wewe', 'weekend']"
call,"['called', 'small', 'local']"
help,"['helped', 'held', 'helpful']"
come,"['comes', 'become', 'home']"
writing,"['written', 'working', 'wording']"
sure,"['unsure', 'secure', 'measure']"
wedding,"['weddings', 'wording', 'wearing']"
contribution,"['contributions', 'contributed', 'congratulations']"
host,"['hot', 'hosted', 'post']"
expression,"['expressions', 'expressing', 'express']"
part,"['party', 'past', 'parents']"
take,"['taken', 'make', 'cake']"
evening,"['sending', 'seeking', 'opening']"
try,[]
good,"['food', 'foods', 'cooled']"
send,"['spend', 'end', 'second']"
state,"['taste', 'start', 'estimate']"
add,"['had', 'did', 'dad']"
personal,"['person', 'personnel', 'personalized']"
mail,"['small', 'meals', 'daily']"
respond,"['responding', 'reason', 'spend']"
telephone,"['phone', 'tripone', 'tone']"
check,[]
ask,['has']
stationery,"['stranger', 'state', 'ation']"
same,"['save', 'name', 'came']"
children,['chair']
thank,"['thanks', 'thanked', 'think']"
wait,"['want', 'write', 'watch']"
used,"['use', 'send', 'spend']"
great,"['get', 'giftgreat', 'real']"
requested,"['rested', 'required', 'refuse']"
appreciate,"['appreciated', 'meappreciate', 'appreciative']"
office,"['officer', 'official', 'officials']"
year,"['years', 'earn', 'dear']"
speak,"['speaking', 'special', 'spend']"
next,"['extra', 'insert', 'extend']"
work,"['wok', 'worked', 'working']"
much,"['such', 'lunch', 'suchto']"
best,"['least', 'guest', 'terest']"
book,"['took', 'look', 'bookends']"
way,"['say', 'pay', 'day']"
decide,"['decadent', 'did', 'decent']"
letters,"['letter', 'lettersdear', 'better']"
find,"['friend', 'kind', 'friends']"
difficult,[]
place,"['placed', 'players', 'plan']"
contributions,"['contribution', 'contributed', 'congratulations']"
favors,"['favor', 'fours', 'favorite']"
speaking,"['seeking', 'speak', 'saying']"
express,"['expression', 'expressing', 'expressions']"
agreeing,"['greetings', 'receiving', 'seeking']"
amount,"['account', 'count', 'payment']"
assistance,['acceptance']
particular,[]
home,"['hope', 'come', 'women']"
group,['generous']
reciprocal,['reciprocate']
avoid,"['said', 'favorite', 'voted']"
busy,"['buy', 'builds']"
manage,"['marriage', 'patronage', 'man']"
events,"['event', 'presents', 'heavenso']"
stop,"['shop', 'store', 'suchto']"
simple,"['implied', 'silver', 'stipulated']"
better,"['letter', 'letters', 'best']"
tips,"['times', 'tennis']"
possible,"['responsible', 'hospitable', 'suitable']"
late,"['ate', 'rate', 'last']"
deal,"['detail', 'real', 'idea']"
idea,"['side', 'dear', 'deal']"
make,"['market', 'take', 'made']"
enthusiastic,"['enthusiasm', 'thistime']"
friends,"['friend', 'find', 'tried']"
sentence,"['sentences', 'sent', 'seen']"
saying,"['saving', 'speaking', 'applying']"
more,"['memore', 'themore', 'store']"
mention,"['recommendation', 'meantime', 'meant']"
required,"['returned', 'requested', 'treasure']"
essential,"['sentimental', 'perennial', 'special']"
special,"['specialty', 'specific', 'speak']"
offered,"['officer', 'referred', 'worked']"
enthusiasm,['enthusiastic']
complimentary,"['comments', 'client', 'company']"
interview,"['interviews', 'interest', 'sincere']"
information,"['informative', 'inform', 'invitation']"
decision,"['visions', 'discussion', 'description']"
weddings,"['wedding', 'wording', 'wearing']"
example,"['employee', 'employees', 'simple']"
cases,"['class', 'passes', 'sees']"
phone,"['one', 'telephone', 'tripone']"
day,"['days', 'delay', 'daily']"
receiving,"['receive', 'received', 'agreeing']"
engraved,"['granted', 'gave', 'grand']"
third,"['thrilled', 'tried', 'think']"
insert,"['interest', 'set', 'inside']"
honor,"['honored', 'donor', 'poor']"
sent,"['set', 'send', 'seen']"
convey,"['forconvey', 'money', 'one']"
party,"['part', 'pay', 'hearty']"
handwritten,"['written', 'typewritten', 'write']"
e,[]
formal,"['formality', 'form', 'inform']"
words,"['world', 'worked', 'orders']"
style,"['stay', 'suitable', 'typed']"
honored,"['honor', 'phone', 'hundreds']"
thoughtful,"['thoughtfulness', 'thought', 'bought']"
research,['dresser']
generous,"['generousmuch', 'generosity', 'heartgenerous']"
plan,"['plant', 'loan', 'explain']"
support,"['supportive', 'supporting', 'supplier']"
enclosing,"['enjoying', 'loving', 'including']"
estimate,"['state', 'time', 'stipulated']"
liked,"['like', 'lived', 'picked']"
night,"['right', 'light', 'overnight']"
become,"['come', 'welcome', 'comes']"
volunteer,"['younger', 'encountered']"
graduation,"['education', 'congratulations', 'admiration']"
including,"['included', 'reminding', 'enclosing']"
impressed,"['rested', 'increased', 'addressed']"
detail,"['deal', 'daily', 'real']"
celebration,"['celebrate', 'relations', 'collection']"
parents,"['presents', 'apartment', 'part']"
anniversary,"['manners', 'necessary']"
it,"['wait', 'quit', 'gift']"
new,"['news', 'knew', 'one']"
education,"['graduation', 'ation', 'donation']"
enjoyed,"['enjoy', 'tourenjoyed', 'enjoyable']"
important,"['rememberimportant', 'opportunity']"
last,"['least', 'past', 'late']"
receive,"['received', 'receiving', 'relative']"
addition,"['admiration', 'ation', 'graduation']"
minutes,"['notes', 'items', 'interest']"
annual,['casual']
held,"['helped', 'help', 'heard']"
self,"['steel', 'useful', 'select']"
give,"['giver', 'given', 'givers']"
final,"['finals', 'funeral', 'find']"
family,"['daily', 'ofmy', 'mail']"
suggest,"['suggestions', 'suggestionfelt', 'guest']"
materials,"['memorials', 'meals', 'commercial']"
set,"['sent', 'asset', 'use']"
stay,"['say', 'style', 'study']"
love,"['lovely', 'lived', 'close']"
loan,"['plan', 'long', 'plant']"
reference,['referred']
thought,"['thoughtful', 'bought', 'thoughtfulness']"
favorite,"['favor', 'favors', 'authorities']"
enjoy,"['enjoyed', 'enjoying', 'joy']"
received,"['receive', 'receivelighted', 'receiving']"
acknowledge,"['acknowledged', 'acknowledgments', 'college']"
know,"['knew', 'knowing']"
sympathy,['party']
weeks,"['week', 'wewe', 'weekend']"
order,"['orders', 'wonder', 'reader']"
orders,"['order', 'workers', 'words']"
acknowledgments,"['acknowledge', 'acknowledged', 'comments']"
morning,"['working', 'wording', 'opening']"
message,"['messages', 'impressed', 'manage']"
expressions,"['expression', 'expressing', 'express']"
contact,"['constant', 'count']"
need,"['needed', 'knee', 'needing']"
appropriate,"['appreciate', 'appreciated', 'meappreciate']"
sales,"['sees', 'save', 'same']"
payment,"['apartment', 'parents', 'plant']"
gifts,"['gift', 'giftyour', 'items']"
business,"['illness', 'cousins', 'bonuses']"
arrived,"['arrive', 'tried', 'received']"
made,"['make', 'model', 'reader']"
cards,"['card', 'chairs', 'care']"
meantime,"['meant', 'time', 'mention']"
delay,"['delayed', 'day', 'idea']"
gift,"['gifts', 'it', 'giftyour']"
birthday,[]
congratulations,"['graduation', 'contributions', 'decorations']"
note,"['notes', 'notice', 'wrote']"
close,"['closest', 'course', 'choose']"
exception,"['description', 'education', 'affection']"
address,"['addressed', 'dresser', 'areas']"
collection,"['collect', 'celebration', 'exception']"
death,"['idea', 'debt', 'dear']"
follow,"['allow', 'folklore', 'enrollhow']"
written,"['write', 'typewritten', 'handwritten']"
necessary,['anniversary']
people,"['peoplewho', 'popular', 'example']"
interviews,"['interview', 'interest', 'terest']"
printed,"['invited', 'granted', 'write']"
yesterday,"['rested', 'stay', 'lettersdear']"
several,"['steel', 'referrals', 'silver']"
get,"['guest', 'great', 'set']"
enough,"['bought', 'thought']"
condolence,"['confidence', 'correspondence', 'convinced']"
greetings,"['agreeing', 'relations', 'receiving']"
writes,"['write', 'written', 'wrote']"
occasion,"['occasionwe', 'accusation', 'position']"
reader,"['order', 'reward', 'regard']"
explain,"['plan', 'relaxing', 'plant']"
appreciation,"['appreciative', 'appreciate', 'appreciated']"
kindness,"['kind', 'illness', 'dinners']"
courtesy,"['courteous', 'course', 'journey']"
tone,"['one', 'town', 'done']"
items,"['teams', 'writes', 'virtues']"
hardships,[]
involved,"['invited', 'included', 'voted']"
relative,"['relatives', 'unrelated', 'relations']"
loving,"['long', 'going', 'shelving']"
issue,"['sure', 'asset']"
one,"['tone', 'done', 'phone']"
sending,"['reminding', 'demanding', 'send']"
customers,"['comes', 'doctors', 'come']"
co,"['cost', 'copy', 'come']"
announcement,[]
illness,"['willingness', 'less', 'kindness']"
behalf,"['self', 'real', 'deal']"
donations,"['donation', 'decorations', 'donates']"
donor,"['honor', 'poor', 'honored']"
price,"['piece', 'practice', 'picked']"
entertaining,"['understanding', 'letterwriting', 'evening']"
fax,['faxing']
expressing,"['expression', 'expressions', 'express']"
called,"['call', 'cooled', 'college']"
most,"['post', 'must', 'host']"
acknowledged,"['acknowledge', 'acknowledgments', 'college']"
spend,"['send', 'splendid', 'end']"
interest,"['terest', 'interviews', 'insert']"
form,"['inform', 'formal', 'firm']"
fill,"['will', 'final', 'skills']"
public,[]
figure,"['signature', 'picture', 'gesture']"
many,"['man', 'company', 'money']"
messages,"['message', 'sales', 'meals']"
deceased,"['increased', 'pleased', 'delayed']"
foldovers,"['flowers', 'orders', 'love']"
keep,['knee']
complicated,"['duplicate', 'implied', 'prompted']"
casual,"['usual', 'annual', 'crucial']"
remembering,"['remember', 'rememberimportant', 'member']"
comforting,"['comfort', 'coming', 'morning']"
members,"['member', 'remember', 'remembering']"
appreciated,"['appreciate', 'meappreciate', 'appreciative']"
concerns,"['concern', 'concludes', 'coaches']"
tennis,"['finnish', 'tips']"
referred,"['referrals', 'reference', 'offered']"
value,['sales']
patience,"['piece', 'practice', 'science']"
knowing,"['know', 'going', 'enjoying']"
had,"['hand', 'heard', 'has']"
committee,"['come', 'complicated']"
thinking,"['think', 'liking', 'watching']"
needed,"['need', 'ended', 'extended']"
bring,"['bridge', 'writing', 'working']"
wanted,"['want', 'granted', 'ate']"
rate,"['ate', 'rare', 'late']"
end,"['send', 'spend', 'ended']"
long,"['loving', 'loan', 'young']"
seen,"['see', 'sent', 'send']"
employee,"['employees', 'example']"
behavior,"['favor', 'chair']"
encountered,"['contributed', 'count', 'volunteer']"
store,"['tone', 'themore', 'sure']"
beginning,"['reminding', 'benign', 'sending']"
lettersdear,"['letters', 'letter', 'yesterday']"
addressed,"['address', 'dresser', 'rested']"
paper,"['newspaper', 'shopper', 'players']"
staff,"['stay', 'state', 'start']"
usual,"['useful', 'casual', 'survival']"
understanding,"['outstanding', 'demanding', 'entertaining']"
few,"['fewer', 'new']"
responsible,"['possible', 'responding', 'respond']"
extra,"['next', 'extravagant', 'track']"
wonderful,"['wonder', 'stylewonderful']"
old,"['told', 'world', 'cooled']"
sorry,"['worrying', 'store', 'order']"
has,"['thanks', 'phrase', 'hearts']"
product,"['productivity', 'prospects', 'put']"
quality,"['quit', 'suitability', 'formality']"
relations,"['relationships', 'relatives', 'ation']"
done,"['one', 'tone', 'down']"
years,"['year', 'hearts', 'players']"
due,"['use', 'fondue', 'dilute']"
past,"['post', 'pass', 'part']"
purchased,"['purchase', 'phrase', 'touched']"
rare,"['rate', 'care', 'area']"
only,"['money', 'lovely', 'convey']"
opportunity,['important']
such,"['suchto', 'much', 'lunch']"
care,"['charge', 'career', 'rare']"
notice,"['note', 'nice', 'notes']"
small,"['mail', 'call', 'baseball']"
account,"['count', 'amount', 'accept']"
dear,"['year', 'idea', 'earn']"
machine,"['matching', 'watching', 'magazine']"
newspaper,"['paper', 'shopper', 'news']"
choice,"['office', 'notice', 'convinced']"
loyalty,"['local', 'formality', 'lovely']"
memory,"['memore', 'memorials', 'memorable']"
employees,"['employee', 'players', 'example']"
wish,['writes']
delayed,"['delay', 'deceased', 'unrelated']"
slip,['simple']
favor,"['favors', 'favorite', 'form']"
least,"['last', 'pleasant', 'let']"
rude,"['order', 'gratitude', 'reader']"
specific,"['special', 'terrific']"
advantage,"['advanced', 'manage']"
pay,"['party', 'way', 'say']"
gesture,"['sure', 'measure', 'store']"
certificate,"['terrific', 'estimate', 'circulate']"
easier,"['silver', 'reader', 'please']"
advice,"['advanced', 'save', 'nice']"
right,"['night', 'light', 'overnight']"
err,[]
little,"['title', 'written', 'like']"
excellent,"['decent', 'client', 'enormouslyexcellent']"
benefit,['benign']
exchange,"['change', 'charge', 'enhance']"
cost,"['post', 'most', 'host']"
purchase,"['purchased', 'phrase', 'purpose']"
cake,"['take', 'make', 'care']"
piece,"['price', 'niece', 'patience']"
allow,"['allowing', 'follow', 'call']"
firm,"['form', 'flair', 'first']"
point,"['points', 'printed', 'post']"
wording,"['working', 'worrying', 'writing']"
tells,"['tell', 'well', 'times']"
typed,"['stamped', 'voted', 'tried']"
copy,"['company', 'co', 'convey']"
steel,"['see', 'tell', 'several']"
days,"['day', 'delay', 'daily']"
hope,"['shop', 'home', 'shopper']"
taken,"['take', 'thanked', 'make']"
responding,"['respond', 'reminding', 'recommending']"
toys,['toyou']
young,"['younger', 'you', 'yous']"
prompted,"['posted', 'printed', 'complicated']"
given,"['give', 'giver', 'givers']"
page,"['place', 'paper', 'patronage']"
apologizing,"['applying', 'allowing', 'promising']"
charge,"['change', 'care', 'share']"
reason,"['respond', 'areas', 'relations']"
share,"['harder', 'charge', 'sure']"
concern,"['concerns', 'convinced', 'congenial']"
lot,"['let', 'hot', 'loyalty']"
plant,"['plan', 'pleasant', 'want']"
food,"['foods', 'good', 'found']"
gave,"['save', 'have', 'give']"
officials,"['official', 'office', 'finals']"
attached,"['touched', 'teachers', 'advanced']"
closest,"['close', 'cost', 'least']"
personnel,"['personal', 'person', 'personalized']"
times,"['time', 'tie', 'tips']"
felt,"['feel', 'select', 'forget']"
light,"['right', 'night', 'delighted']"
unable,"['suitable', 'enjoyable', 'name']"
think,"['thank', 'thinking', 'thanks']"
grateful,"['gratefulvery', 'rate', 'granted']"
going,"['loving', 'coming', 'working']"
friend,"['friends', 'find', 'tried']"
feel,"['felt', 'steel', 'fewer']"
school,"['suchto', 'cooled', 'choose']"
college,"['colleague', 'collect', 'acknowledge']"
useful,"['usual', 'use', 'museum']"
r,[]
like,"['liked', 'life', 'dislike']"
wonder,"['wonderful', 'order', 'orders']"
put,"['putting', 'product']"
habit,"['wait', 'charity', 'chair']"
meant,"['meantime', 'men', 'man']"
course,"['house', 'fours', 'close']"
wrote,"['write', 'writes', 'written']"
client,"['clients', 'lent', 'recipient']"
program,[]
typewritten,"['written', 'handwritten', 'write']"
helpful,"['help', 'useful', 'helped']"
took,"['look', 'book', 'toyou']"
coming,"['comforting', 'going', 'coaching']"
giver,"['givers', 'give', 'given']"
obliged,"['obligedi', 'obligedone', 'lived']"
came,"['same', 'name', 'come']"
confidence,"['condolence', 'convinced', 'science']"
gratitude,"['granted', 'rude', 'rate']"
sentences,"['sentence', 'enhances', 'science']"
found,"['fondue', 'food', 'find']"
said,"['side', 'avoid', 'saying']"
recommending,"['recommendation', 'reminding', 'responding']"
colleague,"['college', 'collect', 'acknowledge']"
money,"['one', 'convey', 'tone']"
emphasize,"['phrase', 'easier']"
recipient,"['decent', 'client', 'clients']"
hand,"['had', 'thanked', 'thank']"
convinced,"['confidence', 'convey', 'choice']"
comments,"['comes', 'complimentary', 'come']"
hot,"['host', 'lot', 'how']"
interpersonal,"['personal', 'interest', 'personalized']"
convenient,"['overnight', 'convinced', 'congenial']"
subscriptions,"['description', 'suggestions', 'questions']"
suggestions,"['suggestionfelt', 'questions', 'suggest']"
directors,"['doctors', 'directed', 'dinners']"
less,"['illness', 'blessed', 'sales']"
side,"['inside', 'said', 'idea']"
effective,"['affection', 'receive', 'perfect']"
told,"['old', 'world', 'cooled']"
life,"['like', 'lived', 'liked']"
city,"['charity', 'it', 'specialty']"
house,"['use', 'hosted', 'course']"
wearing,"['eating', 'earn', 'writing']"
celebrate,"['celebration', 'elegant', 'elected']"
card,"['cards', 'care', 'heard']"
remember,"['member', 'remembering', 'members']"
commercial,"['crucial', 'memorials', 'materials']"
admiration,"['addition', 'graduation', 'information']"
marriage,"['manage', 'arrive', 'arrived']"
choose,"['house', 'close', 'school']"
outstanding,"['understanding', 'sending', 'putting']"
notes,"['note', 'notice', 'news']"
signature,"['designated', 'figure', 'sincere']"
affection,"['ation', 'exception', 'effective']"
news,"['new', 'knew', 'notes']"
member,"['members', 'remember', 'remembering']"
personalized,"['personal', 'personnel', 'person']"
regard,"['reward', 'heard', 'remarked']"
envelope,['developed']
tickets,"['times', 'picked', 'notice']"
track,"['take', 'lack', 'thank']"
clients,"['client', 'lent', 'comments']"
points,"['point', 'joins', 'printed']"
returned,"['required', 'rested', 'stunned']"
relatives,"['relative', 'relations', 'unrelated']"
official,"['officials', 'office', 'officer']"
fifth,"['gift', 'gifts', 'first']"
lovely,"['love', 'convey', 'only']"
whole,"['hope', 'home', 'wrote']"
supplier,"['supplied', 'support', 'shopper']"
class,"['classic', 'cases', 'pass']"
lived,"['liked', 'obliged', 'love']"
bridge,"['bring', 'obliged', 'side']"
dinners,"['dinner', 'manners', 'kindness']"
count,"['account', 'amount', 'cousins']"
success,['guests']
second,"['send', 'spend', 'end']"
comfort,"['comforting', 'comfortable', 'forget']"
change,"['exchange', 'charge', 'chances']"
engagement,"['encouragement', 'arrangements']"
event,"['events', 'decent', 'sent']"
opening,"['sending', 'morning', 'evening']"
inform,"['form', 'informative', 'information']"
increased,"['deceased', 'unrelated', 'rested']"
town,"['tone', 'down', 'ation']"
hour,"['house', 'honor', 'fours']"
practice,"['price', 'patience', 'rate']"
purpose,"['surprise', 'purchase', 'purchased']"
description,"['subscriptions', 'decision', 'decorations']"
welcome,"['welcomemany', 'become', 'come']"
cousins,"['joins', 'count', 'business']"
identify,[]
relationships,"['relations', 'relatives']"
career,"['care', 'warmer', 'reader']"
flowers,"['fours', 'fewer', 'foldovers']"
funeral,"['final', 'unable', 'formal']"
unrelated,"['relative', 'rested', 'relatives']"
bottom,['book']
matching,"['watching', 'machine', 'touching']"
area,"['areas', 'real', 'rare']"
included,"['including', 'concludes', 'involved']"
world,"['words', 'old', 'worked']"
hosted,"['posted', 'host', 'voted']"
sign,"['sin', 'signature', 'saying']"
memorials,"['memorable', 'materials', 'meals']"
pleasant,"['plant', 'least', 'please']"
women,"['men', 'welcome', 'home']"
debt,"['indebted', 'death', 'detail']"
bond,"['found', 'bookends', 'wonder']"
putting,"['outstanding', 'eating', 'put']"
household,"['house', 'hosted', 'used']"
face,"['place', 'placed', 'office']"
taste,"['ate', 'take', 'rate']"
poor,"['honor', 'donor']"
defend,"['friend', 'extend', 'end']"
doctors,"['directors', 'donor', 'donations']"
passes,"['pass', 'cases', 'asset']"
real,"['deal', 'area', 'meals']"
pass,"['passes', 'past', 'pairs']"
patronage,"['manage', 'tripone', 'strange']"
owe,"['shower', 'showed', 'one']"
knew,"['new', 'news', 'know']"
neighbor,['night']
shower,"['showed', 'shopper', 'owe']"
placed,"['place', 'pleased', 'picked']"
refuse,"['use', 'rested', 'dresser']"
bought,"['thought', 'enough', 'thoughtful']"
did,"['decide', 'dad', 'add']"
save,"['same', 'have', 'gave']"
delightful,"['delighted', 'light', 'thoughtful']"
expected,"['elected', 'extend', 'experts']"
forget,"['forgetmade', 'get', 'formost']"
showed,"['shower', 'owe', 'how']"
discussion,"['decision', 'accusation']"
skills,"['illness', 'will', 'fill']"
seeking,"['speaking', 'seen', 'sending']"
applying,"['saying', 'apologizing', 'shopping']"
abilities,"['suitability', 'authorities']"
worked,"['work', 'workers', 'world']"
lunch,"['such', 'much']"
degree,"['dresser', 'dear']"
science,"['sincere', 'confidence', 'sentence']"
comes,"['come', 'comments', 'become']"
title,"['tie', 'little', 'time']"
picture,"['pictures', 'price', 'signature']"
study,"['stunned', 'stay', 'style']"
workers,"['worked', 'orders', 'work']"
arrangements,"['warrants', 'encouragement', 'engagement']"
heard,"['had', 'reward', 'regard']"
faxing,"['relaxing', 'saying', 'saving']"
suitable,"['hospitable', 'suitability', 'unable']"
perfect,"['ideasperfect', 'prospects', 'effective']"
qualifications,"['relations', 'questions', 'education']"
team,"['teams', 'items']"
summer,"['sure', 'same']"
hundreds,"['honored', 'ended']"
areas,"['area', 'reason', 'real']"
reminding,"['remind', 'demanding', 'recommending']"
secure,"['sure', 'unsure', 'see']"
invited,"['printed', 'voted', 'lived']"
wanting,"['watching', 'eating', 'want']"
sincere,"['science', 'interest', 'signature']"
brick,"['track', 'quick', 'price']"
longtime,"['time', 'long', 'meantime']"
appreciative,"['appreciate', 'appreciated', 'meappreciate']"
contributed,"['contribution', 'contributions', 'encountered']"
warm,"['warmer', 'warns', 'reward']"
start,"['state', 'stay', 'part']"
generosity,"['generous', 'generousmuch', 'heartgenerous']"
encouragement,"['engagement', 'arrangements', 'announcement']"
extend,"['extended', 'expected', 'rested']"
maximum,[]
comfortable,"['comfort', 'memorable', 'comforting']"
formality,"['formal', 'quality', 'loyalty']"
teams,"['team', 'items', 'treasure']"
acceptable,"['acceptance', 'acceptances', 'accept']"
letterwriting,"['writing', 'entertaining', 'letter']"
man,"['many', 'meant', 'men']"
quick,"['quit', 'brick']"
garden,"['regard', 'harder', 'parents']"
treasure,"['measure', 'sure', 'pleasureit']"
efforts,"['fours', 'arefourtimes', 'hearts']"
market,"['make', 'remarked', 'parents']"
suspect,"['asset', 'specialty', 'prospects']"
weekend,"['week', 'weeks', 'worked']"
model,"['more', 'made', 'deal']"
joins,"['points', 'jobs', 'cousins']"
begun,[]
correspondence,"['responding', 'respond', 'confidence']"
phrase,"['purchase', 'purchased', 'please']"
lack,"['track', 'place', 'placed']"
touching,"['watching', 'matching', 'coaching']"
donation,"['donations', 'ation', 'decorations']"
fundraising,"['understanding', 'entertaining', 'promising']"
balance,"['place', 'advanced', 'placed']"
collect,"['collection', 'college', 'excellent']"
remind,"['reminding', 'friend', 'end']"
stamped,"['same', 'typed', 'state']"
object,"['collect', 'best']"
courteous,"['courtesy', 'course', 'decorations']"
saving,"['saying', 'speaking', 'shelving']"
tactful,['grateful']
inspire,"['inspired', 'inside', 'unsure']"
dislike,"['like', 'liked', 'inside']"
lent,"['let', 'client', 'sent']"
local,"['loyalty', 'loan', 'call']"
apartment,"['payment', 'parents', 'part']"
pictures,"['picture', 'virtues', 'interest']"
chances,"['enhances', 'change', 'enhance']"
decent,"['decadent', 'event', 'recipient']"
supporting,"['support', 'supportive', 'shopping']"
shopping,"['supporting', 'shopper', 'shop']"
elected,"['expected', 'select', 'directed']"
byyou,"['you', 'yous', 'young']"
spirit,"['support', 'printed', 'inspire']"
players,"['years', 'place', 'paper']"
watching,"['matching', 'wanting', 'watch']"
silver,"['giver', 'simple', 'givers']"
buy,['busy']
guests,"['guest', 'questions', 'get']"
authorities,"['thistime', 'favorite', 'areninetimes']"
shelving,"['saving', 'loving', 'sibling']"
worrying,"['working', 'wording', 'writing']"
joy,"['enjoy', 'job', 'journey']"
thrilled,"['tried', 'withwill', 'title']"
terrific,"['certificate', 'specific']"
thoughtfulness,"['thoughtful', 'thought']"
club,[]
jobs,"['job', 'joins']"
watch,"['watching', 'want', 'wait']"
speedy,"['spend', 'see', 'opened']"
hospital,"['hospitable', 'hospitality', 'special']"
inside,"['side', 'inspire', 'inspired']"
splendid,"['spend', 'sending', 'send']"
organizational,"['donation', 'donations']"
creativity,"['relative', 'productivity', 'relatives']"
stunning,"['stunned', 'sending', 'outstanding']"
quarter,"['warmer', 'harder', 'career']"
planning,"['wanting', 'plan', 'opening']"
well,"['will', 'tell', 'tells']"
duplicate,"['complicated', 'picture', 'late']"
crucial,"['commercial', 'casual']"
thanked,"['thank', 'thanks', 'take']"
arrive,"['arrived', 'marriage', 'drives']"
memorable,"['memore', 'memorials', 'comfortable']"
presents,"['parents', 'presentplease', 'events']"
will,"['well', 'fill', 'withwill']"
surprise,"['sure', 'supportive', 'purpose']"
recommendation,"['recommending', 'mention', 'decorations']"
bank,"['thank', 'thanks']"
extended,"['extend', 'ended', 'sentence']"
needing,"['need', 'wedding', 'sending']"
allowing,"['allow', 'loving', 'long']"
installments,"['initials', 'constant']"
supplied,"['supplier', 'supportive', 'implied']"
supportive,"['support', 'supporting', 'supplier']"
classic,"['class', 'cases']"
experts,"['express', 'expected', 'person']"
chair,"['chairs', 'charge', 'charity']"
nice,"['niece', 'notice', 'price']"
daily,"['day', 'family', 'detail']"
initials,"['finals', 'rituals', 'inviting']"
tie,"['time', 'tried', 'title']"
popular,['people']
givers,"['giver', 'give', 'given']"
tried,"['thrilled', 'tie', 'friend']"
gotten,"['written', 'note', 'goes']"
inspired,"['inspire', 'inside', 'invited']"
strange,"['stranger', 'store', 'state']"
ation,"['patio', 'donation', 'addition']"
measure,"['treasure', 'sure', 'gesture']"
asset,"['set', 'passes', 'suspect']"
quit,"['quality', 'byquite', 'quick']"
guideline,[]
technique,[]
cabin,"['occasion', 'coaching', 'habit']"
men,"['women', 'meant', 'man']"
finals,"['final', 'initials', 'officials']"
goes,"['glories', 'notes', 'guest']"
baseball,['small']
picked,"['price', 'liked', 'placed']"
shop,"['stop', 'hope', 'shopper']"
guest,"['guests', 'get', 'suggest']"
manners,"['dinners', 'anniversary', 'materials']"
opened,"['spend', 'ended', 'speedy']"
teachers,"['coaches', 'cherish', 'attached']"
enjoying,"['enjoy', 'enclosing', 'sending']"
bed,"['end', 'obliged', 'blessed']"
helped,"['help', 'held', 'developed']"
prospects,"['suspect', 'purpose', 'product']"
select,"['elected', 'set', 'see']"
directed,"['rested', 'directors', 'elected']"
charity,"['hearty', 'city', 'party']"
developed,"['envelope', 'helped', 'delayed']"
eating,"['wearing', 'wanting', 'ation']"
meals,"['memorials', 'materials', 'real']"
chauffeuring,['wascharming']
magazine,['machine']
constant,"['contact', 'cost', 'state']"
post,"['posted', 'past', 'most']"
dilute,"['due', 'minutes', 'dislike']"
handsome,"['home', 'hand', 'thanksmeant']"
hearts,"['hearty', 'years', 'heard']"
decorations,"['donations', 'donation', 'description']"
elegant,"['lent', 'pleasant', 'plant']"
perennial,"['personal', 'personnel', 'essential']"
chairs,"['chair', 'pairs', 'cards']"
granted,"['grand', 'wanted', 'rate']"
fewer,"['few', 'wewe', 'flowers']"
hospitality,"['hospital', 'hospitable', 'suitability']"
yous,"['you', 'young', 'toyou']"
cocktail,['local']
overnight,"['right', 'night', 'convenient']"
unsure,"['sure', 'use', 'secure']"
contemporary,['company']
marvelous,['marveltruly']
sees,"['see', 'seen', 'weeks']"
posted,"['hosted', 'post', 'voted']"
reciprocate,"['reciprocal', 'circulate', 'appreciate']"
grand,"['granted', 'hand', 'engraved']"
pairs,"['chairs', 'players', 'past']"
officer,"['office', 'offered', 'official']"
suitability,"['suitable', 'hospitality', 'quality']"
toi,['tie']
graciousness,"['cousins', 'business']"
touched,"['touching', 'attached', 'purchased']"
productivity,"['product', 'creativity']"
extravagant,"['extravagance', 'extra']"
earn,"['year', 'dear', 'wearing']"
rituals,"['initials', 'memorials', 'materials']"
willingness,"['illness', 'kindness']"
humorous,['house']
enjoyable,"['goodenjoyable', 'enjoyed', 'enjoy']"
advanced,"['advice', 'advantage', 'balance']"
thistime,"['time', 'authorities', 'estimate']"
ended,"['extended', 'end', 'opened']"
sentimental,"['essential', 'sentence', 'meantime']"
visions,"['decision', 'questions', 'sin']"
justified,['used']
stunned,"['stunning', 'study', 'returned']"
virtues,"['pictures', 'items', 'writes']"
etiquette,['requested']
reward,"['regard', 'heard', 'remarked']"
nurses,"['bonuses', 'use', 'unsure']"
harder,"['share', 'order', 'heard']"
fondue,"['found', 'wonder', 'one']"
remarked,"['reward', 'regard', 'market']"
folklore,['follow']
peoplewho,['people']
punctilious,[]
waughthank,"['thank', 'thanks']"
enhance,"['enhances', 'chances', 'sentence']"
must,"['most', 'guest', 'museum']"
you,"['yous', 'young', 'toyou']"
drives,"['writes', 'relatives', 'givers']"
bonuses,"['nurses', 'house', 'business']"
referrals,"['referred', 'several', 'funeral']"
enhances,"['enhance', 'chances', 'sentences']"
wardrobe,['wrote']
promising,"['reminding', 'coming', 'expressing']"
extravagance,"['extravagant', 'advanced']"
concludes,"['included', 'concerns', 'concern']"
benign,"['begun', 'beginning', 'sending']"
verbiage,['marriage']
cooled,"['school', 'old', 'choose']"
sibling,"['shelving', 'bring', 'including']"
warrants,"['warns', 'arrangements', 'want']"
specialty,"['special', 'hospitality', 'appreciate']"
foods,"['food', 'good', 'formost']"
houseplants,"['plant', 'house', 'household']"
arefourtimes,"['areninetimes', 'efforts', 'authorities']"
areninetimes,"['arefourtimes', 'parents', 'authorities']"
petit,"['estimate', 'title', 'point']"
fours,"['favors', 'course', 'yous']"
donates,"['donations', 'done', 'notes']"
builds,['busy']
implied,"['simple', 'supplied', 'lived']"
accusation,"['graduation', 'occasion', 'ation']"
circulate,"['reciprocate', 'stipulated', 'rate']"
liking,"['thinking', 'loving', 'writing']"
enrollhow,['follow']
ballroom,['allow']
dancing,"['demanding', 'wanting', 'watching']"
warmer,"['warm', 'harder', 'career']"
demanding,"['reminding', 'sending', 'dancing']"
voted,"['posted', 'hosted', 'note']"
down,"['town', 'done', 'donor']"
warns,"['warrants', 'wearing', 'warm']"
occupies,[]
specialspectacularatedstrikingstunnedsumptuoussuperbsurprisedtastefulterrificthoughtfulthrilledtimelesstimelytouchedtreasuretreatuniqueusefulvaluablewell,[]
meappreciate,"['appreciate', 'appreciated', 'appreciative']"
terest,"['interest', 'rested', 'interviews']"
wascharming,"['watching', 'wearing', 'matching']"
youconsider,['younger']
forconvey,"['convey', 'journey']"
whoderived,"['worked', 'wonder', 'drives']"
fromdid,"['remind', 'friend', 'did']"
goodenjoyable,"['enjoyable', 'enjoyed']"
informative,"['information', 'inform', 'relative']"
tourenjoyed,"['enjoyed', 'enjoy', 'enjoyable']"
enormouslyexcellent,['excellent']
suggestionfelt,"['suggestions', 'suggest', 'questions']"
homefrom,['home']
heartgenerous,"['generous', 'generousmuch', 'hearts']"
giftgreat,"['great', 'gift']"
usheartfelt,['share']
hearty,"['hearts', 'charity', 'party']"
thankshow,"['thanks', 'thank', 'thanked']"
sweethow,[]
usof,['useful']
indebted,"['printed', 'need', 'invited']"
obligedi,"['obliged', 'obligedone', 'lived']"
suchto,"['such', 'school', 'suspect']"
rememberimportant,"['remembering', 'important', 'remember']"
pleasureit,"['please', 'pleased', 'measure']"
hospitable,"['hospital', 'suitable', 'hospitality']"
forgetmade,"['forget', 'reader', 'formal']"
welcomemany,"['welcome', 'company', 'women']"
thanksmeant,"['thanks', 'thanked', 'handsome']"
memore,"['memory', 'more', 'memorable']"
themore,"['memore', 'more', 'store']"
kindmost,"['most', 'kind', 'kindness']"
formost,"['most', 'form', 'fours']"
generousmuch,"['generous', 'heartgenerous', 'generosity']"
obligedone,"['obliged', 'obligedi']"
ofmy,['family']
tripone,"['tone', 'tried', 'phone']"
ideasperfect,['perfect']
presentplease,"['presents', 'please', 'pleased']"
sin,"['sign', 'saying', 'saving']"
byquite,['quit']
helpseventh,['event']
heavenso,"['events', 'have', 'handsome']"
myselftickled,[]
marveltruly,['marvelous']
gratefulvery,['grateful']
occasionwe,"['occasion', 'accusation']"
wewe,"['week', 'weeks', 'fewer']"
receivelighted,"['received', 'receiving', 'delighted']"
withwill,"['will', 'thrilled']"
oftenwith,[]
inimitableflair,[]
stylewonderful,"['wonderful', 'wonder']"
toyou,"['you', 'yous', 'toys']"
mindreaderyour,['reader']
giftyour,"['gift', 'toyou', 'gifts']"
relaxing,"['faxing', 'eating', 'relations']"
knee,"['need', 'knew', 'keep']"
immobilizer,[]
cherish,"['teachers', 'hearts', 'chairs']"
wok,"['work', 'worked', 'working']"
paperweight,"['right', 'paper', 'overnight']"
please,"['pleased', 'pleasureit', 'place']"
patio,"['ation', 'past', 'part']"
stranger,"['strange', 'stationery', 'store']"
rushing,"['touching', 'shopping', 'shelving']"
museum,"['useful', 'use', 'used']"
brass,"['pass', 'class', 'cases']"
bookends,"['book', 'bond', 'foods']"
autumn,[]
glories,"['goes', 'writes', 'orders']"
coaching,"['watching', 'touching', 'matching']"
younger,"['young', 'youconsider', 'volunteer']"
coaches,"['teachers', 'concerns', 'comes']"
survival,"['suitable', 'usual']"
chrysanthemums,[]
blessed,"['less', 'pleased', 'impressed']"
dad,"['had', 'did', 'day']"
shopper,"['shower', 'shop', 'hope']"
ate,"['rate', 'late', 'taste']"
decadent,"['decent', 'decide', 'meant']"
journey,"['money', 'courtesy', 'forconvey']"
advocacy,['advanced']
overqualified,[]
congenial,"['convenient', 'commercial', 'concern']"
finnish,"['tennis', 'finals']"
piggy,[]
dresser,"['addressed', 'address', 'research']"
niece,"['nice', 'piece', 'notice']"
rested,"['requested', 'returned', 'directed']"
flair,"['firm', 'pairs', 'first']"
stipulated,"['state', 'estimate', 'unrelated']"
designated,"['signature', 'delighted', 'estimate']"
