accept,"['account', 'fact']"
say,['stay']
pleasure,"['assure', 'sure', 'plate']"
write,"['writes', 'writing', 'item']"
other,"['note', 'hear', 'terms']"
letter,"['letters', 'lettersdear', 'center']"
first,"['list', 'forms']"
have,"['travel', 'leaves', 'having']"
offer,"['offices', 'other']"
details,"['rental', 'extras']"
date,"['dates', 'late', 'rates']"
company,"['complaint', 'companion', 'many']"
name,"['names', 'same', 'number']"
look,"['logo', 'looklike']"
enclosed,"['enclose', 'enjoyed', 'entitled']"
want,"['wants', 'went']"
meeting,"['evening', 'requesting', 'renewing']"
time,"['times', 'tried', 'nighttime']"
how,"['shows', 'shown', 'own']"
use,"['uses', 'used', 'set']"
tell,"['motel', 'hotel', 'travel']"
help,"['helpful', 'hotel', 'hotels']"
writing,"['wing', 'write', 'worrying']"
sure,"['assure', 'pleasure', 'toured']"
requests,"['requesting', 'guests', 'resorts']"
repeat,"['report', 'recipients', 'related']"
take,"['thank', 'asked', 'travel']"
evening,"['sending', 'meeting', 'spending']"
good,"['food', 'goodwill', 'go']"
send,"['spend', 'end', 'spends']"
brief,"['write', 'tried']"
personal,"['personnel', 'persons', 'presentable']"
mail,"['meal', 'material', 'making']"
include,"['secluded', 'single']"
telephone,['phone']
number,['name']
check,[]
ask,['asked']
same,"['name', 'space', 'sales']"
thank,"['take', 'thinking', 'train']"
used,"['use', 'uses', 'send']"
appreciate,[]
response,"['resorts', 'correspondence', 'phone']"
next,"['extra', 'extras']"
month,"['months', 'most', 'mountain']"
much,['such']
best,"['beds', 'breakfast', 'resort']"
amusement,"['adjustments', 'arrangement']"
letters,"['letter', 'lettersdear', 'terms']"
find,"['friends', 'refund']"
difficult,[]
place,"['space', 'plate', 'replaced']"
assistance,['nuisance']
needs,"['need', 'beds', 'notes']"
accessibility,['accessible']
list,"['lost', 'it', 'first']"
group,[]
avoid,[]
events,"['sheets', 'leaves', 'recipients']"
calendar,"['carstandard', 'standard', 'canal']"
reservations,"['reservation', 'descriptions', 'reserve']"
tips,"['trip', 'twins', 'times']"
late,"['plate', 'date', 'related']"
apologize,[]
employers,[]
friends,"['find', 'tried', 'writes']"
go,"['logo', 'good', 'golf']"
sentence,"['internet', 'eaten']"
more,"['motel', 'toured', 'orange']"
special,['specifics']
information,"['confirmation', 'international', 'transportation']"
goodwill,['good']
decision,"['question', 'discount', 'descriptions']"
phone,"['telephone', 'hole', 'response']"
car,"['card', 'cards', 'charge']"
receiving,"['renewing', 'arriving', 'requesting']"
party,"['passport', 'plate']"
e,[]
room,"['rooms', 'prompt']"
complete,"['completed', 'complicated', 'complaint']"
liked,"['like', 'line', 'life']"
night,"['nights', 'right', 'midnight']"
become,['enclose']
volunteer,[]
record,"['resort', 'report', 'resorts']"
rooms,"['room', 'problems', 'terms']"
read,"['area', 'related', 'tried']"
attention,"['attractions', 'international', 'convention']"
it,"['bit', 'unit', 'list']"
enjoyed,"['enclosed', 'end']"
hours,"['hour', 'tourist', 'tour']"
discussed,"['dispute', 'used']"
understand,"['entertain', 'interested']"
standard,"['carstandard', 'stained', 'postcard']"
annual,['canal']
give,"['given', 'arrive']"
family,['mail']
suggest,"['guests', 'budget', 'set']"
set,"['sets', 'use', 'sheets']"
stay,"['say', 'today', 'yesterday']"
twins,"['wing', 'tips', 'wants']"
ticket,"['tickets', 'time', 'take']"
bit,['it']
reference,"['emergency', 'reserve']"
thought,[]
know,['unknown']
confirmation,"['information', 'conversation', 'confirm']"
acknowledgments,[]
confirm,['confirmation']
morning,"['moving', 'smoking', 'comforting']"
message,[]
need,['needs']
sales,"['uses', 'spas', 'sets']"
conversation,"['convention', 'confirmation', 'verification']"
hear,"['years', 'other', 'health']"
business,"['uses', 'illness']"
made,[]
cards,"['card', 'car', 'postcards']"
note,"['notes', 'other', 'motel']"
address,['dress']
report,"['resort', 'resorts', 'airport']"
people,"['pool', 'hole']"
item,"['write', 'terms', 'it']"
copies,"['choice', 'recipients', 'courtesies']"
yesterday,"['stay', 'lettersdear']"
additional,"['national', 'international']"
writes,"['write', 'rates', 'writing']"
dates,"['date', 'rates', 'late']"
reservation,"['reservations', 'reserve', 'transportation']"
courtesy,"['courteous', 'courtesies', 'rates']"
asked,"['ask', 'used', 'take']"
went,"['want', 'wants', 'rental']"
sending,"['spending', 'send', 'evening']"
customers,"['focuses', 'uses', 'adjustments']"
illness,"['willingness', 'business', 'billed']"
hotel,"['hotels', 'motel', 'motels']"
motel,"['motels', 'hotel', 'hotels']"
accommodation,"['vacation', 'confirmation', 'companion']"
extras,"['extra', 'letters', 'details']"
crib,"['cribs', 'crying', 'cruise']"
pool,"['poolside', 'policy', 'photos']"
entertaining,"['entertain', 'entertainment', 'interesting']"
facilities,['facilitiestravel']
hotels,"['hotel', 'motels', 'notes']"
resorts,"['resort', 'report', 'response']"
fax,['faxed']
most,"['post', 'lost', 'motel']"
assure,"['assume', 'sure', 'pleasure']"
spend,"['spends', 'send', 'spending']"
form,"['forms', 'forget']"
many,"['company', 'making', 'granby']"
unknown,"['know', 'own', 'non']"
complicated,"['completed', 'complete', 'complaint']"
comforting,"['morning', 'confirmation', 'according']"
completed,"['complete', 'complicated', 'complaint']"
value,"['sales', 'cable']"
making,"['smoking', 'parking', 'moving']"
had,"['husband', 'charged']"
chance,"['cancel', 'choice', 'charge']"
thinking,"['obtaining', 'changing', 'thank']"
today,"['stay', 'days']"
end,"['send', 'spend', 'spends']"
breakfast,['best']
lettersdear,"['letters', 'letter', 'yesterday']"
extra,"['extras', 'next', 'train']"
begin,['given']
complaint,"['company', 'compact', 'compassion']"
policy,['pool']
refund,"['return', 'end', 'send']"
discount,"['dispute', 'disconcerting', 'account']"
credit,"['charged', 'read', 'crib']"
years,"['hear', 'terms', 'cards']"
emergency,['reference']
damaged,['dialed']
adjustments,"['amusement', 'customers']"
such,['much']
terms,"['letters', 'item', 'toddlers']"
positive,"['post', 'deposit', 'poolside']"
leaves,"['events', 'letters', 'late']"
indicate,"['indefinite', 'date', 'dates']"
coupon,"['companion', 'compassion', 'company']"
problems,"['trouble', 'rooms']"
return,"['refund', 'tour']"
free,"['repeat', 'forget']"
months,"['month', 'points', 'motels']"
account,"['discount', 'acquaint', 'according']"
choice,"['copies', 'choose', 'chance']"
assume,"['assure', 'sure', 'same']"
question,"['requesting', 'reservation', 'requests']"
right,"['night', 'nights', 'flight']"
purchase,[]
typed,"['type', 'tried', 'spend']"
half,['health']
size,['single']
missing,"['single', 'moving', 'making']"
days,"['today', 'dates']"
rental,"['presentable', 'details', 'went']"
charged,"['charge', 'card', 'cards']"
interested,"['internet', 'interesting', 'understand']"
type,['typed']
requesting,"['requests', 'question', 'meeting']"
given,"['give', 'begin']"
charge,"['charged', 'chance', 'car']"
non,"['own', 'unknown']"
shows,"['shown', 'how', 'hours']"
food,['good']
top,[]
line,"['like', 'life', 'outline']"
attached,[]
personnel,"['personal', 'persons']"
times,"['time', 'tips', 'tickets']"
traffic,['train']
cable,"['castle', 'calendar', 'value']"
bureau,"['sure', 'read', 'area']"
offices,"['offer', 'choice']"
fact,"['impact', 'accept']"
outline,"['line', 'mountain', 'double']"
own,"['shown', 'low', 'how']"
like,"['liked', 'line', 'life']"
put,['dispute']
helpful,['help']
spends,"['spend', 'send', 'spending']"
available,[]
wants,"['want', 'went', 'infants']"
names,"['name', 'same', 'ages']"
low,"['own', 'how']"
health,"['meal', 'help', 'hear']"
c,[]
considering,"['disconcerting', 'connecting', 'conversation']"
service,['reserve']
shareholders,[]
postcard,"['postcards', 'post', 'card']"
life,"['line', 'like', 'liked']"
card,"['cards', 'car', 'charged']"
choose,"['photos', 'choice', 'enclose']"
lost,"['post', 'most', 'lots']"
notes,"['note', 'motels', 'hotels']"
period,['persons']
ages,"['pages', 'sales', 'rates']"
tickets,"['ticket', 'times']"
postcards,"['postcard', 'cards', 'post']"
internet,"['interested', 'interesting', 'international']"
points,"['pylons', 'photos', 'months']"
smoking,"['nonsmoking', 'moving', 'making']"
uses,"['use', 'used', 'sets']"
prompt,"['compact', 'room', 'post']"
golf,['go']
space,"['place', 'spas', 'same']"
double,"['trouble', 'outline', 'hole']"
arrival,"['arrivalmap', 'arrive', 'material']"
hour,"['hours', 'tour', 'toured']"
parking,"['making', 'planning', 'arriving']"
single,"['stained', 'smoking', 'sending']"
forms,"['form', 'terms', 'rooms']"
descriptions,"['decision', 'reservations', 'reservation']"
area,"['read', 'repeat', 'rental']"
husband,['had']
airport,"['report', 'passport', 'resort']"
vacation,"['verification', 'accommodation', 'reservation']"
transportation,"['reservation', 'information', 'reservations']"
map,[]
infants,"['wants', 'points']"
having,"['changing', 'arriving', 'traveling']"
related,"['replaced', 'read', 'late']"
material,"['meal', 'mail', 'arrival']"
original,[]
did,['dialed']
forget,"['orange', 'more', 'free']"
travel,"['travela', 'traveling', 'tell']"
international,"['national', 'internet', 'interesting']"
history,['visitors']
hold,"['hole', 'holding', 'hotel']"
arrangements,['arrangement']
moving,"['smoking', 'morning', 'making']"
unit,"['night', 'it', 'nights']"
convention,"['conversation', 'connecting', 'confirmation']"
canceling,"['cancel', 'cancellation', 'cancellations']"
cancel,"['chance', 'canceling', 'canal']"
changing,"['having', 'canceling', 'thinking']"
tour,"['toured', 'hour', 'tourist']"
specifics,['special']
enclose,"['enclosed', 'choose', 'become']"
sets,"['set', 'sheets', 'uses']"
scheduled,"['schedules', 'schedulehold', 'shuttle']"
trouble,"['double', 'problems', 'toured']"
schedules,"['scheduled', 'schedulehold', 'sheets']"
impact,"['compact', 'fact']"
average,"['orange', 'charge']"
shown,"['shows', 'own', 'how']"
recipients,"['receipts', 'repeat', 'points']"
brochure,[]
focuses,"['uses', 'customers', 'cruise']"
interesting,"['interested', 'entertain', 'entertaining']"
correspondence,['response']
trip,"['tips', 'tried', 'train']"
visitors,['history']
hospitalized,"['stained', 'positive']"
billed,"['dialed', 'bed', 'illness']"
courteous,"['courtesy', 'courtesies']"
sheets,"['sets', 'set', 'schedules']"
inspire,[]
resort,"['resorts', 'report', 'record']"
according,"['crying', 'accommodation', 'comforting']"
arrangement,"['arrangements', 'amusement']"
rates,"['dates', 'writes', 'related']"
calls,"['sales', 'local', 'cards']"
local,"['locator', 'canal', 'calls']"
dispute,"['discount', 'discussed', 'put']"
flight,"['flights', 'right', 'night']"
accessible,['accessibility']
receipts,"['recipients', 'requests', 'descriptions']"
arriving,"['having', 'arrive', 'receiving']"
national,"['additional', 'international', 'information']"
airline,"['line', 'arrive']"
disconcerting,"['connecting', 'interesting', 'discount']"
replaced,"['related', 'place', 'read']"
entertainment,"['entertain', 'entertaining', 'internet']"
guests,"['requests', 'suggest', 'resorts']"
truck,[]
physician,[]
worrying,"['crying', 'writing', 'wing']"
m,[]
deposit,"['post', 'positive', 'report']"
cancellations,"['cancellation', 'canceling', 'vacation']"
cancellation,"['cancellations', 'canceling', 'vacation']"
pages,"['ages', 'spas', 'space']"
planning,"['parking', 'spending', 'changing']"
faxed,"['fax', 'asked']"
arrive,"['arrival', 'arriving', 'arrivalmap']"
budget,"['suggest', 'dude', 'best']"
obtaining,"['thinking', 'entertaining', 'morning']"
motels,"['motel', 'hotels', 'notes']"
nursing,"['interesting', 'single', 'crying']"
meal,"['mail', 'motel', 'material']"
holding,"['hold', 'according', 'moving']"
d,[]
tried,"['toured', 'trip', 'time']"
depend,"['spend', 'spends', 'end']"
memos,"['most', 'times', 'terms']"
train,"['traveling', 'entertain', 'trip']"
colorful,[]
traveling,"['travel', 'travela', 'train']"
luggage,[]
inflexible,[]
spending,"['sending', 'spend', 'spends']"
reserve,"['service', 'reservation', 'register']"
crying,"['worrying', 'according', 'comforting']"
tv,[]
eaten,"['related', 'operate', 'late']"
unnecessary,[]
query,[]
bed,"['beds', 'end', 'billed']"
center,"['letter', 'entertain', 'letters']"
acquaint,['account']
persons,"['personal', 'personnel', 'patrons']"
post,"['most', 'lost', 'deposit']"
temperatures,"['departure', 'operate', 'pleasure']"
courtesies,"['courtesy', 'courteous', 'copies']"
entertain,"['entertaining', 'entertainment', 'train']"
dress,"['address', 'resorts', 'response']"
wing,"['writing', 'worrying', 'twins']"
flights,"['flight', 'nights', 'right']"
lots,"['lost', 'notes', 'pylons']"
nights,"['night', 'flights', 'right']"
entitled,"['enclosed', 'tried']"
verification,"['vacation', 'conversation', 'reservation']"
register,"['reserve', 'write']"
iron,[]
railroad,[]
malfunctioning,[]
willingness,['illness']
midnight,"['night', 'nights', 'right']"
companion,"['compassion', 'complaint', 'company']"
locator,"['local', 'car']"
tourist,"['tour', 'hours', 'toured']"
passport,"['packagesports', 'airport', 'party']"
bus,['use']
beds,"['bed', 'best', 'needs']"
attractions,"['attention', 'patrons', 'vacation']"
travela,"['travel', 'traveling']"
ainsworthtoday,[]
presentable,"['rental', 'personal', 'reimbursable']"
campground,[]
cruise,"['cribs', 'use', 'focuses']"
spas,"['space', 'sales', 'pages']"
dude,"['double', 'budget']"
pickup,[]
dropoff,[]
compact,"['impact', 'complaint', 'company']"
carstandard,"['standard', 'calendar']"
looklike,"['look', 'like', 'poolside']"
departure,"['temperatures', 'date']"
poolside,"['pool', 'positive', 'looklike']"
connecting,"['convention', 'disconcerting', 'considering']"
nonsmoking,"['smoking', 'moving', 'making']"
canal,"['cancel', 'annual', 'national']"
toured,"['tour', 'tried', 'trouble']"
castle,"['cable', 'shuttle', 'date']"
mountain,"['outline', 'morning', 'train']"
funicular,[]
renewing,"['receiving', 'wing', 'sending']"
downloaded,[]
childrenadvance,[]
requirementsareas,[]
hole,"['hold', 'phone', 'hotel']"
schedulehold,"['scheduled', 'schedules']"
arrivalmap,"['arrival', 'arrive']"
areanearby,['granby']
horseback,[]
ridingsightseeing,[]
packagesports,"['passport', 'resorts']"
facilitiestravel,['facilities']
insuranceyouth,[]
hostelsentencesattached,[]
photos,"['points', 'hotels', 'choose']"
reimbursable,['presentable']
operate,"['rates', 'plate', 'eaten']"
shuttle,"['schedules', 'scheduled', 'castle']"
logo,"['look', 'go']"
orange,"['forget', 'operate', 'morning']"
pylons,"['points', 'persons', 'patrons']"
dialed,"['did', 'billed', 'damaged']"
button,[]
nuisance,"['assistance', 'space']"
plate,"['late', 'place', 'related']"
stained,"['tried', 'train', 'standard']"
granby,"['areanearby', 'many']"
indefinite,['indicate']
compassion,"['companion', 'complaint', 'company']"
cribs,"['crib', 'cruise', 'cards']"
toddlers,['terms']
nighttime,"['night', 'nights', 'time']"
secluded,"['include', 'enclosed']"
patrons,"['persons', 'attractions', 'pylons']"
