invitation,"['invitations', 'indicating', 'punctuation']"
accept,"['accepts', 'acceptthe', 'accepting']"
say,"['stay', 'way', 'saying']"
reply,"['employee', 'employed', 'early']"
pleasure,"['pleased', 'pleasuretheir', 'pressured']"
person,"['personal', 'personnel', 'son']"
write,"['writes', 'written', 'white']"
acceptance,"['acceptances', 'accept', 'acceptthe']"
pleased,"['pleasure', 'placed', 'planned']"
dinner,"['dinners', 'inner', 'dinnerceipt']"
other,"['others', 'outer', 'note']"
first,"['list', 'florist', 'fast']"
invitations,"['invitation', 'vacations', 'indicating']"
see,"['sheet', 'serve', 'sense']"
have,"['save', 'gave', 'phrase']"
offer,"['officers', 'ofmr', 'outer']"
discuss,['discourages']
details,"['deal', 'mails', 'ideas']"
date,"['dates', 'dated', 'late']"
company,"['comply', 'companion', 'many']"
name,"['names', 'named', 'same']"
able,"['unable', 'value', 'label']"
look,"['book', 'floor', 'clock']"
delighted,"['enlisted', 'listed', 'flight']"
thanks,"['thank', 'thanked', 'think']"
enclosed,"['enclose', 'enclosures', 'enlisted']"
want,"['went', 'wait', 'woman']"
job,[]
accepting,"['accept', 'accepts', 'acceptance']"
do,[]
time,"['meantime', 'tissue', 'tipped']"
how,"['shower', 'own', 'showers']"
let,"['left', 'least', 'met']"
acceptances,"['acceptance', 'accepts', 'accompanies']"
use,"['used', 'house', 'ushers']"
informal,"['informals', 'normal', 'inform']"
tell,"['tells', 'tohelp', 'temple']"
kind,"['find', 'signed', 'making']"
asking,"['making', 'using', 'thanking']"
week,['weeks']
call,"['small', 'recalled', 'allow']"
come,"['com', 'home', 'came']"
writing,"['written', 'wording', 'write']"
wedding,"['weddings', 'wording', 'sending']"
repeat,"['threeat', 'great', 'regret']"
host,"['most', 'hosting', 'short']"
expression,"['expressions', 'express', 'person']"
take,"['make', 'thanked', 'thank']"
good,"['groom', 'go']"
send,"['sends', 'used', 'sent']"
brief,"['bride', 'write', 'bring']"
state,"['states', 'tastes', 'take']"
add,"['had', 'did', 'address']"
personal,"['person', 'personnel']"
mail,"['mails', 'mailed', 'mailing']"
respond,"['responding', 'responses', 'responsible']"
include,"['includes', 'included', 'including']"
telephone,[]
number,"['numbers', 'numeral', 'numerals']"
large,"['charge', 'late', 'marriage']"
check,['clock']
ask,"['has', 'asking']"
guidelines,"['declines', 'deadlines', 'decline']"
handwrite,"['handwritten', 'write', 'writes']"
stationery,"['state', 'tradition', 'states']"
same,"['save', 'name', 'came']"
format,"['formal', 'formality', 'form']"
children,[]
thank,"['thanks', 'thanked', 'think']"
wait,"['want', 'write', 'white']"
used,"['use', 'send', 'usjoined']"
ofmr,['offer']
great,"['get', 'repeat', 'regret']"
requested,"['request', 'exquisite', 'dinnerrequest']"
appreciate,"['apprecicate', 'appreciation', 'appropriate']"
year,"['years', 'wear', 'hear']"
next,"['extra', 'ex', 'sexton']"
month,"['months', 'most', 'tenth']"
work,"['worry', 'world', 'words']"
sixteenth,"['tenth', 'sixth', 'eenth']"
much,"['such', 'music']"
reception,"['receipt', 'relation', 'description']"
best,"['least', 'guest', 'guests']"
book,"['look', 'broken']"
ways,"['way', 'pays', 'days']"
way,"['ways', 'say', 'pay']"
request,"['requested', 'dinnerrequest', 'rules']"
letters,"['lettersthe', 'newsletters', 'tastes']"
find,"['friend', 'kind', 'friends']"
place,"['places', 'placed', 'space']"
favors,"['forms', 'flowers', 'florist']"
express,"['expression', 'expressions', 'dress']"
assistance,"['circumstances', 'acceptance']"
receipt,"['recipe', 'recent', 'reception']"
home,"['hope', 'come', 'house']"
list,"['listed', 'last', 'soloist']"
group,"['gracious', 'generous', 'groom']"
future,"['turn', 'free']"
avoid,['said']
busy,['buy']
calendar,"['recalled', 'canceled', 'blend']"
simple,"['ample', 'temple', 'stamped']"
reservations,"['abbreviations', 'relation', 'regulations']"
decline,"['declines', 'deadlines', 'guidelines']"
tips,"['tip', 'is', 'towish']"
possible,['responsible']
late,"['last', 'date', 'state']"
apologize,['capitalized']
deal,"['denial', 'dear', 'details']"
make,"['take', 'made', 'making']"
friends,"['friend', 'find', 'sends']"
go,"['good', 'gone', 'goes']"
saying,"['using', 'trying', 'spring']"
issued,"['tissue', 'pressured', 'listed']"
more,"['re', 'order', 'moved']"
mention,"['mentions', 'relation', 'question']"
listed,"['enlisted', 'list', 'limited']"
imperative,"['commemorative', 'relative', 'meantime']"
special,"['social', 'practical', 'sealed']"
chosen,"['choose', 'house', 'cousin']"
information,"['informing', 'confirmation', 'informal']"
employment,"['employee', 'employed', 'temple']"
decision,"['admission', 'designs', 'decline']"
weddings,"['wedding', 'wording', 'weddinginvite']"
example,"['exampie', 'ample', 'temple']"
declines,"['decline', 'deadlines', 'guidelines']"
parties,"['partywe', 'parents', 'carries']"
wear,"['year', 'warm', 'hear']"
general,"['several', 'numeral', 'numerals']"
day,"['days', 'today', 'way']"
engraved,"['engaged', 'engraving', 'gave']"
third,"['hard', 'think', 'other']"
insert,"['inserted', 'inner', 'dinner']"
sent,"['went', 'sets', 'send']"
case,"['came', 'deceased', 'cards']"
party,"['partywe', 'pay', 'art']"
handwritten,"['handwrite', 'written', 'write']"
mailed,"['mail', 'married', 'mails']"
formal,"['informal', 'normal', 'format']"
words,"['world', 'work', 'wording']"
style,"['styles', 'type', 'stay']"
honored,"['honoree', 'honorees', 'honour']"
thoughtful,['thoughtfulness']
join,"['joins', 'joined', 'usjoined']"
generous,"['generosity', 'general', 'gracious']"
meet,"['met', 'sheet', 'event']"
plan,"['plans', 'plains', 'planned']"
admission,"['decision', 'tradition', 'addressing']"
music,"['musicians', 'much', 'using']"
including,"['include', 'includes', 'included']"
celebration,"['celebrating', 'celebrate', 'celebrated']"
parents,"['parent', 'apartment', 'grandparents']"
it,"['wait', 'omit', 'list']"
new,"['news', 'knew', 'pew']"
education,"['duplication', 'relation', 'location']"
wishes,"['wish', 'writes', 'ushers']"
important,['imperative']
last,"['least', 'past', 'list']"
understand,"['understanding', 'misunderstanding', 'stands']"
receive,"['receives', 'recipe', 'receipt']"
held,"['household', 'tohelp', 'sealed']"
give,"['given', 'gave', 'lived']"
family,"['families', 'mail']"
appointment,"['apartment', 'commitment', 'appropriate']"
stay,"['say', 'today', 'style']"
love,"['lovely', 'moved', 'lived']"
students,"['sets', 'sent', 'turns']"
enjoy,[]
refusals,"['refusing', 'grateful', 'graceful']"
acknowledge,"['acknowledgments', 'acknowledging']"
know,"['known', 'knew', 'narrow']"
weeks,"['week', 'keeps']"
confirmation,"['information', 'decorations', 'congratulations']"
order,"['older', 'corner', 'readers']"
acknowledgments,"['acknowledge', 'acknowledging', 'announcements']"
message,[]
acknowledging,"['acknowledge', 'acknowledgments', 'wedding']"
expressions,"['expression', 'express', 'reservations']"
need,"['unsealed', 'named', 'intended']"
appropriate,"['appropriateness', 'appreciate', 'apprecicate']"
gifts,"['gift', 'fifth']"
hear,"['year', 'wear', 'heat']"
business,"['singles', 'usjoined', 'using']"
made,"['make', 'mailed', 'garden']"
cards,"['card', 'hard', 'case']"
meantime,"['time', 'mention', 'mean']"
gift,"['gifts', 'it', 'fifth']"
congratulations,"['congratulationsrehearsal', 'contains', 'regulations']"
note,"['notes', 'notice', 'notices']"
responses,"['responsible', 'respond', 'spouse']"
address,"['addresses', 'addressed', 'dress']"
notify,"['identify', 'notice', 'notices']"
death,"['health', 'path', 'heat']"
follow,"['followed', 'following', 'allow']"
written,"['write', 'handwritten', 'writes']"
people,"['temple', 'couple', 'spelled']"
printed,"['print', 'printers', 'invited']"
copies,"['couples', 'accompanies', 'couple']"
several,"['general', 'serve', 'sealed']"
get,"['guest', 'great', 'regret']"
different,"['department', 'dinnerceipt']"
short,"['shower', 'shortened', 'showers']"
is,"['wish', 'tips', 'list']"
serve,"['service', 'see', 'several']"
excuse,"['use', 'exquisite', 'course']"
greetings,"['relating', 'selecting', 'returning']"
announcements,"['announcement', 'announce', 'acknowledgments']"
writes,"['write', 'written', 'white']"
dates,"['date', 'dated', 'tastes']"
explain,"['plains', 'plan', 'placing']"
appreciation,"['appreciate', 'apprecicate', 'abbreviations']"
courtesy,"['course', 'enclosures', 'couples']"
relative,"['relatives', 'relation', 'relating']"
provide,"['proved', 'presider', 'bride']"
department,"['apartment', 'parent', 'parents']"
went,"['want', 'sent', 'cent']"
sending,"['send', 'wedding', 'scheduling']"
announcement,"['announcements', 'announce', 'appointment']"
plans,"['plains', 'plan', 'places']"
requirements,"['requiring', 'arrangements', 'request']"
hotels,"['tells', 'notes', 'others']"
most,"['host', 'month', 'postal']"
mailing,"['making', 'mail', 'painting']"
form,"['forms', 'inform', 'format']"
indicating,"['indicate', 'indicates', 'invitation']"
public,"['publish', 'published']"
many,"['man', 'mean', 'company']"
deceased,"['pleased', 'case', 'recalled']"
foldovers,"['flowers', 'older', 'fondest']"
keep,"['keeps', 'keeping']"
hard,"['had', 'hear', 'hand']"
casual,"['crystal', 'case', 'call']"
ribbons,[]
members,"['numbers', 'remembered', 'number']"
recent,"['cent', 'receipt', 'event']"
value,"['glue', 'alumnae', 'able']"
making,"['asking', 'mailing', 'thanking']"
had,"['hard', 'hand', 'has']"
run,['return']
bring,"['bringing', 'trying', 'spring']"
spring,"['supporting', 'using', 'print']"
today,"['day', 'stay', 'days']"
long,"['young', 'owing', 'going']"
employee,"['employed', 'employment', 'temple']"
embarrassment,"['arrangements', 'department']"
addressed,"['addresses', 'address', 'addressing']"
named,"['name', 'names', 'surname']"
others,"['other', 'clothes', 'outer']"
paper,"['papers', 'upper', 'newspaper']"
papers,"['paper', 'newspapers', 'upper']"
understanding,"['misunderstanding', 'understand', 'responding']"
supply,[]
few,"['pew', 'new', 'fee']"
responsible,"['responses', 'possible', 'responding']"
extra,['next']
begin,"['bringing', 'going', 'given']"
using,"['refusing', 'spring', 'saying']"
old,"['world', 'older', 'oil']"
officers,"['offer', 'officiate', 'officiator']"
sorry,"['worry', 'short', 'order']"
regret,"['great', 'repeat', 'recent']"
has,"['thanks', 'phrase', 'had']"
quality,"['formality', 'guilty']"
full,"['useful', 'follow']"
years,"['year', 'wear', 'readers']"
doing,"['owing', 'going', 'adopting']"
past,"['pays', 'path', 'last']"
purchased,"['phrase', 'touched', 'pleased']"
bringing,"['bring', 'original', 'begin']"
such,"['much', 'sketch']"
high,"['weigh', 'hoping', 'having']"
indicate,"['indicates', 'indicating', 'invite']"
notice,"['notices', 'note', 'notes']"
small,"['mail', 'call', 'mails']"
return,"['turn', 'returning', 'turns']"
free,"['fee', 'feel', 're']"
months,"['month', 'others', 'clothes']"
dear,"['year', 'wear', 'hear']"
tool,['tohelp']
keeping,"['keep', 'helping', 'keeps']"
chapter,"['chapters', 'caterer', 'paper']"
newspaper,"['newspapers', 'paper', 'papers']"
refusing,"['using', 'returning', 'requiring']"
choice,"['notice', 'copies', 'chosen']"
improper,"['prosperity', 'upper', 'paper']"
wish,"['wishes', 'towish', 'weigh']"
least,"['last', 'leads', 'let']"
leads,"['least', 'readers', 'pleased']"
pay,"['pays', 'party', 'way']"
similar,"['military', 'simple']"
advice,"['advance', 'service', 'save']"
question,"['suggestions', 'request', 'mention']"
exchange,"['exchanging', 'charge']"
art,"['party', 'parent', 'carpet']"
piece,"['picked', 'typeface', 'presence']"
allow,"['allowed', 'follow', 'call']"
gracious,"['graceful', 'generous', 'group']"
sense,"['sends', 'see', 'sets']"
wording,"['writing', 'wedding', 'world']"
recalled,"['recycled', 'sealed', 'presidentcalled']"
tells,"['tell', 'hotels', 'notes']"
typed,"['type', 'taped', 'tipped']"
half,['health']
sheet,"['see', 'threeat', 'sets']"
published,"['publish', 'public', 'listed']"
days,"['day', 'ways', 'pays']"
print,"['printed', 'printers', 'spring']"
hope,"['open', 'home', 'house']"
responding,"['respond', 'sending', 'responsible']"
notices,"['notice', 'notes', 'note']"
returning,"['return', 'requiring', 'relating']"
young,"['long', 'using', 'owing']"
comply,"['company', 'couple', 'com']"
back,"['black', 'bakery']"
type,"['typed', 'typeface', 'taped']"
given,"['give', 'gave', 'lived']"
proved,"['provide', 'moved', 'performed']"
charge,"['large', 'exchange', 'carpet']"
son,"['sexton', 'person', 'own']"
concern,"['ounce', 'considering', 'corner']"
gave,"['save', 'have', 'give']"
personnel,"['personal', 'person']"
re,"['more', 'free']"
limited,"['listed', 'invited', 'lived']"
regulations,"['relation', 'relating', 'relatives']"
felt,"['feel', 'health', 'forget']"
met,"['meet', 'let', 'get']"
unable,"['able', 'unsealed', 'surname']"
think,"['thank', 'ink', 'thanks']"
grateful,"['graceful', 'wasteful', 'refusals']"
going,"['owing', 'doing', 'hoping']"
friend,"['friends', 'find', 'afraid']"
feel,"['fee', 'free', 'felt']"
useful,"['wasteful', 'use', 'used']"
own,"['town', 'owing', 'known']"
like,"['linked', 'lived', 'picked']"
open,"['pen', 'hope', 'person']"
course,"['house', 'courtesy', 'use']"
numbers,"['number', 'numerals', 'numeral']"
trying,"['bring', 'spring', 'saying']"
following,"['follow', 'followingsurtees', 'owing']"
thanking,"['thank', 'thanks', 'making']"
available,['able']
came,"['same', 'name', 'come']"
found,"['fondest', 'find', 'fountain']"
said,"['avoid', 'stands', 'spaced']"
names,"['name', 'named', 'nicknames']"
parent,"['parents', 'apartment', 'department']"
health,"['heat', 'death', 'twelfth']"
protect,"['prospective', 'apartment', 'recent']"
social,"['special', 'oil', 'commercial']"
hand,"['had', 'hard', 'thanked']"
indicates,"['indicate', 'indicating', 'dates']"
eye,"['see', 'fee']"
considering,"['concern', 'bewildering', 'confirmation']"
service,"['serve', 'advice', 'see']"
early,"['year', 'wear', 'hear']"
readers,"['careers', 'years', 'presider']"
activities,"['ofactivities', 'invitees', 'authorities']"
ideas,"['details', 'dear', 'deal']"
suggestions,"['question', 'mentions', 'reservations']"
performed,"['proved', 'preferred', 'periods']"
musicians,['music']
mean,"['man', 'many', 'woman']"
house,"['use', 'spouse', 'outset']"
celebrate,"['celebrated', 'celebration', 'celebrating']"
card,"['cards', 'hard', 'garden']"
married,"['unmarried', 'marriage', 'mailed']"
commercial,"['comma', 'social', 'commas']"
spouse,"['house', 'use', 'responses']"
marriage,"['marriageof', 'marriagehas', 'married']"
choose,"['chosen', 'house', 'course']"
couple,"['couples', 'people', 'course']"
tenth,"['eenth', 'sixteenth', 'went']"
happiness,"['happens', 'appropriateness', 'appointment']"
celebrated,"['celebrate', 'celebration', 'celebrating']"
attractive,"['relative', 'relatives', 'imperative']"
notes,"['note', 'notices', 'others']"
remembered,"['members', 'preferred', 'celebrated']"
news,"['new', 'knew', 'notes']"
older,"['order', 'old', 'foldovers']"
celebrating,"['celebration', 'celebrate', 'celebrated']"
upper,"['paper', 'papers', 'improper']"
corner,"['concern', 'order', 'course']"
envelope,"['envelopes', 'enclose', 'enclosed']"
stamp,"['stamps', 'stamped', 'stay']"
inserted,"['insert', 'listed', 'separated']"
postage,"['postal', 'state', 'postponed']"
stamps,"['stamp', 'stamped', 'states']"
individual,"['initial', 'initials']"
sends,"['send', 'sense', 'stands']"
front,"['fondest', 'fountain', 'roman']"
relatives,"['relative', 'relation', 'relating']"
worry,"['sorry', 'work', 'world']"
newspapers,"['newspaper', 'papers', 'paper']"
publish,"['published', 'public', 'plains']"
prosperity,"['priority', 'prospective', 'improper']"
fifth,"['gift', 'sixth', 'gifts']"
lovely,['love']
lived,"['listed', 'linked', 'love']"
church,[]
dinners,"['dinner', 'inner', 'dinnerrequest']"
designs,"['dress', 'declines', 'decision']"
twelfth,"['tenth', 'health']"
photograph,['photographer']
announce,"['announcement', 'ounce', 'announcements']"
birth,"['bath', 'sixth', 'first']"
engagement,"['engagements', 'engaged', 'arrangements']"
event,"['eenth', 'recent', 'went']"
known,"['know', 'own', 'town']"
living,"['having', 'writing', 'placing']"
space,"['spaced', 'place', 'places']"
inform,"['informal', 'informing', 'informals']"
attend,"['attendant', 'attendants', 'dated']"
laws,"['last', 'plans', 'least']"
hometowns,"['mentions', 'town', 'home']"
woman,"['roman', 'man', 'want']"
fee,"['free', 'feel', 'see']"
town,"['own', 'owing', 'known']"
includes,"['include', 'included', 'including']"
location,"['relation', 'occupations', 'duplication']"
description,"['decision', 'decorations', 'question']"
unmarried,"['married', 'marriage', 'mailed']"
couples,"['couple', 'copies', 'rules']"
sex,"['ex', 'use', 'sexton']"
grandparents,"['parents', 'parent', 'apartment']"
welcome,"['come', 'com']"
forms,"['form', 'inform', 'format']"
ceremonies,"['ceremony', 'responses', 'copies']"
common,"['comment', 'comma', 'companion']"
obligation,"['relation', 'location', 'duplication']"
identify,['notify']
flowers,"['showers', 'florist', 'forms']"
intended,"['printed', 'need', 'invited']"
black,"['back', 'blanket', 'place']"
ink,"['inks', 'think', 'linked']"
white,"['write', 'writes', 'written']"
matching,"['making', 'placing', 'mailing']"
envelopes,"['envelope', 'enclosures', 'enclose']"
stores,"['tastes', 'styles', 'states']"
printers,"['printed', 'print', 'writes']"
variety,"['party', 'parent', 'carpet']"
inks,"['ink', 'think', 'joins']"
ofhappy,[]
daughter,"['date', 'outer', 'dates']"
husband,"['hand', 'stands', 'had']"
included,"['include', 'includes', 'including']"
canceled,"['need', 'candles', 'unsealed']"
world,"['words', 'old', 'work']"
engaged,"['engraved', 'engagement', 'named']"
wife,"['write', 'white', 'writes']"
preferred,"['referring', 'pressured', 'performed']"
moved,"['proved', 'more', 'modeled']"
joined,"['usjoined', 'join', 'joins']"
dated,"['date', 'dates', 'attend']"
tip,"['tips', 'tipped']"
household,"['house', 'used', 'held']"
face,"['typeface', 'space', 'place']"
poor,"['floor', 'color', 'honour']"
having,"['thanking', 'saying', 'making']"
gone,"['goes', 'ounce', 'going']"
comment,"['commitment', 'common', 'come']"
guilty,"['quality', 'gift']"
turns,"['turn', 'return', 'students']"
circumstances,"['acceptances', 'assistance', 'acceptance']"
paragraphswe,[]
knew,"['new', 'news', 'know']"
original,['bringing']
label,"['late', 'able', 'place']"
shower,"['showers', 'short', 'ushers']"
placed,"['place', 'spaced', 'places']"
did,['add']
save,"['same', 'have', 'gave']"
forget,"['regret', 'get', 'format']"
religious,['regulations']
afraid,"['friend', 'married', 'friends']"
heat,"['health', 'hear', 'threeat']"
hoping,"['hosting', 'helping', 'owing']"
prospective,"['receive', 'protect', 'prosperity']"
skills,['singles']
employed,"['employee', 'employment', 'temple']"
accomplishments,"['commitment', 'comment', 'accompanies']"
degree,"['regret', 'free', 'dear']"
invite,"['invited', 'invitees', 'indicate']"
determine,['decline']
color,"['poor', 'older', 'floor']"
military,"['similar', 'marry']"
arrangements,"['engagements', 'requirements', 'embarrassment']"
com,"['come', 'comma', 'custom']"
placing,"['planning', 'plains', 'plan']"
places,"['place', 'placed', 'space']"
enclose,"['enclosed', 'enclosures', 'envelope']"
omit,"['it', 'formality', 'format']"
invited,"['invite', 'invitees', 'printed']"
sets,"['sent', 'students', 'sheet']"
scheduled,"['scheduling', 'sealed', 'spelled']"
warm,['wear']
generosity,"['generous', 'prosperity']"
extend,"['sexton', 'attend', 'depends']"
meaningful,"['beautiful', 'making', 'exchanging']"
formality,"['format', 'formal', 'informal']"
turn,"['turns', 'return', 'returning']"
addresses,"['addressed', 'address', 'addressing']"
man,"['mean', 'many', 'woman']"
fast,"['past', 'last', 'least']"
pen,"['open', 'pew', 'person']"
garden,"['parent', 'parents', 'made']"
neighborhood,[]
floor,"['poor', 'look', 'form']"
sixth,"['sixteenth', 'fifth', 'birth']"
joins,"['join', 'joined', 'inks']"
followed,"['follow', 'allowed', 'following']"
imagine,"['magazines', 'signed', 'making']"
scheduling,"['scheduled', 'sending', 'helping']"
beautiful,['meaningful']
path,"['past', 'bath', 'watch']"
correspondence,"['responding', 'respond', 'presence']"
forgetfulness,"['thoughtfulness', 'forget']"
postponed,"['brownstone', 'stamped', 'respond']"
happens,"['happiness', 'chapters', 'thanks']"
phrase,"['purchased', 'has', 'pleased']"
left,"['let', 'least']"
normal,"['informal', 'formal', 'informals']"
signed,"['usjoined', 'linked', 'joined']"
stamped,"['taped', 'stamp', 'stamps']"
periods,"['performed', 'proved', 'person']"
vacations,"['location', 'occupations', 'invitations']"
remains,"['retain', 'roman', 'relation']"
allowed,"['allow', 'followed', 'recalled']"
receives,"['receive', 'recipe', 'relatives']"
apartment,"['department', 'parent', 'parents']"
flight,"['delighted', 'florist', 'list']"
blanket,"['black', 'linked', 'bakery']"
supporting,"['spring', 'submitting', 'responding']"
addressing,"['address', 'addresses', 'addressed']"
outset,"['outer', 'house', 'use']"
misunderstanding,"['understanding', 'understand', 'sending']"
depends,"['sends', 'extend', 'pen']"
broken,"['open', 'book']"
initial,"['initials', 'individual', 'invite']"
buy,['busy']
guests,"['guest', 'get', 'request']"
authorities,"['parties', 'activities']"
carpet,"['repeat', 'parent', 'charge']"
magazines,"['imagine', 'remains']"
thoughtfulness,"['thoughtful', 'forgetfulness']"
club,[]
watch,"['want', 'wait', 'path']"
adopting,"['doing', 'hoping', 'adopts']"
piano,"['plan', 'print', 'plans']"
cousin,"['using', 'course', 'chosen']"
cancellation,"['relation', 'celebration', 'vacations']"
submitting,['supporting']
advance,['advice']
adults,"['adopts', 'candles']"
accompanies,"['acceptances', 'copies', 'companion']"
mentions,"['mention', 'hometowns', 'suggestions']"
planning,"['placing', 'painting', 'plains']"
enclosures,"['enclose', 'enclosed', 'includes']"
thanked,"['thank', 'thanks', 'take']"
appearance,['acceptance']
budget,"['get', 'best']"
rules,"['request', 'couples', 'least']"
initials,"['initial', 'individual', 'invitations']"
popular,['people']
ex,"['sex', 'next']"
presence,"['presenceis', 'presidentcalled', 'presencerequest']"
kitchen,"['sketch', 'chosen']"
clothes,"['others', 'other', 'notes']"
separated,"['inserted', 'spaced', 'sealed']"
stands,"['sends', 'thanks', 'states']"
mails,"['mail', 'mailed', 'remains']"
practical,"['special', 'apprecicate']"
comma,"['commas', 'com', 'common']"
punctuation,"['education', 'invitation', 'occupations']"
abbreviations,"['abbreviate', 'reservations', 'appreciation']"
keeps,"['keep', 'keeping', 'weeks']"
tradition,"['relation', 'admission', 'stationery']"
engagements,"['engagement', 'arrangements', 'engaged']"
careers,"['readers', 'carries', 'chapters']"
dignified,"['signed', 'invited']"
spelled,"['sealed', 'unsealed', 'recalled']"
attendant,"['attendants', 'attend']"
states,"['state', 'tastes', 'dates']"
inflexible,[]
goes,"['gone', 'notes', 'guest']"
taped,"['stamped', 'typed', 'tipped']"
picked,"['spaced', 'placed', 'linked']"
graceful,"['grateful', 'wasteful', 'refusals']"
guest,"['guests', 'get', 'request']"
participants,"['parties', 'parents', 'printers']"
retain,"['remains', 'relation', 'relating']"
alumni,['alumnae']
commitment,"['comment', 'appointment', 'accomplishments']"
customary,"['custom', 'company', 'stay']"
referring,"['refusing', 'returning', 'requiring']"
sealed,"['unsealed', 'spelled', 'recalled']"
inner,"['dinner', 'dinners', 'insert']"
newsletters,"['letters', 'newspapers', 'lettersthe']"
decorations,"['description', 'vacations', 'education']"
caterer,"['chapter', 'careers', 'chapters']"
oil,"['social', 'old']"
electric,['selecting']
flap,[]
hospitality,['formality']
unsealed,"['sealed', 'unable', 'used']"
pressured,"['pleasure', 'preferred', 'issued']"
backgrounds,[]
presider,"['readers', 'provide', 'printers']"
babysitter,[]
dress,"['address', 'addresses', 'addressed']"
accepts,"['accept', 'acceptances', 'acceptthe']"
invitees,"['invite', 'invited', 'indicates']"
showers,"['shower', 'ushers', 'flowers']"
honour,"['honoree', 'honored', 'honorees']"
rank,"['thank', 'roman', 'thanks']"
roman,"['woman', 'man', 'remains']"
numerals,"['numeral', 'numbers', 'number']"
numeral,"['numerals', 'number', 'numbers']"
hosting,"['hoping', 'host', 'using']"
postal,"['postage', 'crystal', 'stay']"
contemporary,['company']
tea,['threeat']
ceremony,['ceremonies']
planned,"['placed', 'plan', 'pleased']"
styles,"['style', 'tastes', 'stores']"
ample,"['example', 'temple', 'simple']"
intelligent,['sixteenth']
carries,"['parties', 'married', 'careers']"
fountain,"['contains', 'contained', 'punctuation']"
tastes,"['states', 'dates', 'styles']"
priority,"['prosperity', 'print', 'party']"
yourselves,"['relatives', 'course']"
families,"['family', 'names', 'mails']"
officiator,"['officiate', 'officers', 'affiliation']"
helping,"['hoping', 'keeping', 'scheduling']"
chapters,"['chapter', 'papers', 'happens']"
typeface,"['type', 'face', 'typed']"
lavish,"['plains', 'publish', 'wish']"
deadlines,"['declines', 'decline', 'guidelines']"
owing,"['going', 'doing', 'own']"
spaced,"['space', 'placed', 'place']"
mystery,[]
touched,"['ounce', 'purchased', 'tohelp']"
affiliation,"['officiator', 'obligation', 'invitation']"
civil,[]
glue,"['value', 'guest', 'guests']"
sketch,"['kitchen', 'such', 'sets']"
contains,"['contained', 'fountain', 'decorations']"
pays,"['pay', 'ways', 'past']"
relating,"['relation', 'relative', 'regulations']"
inadequate,"['indicate', 'indicates']"
companion,"['company', 'accompanies', 'common']"
florist,"['list', 'soloist', 'flowers']"
attendants,"['attendant', 'attend', 'grandparents']"
bride,"['brief', 'provide', 'presider']"
groom,"['good', 'roman', 'group']"
outer,"['other', 'outset', 'others']"
cent,"['recent', 'went', 'sent']"
honeymoon,[]
calligraphy,[]
hyphenated,[]
surname,"['same', 'name', 'names']"
threeat,"['repeat', 'heat', 'sheet']"
singles,"['using', 'includes', 'business']"
presidentcalled,"['recalled', 'presence', 'presenceis']"
ofactivities,"['activities', 'authorities', 'invitees']"
harrisall,['carries']
requiring,"['returning', 'refusing', 'return']"
appropriateness,"['appropriate', 'happiness', 'appreciate']"
blend,"['send', 'able', 'calendar']"
custom,"['customary', 'com', 'come']"
framework,['work']
sculpt,[]
exchanging,"['exchange', 'thanking', 'engraving']"
informing,"['information', 'inform', 'informal']"
selecting,"['relating', 'electric', 'celebrating']"
marry,"['married', 'many', 'military']"
temple,"['example', 'ample', 'employee']"
officiate,"['officiator', 'officers', 'affiliation']"
sexton,"['son', 'sex', 'extend']"
organist,['florist']
cantor,"['officiator', 'chapter', 'caterer']"
soloist,"['list', 'florist', 'listed']"
ushers,"['showers', 'wishes', 'use']"
photographer,['photograph']
videotaper,[]
jeweler,[]
bakery,"['blanket', 'take', 'make']"
aisle,"['mailed', 'mail', 'case']"
candles,"['cards', 'canceled', 'deadlines']"
honoree,"['honorees', 'honored', 'honour']"
honorees,"['honoree', 'honored', 'honour']"
bath,"['path', 'watch', 'death']"
recipe,"['receipt', 'repeat', 'recent']"
tissue,"['issued', 'tips', 'time']"
engraving,"['engraved', 'having', 'exchanging']"
pew,"['pen', 'new', 'few']"
maps,"['mails', 'stamps', 'papers']"
wasteful,"['grateful', 'useful', 'graceful']"
prompts,['adopts']
recycled,"['recalled', 'enclosed', 'canceled']"
embossed,"['enclosed', 'employed', 'moved']"
discourages,"['discuss', 'courtesy', 'indicates']"
narrow,['know']
tipped,"['typed', 'taped', 'tip']"
modeled,"['moved', 'delighted', 'sealed']"
newlyweds,"['news', 'need']"
denial,"['deal', 'special', 'initial']"
bread,"['readers', 'recalled', 'leads']"
abbreviate,"['abbreviations', 'appreciate', 'apprecicate']"
commas,"['comma', 'common', 'com']"
capitalized,"['contained', 'apologize']"
duplication,"['education', 'location', 'obligation']"
nonparallel,[]
exampie,"['example', 'ample', 'temple']"
honorifics,"['honorees', 'honour']"
commemorative,"['imperative', 'commercial', 'comment']"
linked,"['like', 'lived', 'signed']"
relation,"['relating', 'regulations', 'relative']"
occupations,"['location', 'vacations', 'regulations']"
adopts,"['adopting', 'adults', 'prompts']"
nicknames,"['names', 'indicates', 'notices']"
alumnae,"['alumni', 'value', 'unable']"
noncommissioned,[]
enlisted,"['listed', 'enclosed', 'delighted']"
apprecicate,"['appreciate', 'appreciation', 'appropriate']"
shortened,"['short', 'honored', 'send']"
bewildering,"['considering', 'celebrating', 'bring']"
informals,"['informal', 'normal', 'inform']"
oversized,[]
weigh,"['wish', 'wedding', 'high']"
ounce,"['announce', 'touched', 'gone']"
contained,"['contains', 'fountain', 'joined']"
dinnerceipt,"['dinner', 'receipt', 'dinners']"
tohelp,"['touched', 'helping', 'tool']"
weddinginvite,"['wedding', 'weddings', 'invite']"
usjoined,"['joined', 'signed', 'used']"
fondest,"['front', 'found', 'foldovers']"
congratulationsrehearsal,['congratulations']
dinnerrequest,"['request', 'dinners', 'dinnerceipt']"
presencerequest,"['presenceis', 'presence', 'dinnerrequest']"
panyshare,['pays']
joyunited,"['joined', 'invited']"
wedlockwedding,"['wedding', 'weddings']"
partywe,"['party', 'parties', 'separated']"
towish,"['wish', 'wishes', 'town']"
ofwitness,['writes']
marriagesentencesaurelia,[]
connected,"['contained', 'concern', 'need']"
painting,"['planning', 'writing', 'placing']"
eenth,"['tenth', 'event', 'recent']"
exquisite,"['requested', 'excuse']"
clock,"['look', 'color', 'check']"
crystal,"['postal', 'casual']"
brownstone,['postponed']
lettersthe,"['letters', 'newsletters']"
presenceis,"['presence', 'presencerequest', 'receives']"
octoberhow,[]
marriageof,"['marriage', 'marriagehas', 'married']"
prismregrets,['regret']
acceptthe,"['accept', 'accepts', 'acceptance']"
airfare,[]
followingsurtees,['following']
plains,"['plans', 'plan', 'placing']"
pleasuretheir,"['pleasure', 'pleased']"
fourbutler,['outer']
marriagehas,"['marriage', 'marriageof', 'married']"
