say,"['stay', 'shaky', 'way']"
person,"['personal', 'interpersonal', 'supervisor']"
write,"['written', 'wrote', 'writing']"
other,"['others', 'softer', 'term']"
letter,"['letters', 'better', 'newsletter']"
first,"['firm', 'fair', 'affairs']"
see,"['seem', 'seems', 'use']"
have,"['shape', 'handle', 'advice']"
offer,"['offering', 'softer', 'other']"
date,"['state', 'indicate', 'indicates']"
able,"['viable', 'unable', 'stable']"
look,"['took', 'lookout', 'looking']"
thanks,"['thank', 'think', 'takes']"
enclosed,"['enclosing', 'chose']"
want,"['wants', 'wanted', 'wait']"
job,[]
do,[]
time,"['meantime', 'lifetime', 'income']"
working,"['writing', 'wearing', 'warning']"
let,"['least', 'set', 'letter']"
use,"['house', 'useful', 'set']"
informal,"['information', 'internal', 'instrumental']"
tell,['dwells']
kind,"['kinds', 'mind', 'find']"
asking,"['talking', 'banking', 'thanking']"
week,['weekafter']
call,"['falls', 'social']"
help,"['held', 'helpful', 'health']"
come,"['income', 'become', 'came']"
writing,"['waiting', 'switching', 'written']"
sure,"['assure', 'survive', 'sources']"
proposal,"['personal', 'professional']"
take,"['takes', 'taken', 'talk']"
evening,"['evenings', 'seeing', 'feeling']"
try,['trying']
good,['ground']
send,"['spend', 'end', 'spends']"
answer,"['manner', 'lawyer', 'easier']"
word,"['words', 'works', 'award']"
state,"['started', 'stable', 'strategic']"
personal,"['person', 'interpersonal', 'professional']"
respond,"['responding', 'response', 'reasons']"
include,['income']
telephone,['tone']
number,"['numbers', 'jumbled']"
ask,"['asked', 'was', 'has']"
stationery,"['situation', 'situations', 'estimation']"
children,"['child', 'hire']"
thank,"['thanks', 'think', 'thanking']"
wait,"['wayi', 'want', 'waiting']"
letterhead,"['lettersdear', 'letter', 'flattered']"
great,"['get', 'regret', 'create']"
accepted,"['tempted', 'succeed', 'accumulated']"
appreciate,"['appreciated', 'inappropriate', 'associate']"
year,"['years', 'hear', 'dear']"
response,"['responsive', 'responsible', 'respond']"
speak,"['special', 'sake', 'spend']"
next,['expect']
month,"['most', 'other', 'money']"
looking,"['look', 'long', 'working']"
best,"['tests', 'least', 'upbeat']"
fair,"['firm', 'affairs', 'first']"
mind,"['kind', 'find', 'lined']"
way,"['wayi', 'was', 'say']"
request,"['required', 'question', 'resources']"
letters,"['letter', 'lettersdear', 'better']"
find,"['friend', 'mind', 'kind']"
difficult,[]
conference,"['confidence', 'consequences', 'references']"
express,"['impressed', 'resist', 'expect']"
equipment,"['recipient', 'request', 'environment']"
seeing,"['feeling', 'evening', 'evenings']"
action,"['actionit', 'addition', 'situation']"
stop,"['step', 'store', 'steps']"
better,"['letter', 'letters', 'matter']"
tips,"['steps', 'is', 'things']"
possible,"['possibilities', 'responsible', 'profitable']"
deal,"['idea', 'dear', 'dealing']"
idea,"['ideas', 'side', 'dear']"
make,"['take', 'sake', 'takes']"
friends,"['friend', 'friendly', 'find']"
more,"['morale', 'move', 'store']"
mention,"['attention', 'tension', 'question']"
required,"['request', 'rebuild', 'reported']"
special,"['social', 'specific', 'speak']"
remark,"['reader', 'readers', 'year']"
experience,"['references', 'exploring', 'expect']"
information,"['informal', 'forming', 'estimation']"
decision,"['tension', 'question', 'occasion']"
situations,"['situation', 'stationery', 'estimation']"
parties,"['patient', 'party', 'alternatives']"
general,"['several', 'internal', 'external']"
day,"['today', 'way', 'say']"
third,"['hire', 'think', 'thing']"
sent,"['set', 'send', 'student']"
case,"['care', 'came', 'raise']"
party,"['pay', 'parent', 'parties']"
handwritten,"['written', 'typewritten', 'write']"
e,['en']
words,"['word', 'works', 'hours']"
plan,"['plans', 'explain', 'loans']"
enclosing,"['enclosed', 'choosing', 'exploring']"
liked,"['like', 'lined', 'obliged']"
become,"['come', 'unwelcome', 'recommend']"
volunteer,['counters']
record,"['reported', 'recommend', 'directors']"
music,['musicians']
read,"['reader', 'readers', 'great']"
impressed,"['impression', 'interested', 'presume']"
attention,"['tension', 'mention', 'action']"
it,"['bit', 'wait', 't']"
society,"['city', 'associate', 'social']"
new,"['one', 'few']"
patient,"['parent', 'repaint', 'parties']"
wishes,"['wise', 'issues', 'shelves']"
hours,"['house', 'course', 'sources']"
last,"['least', 'plans', 'loans']"
understand,['interested']
receive,"['received', 'perceived', 'drive']"
benefits,[]
addition,"['action', 'waiting', 'decision']"
held,"['help', 'hedge', 'child']"
approaches,"['approach', 'inappropriate']"
give,"['giver', 'given', 'forgive']"
possibilities,"['possible', 'possibilitylook', 'positive']"
suggest,"['suggestion', 'suggesting', 'suggestions']"
set,"['sent', 'use', 'see']"
stay,"['say', 'today', 'state']"
love,['move']
bit,"['it', 'habit']"
thought,['hot']
students,"['student', 'studies', 'sent']"
enjoy,[]
explaining,"['explain', 'exploring', 'learning']"
refusals,"['careful', 'grateful', 'seals']"
received,"['receive', 'perceived', 'decided']"
acknowledge,"['knowledge', 'college', 'colleges']"
know,"['knows', 'snow', 'knowledge']"
message,"['impressed', 'merger']"
need,"['needed', 'wondered', 'lined']"
sales,"['seals', 'stable', 'shelves']"
hear,"['year', 'dear', 'years']"
business,"['sinks', 'basis']"
meantime,"['meant', 'time', 'mention']"
gift,['it']
matter,"['manner', 'letter', 'flattered']"
reports,"['reported', 'sports', 'response']"
note,"['notkeep', 'noticed', 'wrote']"
written,"['write', 'typewritten', 'handwritten']"
necessary,['necessity']
people,"['problem', 'open', 'hope']"
copies,"['companies', 'choice', 'compliment']"
several,"['general', 'seals', 'external']"
get,"['great', 'set', 'regret']"
short,"['sort', 'hot', 'sports']"
is,"['wise', 'tips']"
present,"['parent', 'sent', 'presume']"
consideration,"['considering', 'consider', 'cooperation']"
occasion,['decision']
reader,"['readers', 'read', 'remark']"
explain,"['explaining', 'exploring', 'plan']"
tone,"['one', 'store', 'money']"
talking,"['thanking', 'asking', 'talk']"
thing,"['things', 'think', 'thinking']"
asked,"['unasked', 'based', 'ask']"
issue,"['issues', 'assure', 'assume']"
unusual,"['useful', 'unable']"
one,"['tone', 'money', 'wonder']"
customers,"['customer', 'outcome', 'numbers']"
complaints,"['compliment', 'companies', 'plans']"
knows,"['know', 'snow', 'kinds']"
supervisor,"['superior', 'person']"
offering,"['offer', 'working', 'wearing']"
plans,"['plan', 'loans', 'last']"
most,"['cost', 'month', 'costs']"
assure,"['reassure', 'assume', 'sure']"
spend,"['spends', 'send', 'end']"
interest,"['interested', 'interfere', 'intermediate']"
organization,"['consideration', 'information', 'cooperation']"
public,['pull']
figure,"['figurines', 'ignored', 'further']"
keep,"['notkeep', 'deeper']"
memo,[]
appreciated,"['appreciate', 'inappropriate', 'received']"
current,"['correct', 'secret', 'parent']"
value,"['viable', 'able', 'sales']"
customer,"['customers', 'outcome', 'come']"
had,"['hand', 'has', 'handle']"
tests,"['less', 'best', 'interest']"
thinking,"['thinkingi', 'thanking', 'think']"
needed,"['need', 'seemed', 'decided']"
bring,"['trying', 'writing', 'working']"
wanted,"['unwanted', 'want', 'wants']"
today,"['day', 'told', 'stay']"
problem,"['problems', 'profitable', 'possible']"
end,"['send', 'en', 'spend']"
long,"['looking', 'wrong', 'loans']"
employee,['imply']
store,"['true', 'tone', 'sure']"
situation,"['situations', 'stationery', 'estimation']"
literature,"['intermediate', 'alternatives', 'interfere']"
lettersdear,"['letters', 'letterhead', 'letter']"
others,"['other', 'counters', 'softer']"
paper,"['appears', 'shape', 'party']"
expect,"['respectful', 'experience', 'protect']"
few,['new']
responsible,"['responsive', 'response', 'possible']"
key,['eye']
begin,"['weighing', 'going', 'given']"
wonderful,"['wonder', 'wondered']"
regret,"['great', 'secret', 'get']"
correct,"['current', 'collector', 'create']"
products,"['protect', 'route', 'proud']"
has,"['was', 'thanks', 'shafts']"
cooperation,"['cooperative', 'consideration', 'competition']"
years,"['year', 'readers', 'hear']"
doing,"['going', 'siding', 'coming']"
vacuum,[]
dealing,"['deadline', 'deal', 'wearing']"
continue,"['convinced', 'outline', 'counters']"
care,"['case', 'came', 'careful']"
imply,"['employee', 'manly']"
positive,"['sensitive', 'responsive', 'possibilities']"
indicate,"['indicates', 'intermediate', 'date']"
voice,"['vice', 'choice', 'advice']"
wrong,"['writing', 'working', 'wearing']"
problems,"['problem', 'profitable', 'possible']"
companies,"['copies', 'complaints', 'compliment']"
difference,"['indifferent', 'references', 'conference']"
appears,"['years', 'paper', 'person']"
examine,"['explain', 'deadline', 'easier']"
dear,"['year', 'idea', 'hear']"
choice,"['voice', 'chose', 'copies']"
works,"['words', 'working', 'word']"
further,"['other', 'softer', 'others']"
surprised,"['raised', 'supervisor', 'survive']"
assume,"['assure', 'issue', 'reassure']"
solution,"['absolution', 'situation', 'suggestion']"
apologetic,[]
things,"['thing', 'think', 'thinking']"
true,"['store', 'route', 'attribute']"
least,"['last', 'let', 'less']"
attitude,"['gratitude', 'attribute']"
friendly,"['friend', 'friends', 'find']"
lawyer,"['law', 'ladder', 'answer']"
approach,['approaches']
specific,['special']
steps,"['step', 'tips', 'studies']"
passive,"['aggressive', 'possible', 'positive']"
pay,"['party', 'way', 'say']"
easier,"['eastern', 'reader', 'emphasize']"
handle,"['hand', 'had', 'have']"
advice,"['vice', 'voice', 'admire']"
question,"['suggestion', 'suggestions', 'suggesting']"
right,"['write', 'bring']"
little,"['written', 'line', 'like']"
excellent,['client']
inappropriate,"['appreciate', 'appreciated', 'disappointed']"
doubt,"['dojust', 'route', 'dusty']"
cost,"['costs', 'most', 'consultf']"
manner,"['matter', 'answer', 'mean']"
firm,"['fair', 'frame', 'first']"
half,"['shafts', 'health', 'handle']"
giving,"['driving', 'going', 'given']"
hope,"['open', 'shops', 'shape']"
banking,"['thanking', 'asking', 'warning']"
taken,"['take', 'takes', 'talking']"
responding,"['reasoning', 'respond', 'recommending']"
issues,"['issue', 'wishes', 'assure']"
interested,"['interest', 'interfere', 'increase']"
given,"['give', 'giver', 'giving']"
costs,"['cost', 'most', 'courses']"
visit,"['visiting', 'advising', 'first']"
concern,"['concerned', 'conference', 'counters']"
line,"['lined', 'like', 'life']"
shops,"['stop', 'hope', 'steps']"
felt,"['feel', 'health', 'delete']"
fact,"['tact', 'affect', 'action']"
was,"['wants', 'way', 'has']"
unable,"['able', 'viable', 'stable']"
think,"['thing', 'thank', 'thinking']"
opinion,"['competition', 'outlining', 'intrusion']"
grateful,"['careful', 'refusals', 'great']"
going,"['doing', 'giving', 'coming']"
friend,"['friends', 'friendly', 'find']"
feel,"['felt', 'feeling', 'afield']"
noticed,"['note', 'voice', 'unsolicited']"
school,[]
outline,"['outlining', 'line', 'solution']"
college,"['colleges', 'colleague', 'acknowledge']"
useful,"['use', 'unusual', 'helpful']"
suggestion,"['suggestions', 'suggesting', 'suggest']"
own,"['one', 'low']"
judgment,"['student', 'students', 'meant']"
tact,"['fact', 'state', 'thatto']"
unsolicited,"['consolidated', 'noticed', 'consolidate']"
consider,"['considering', 'knowconsider', 'considerable']"
r,[]
like,"['liked', 'line', 'life']"
wonder,"['wondered', 'wonderful', 'consider']"
put,['cut']
cooperative,"['cooperation', 'alternatives', 'perceived']"
term,"['other', 'softer', 'permit']"
earrings,"['wearing', 'unerring', 'learning']"
habit,"['bit', 'wait']"
advising,"['visiting', 'asking', 'waiting']"
open,"['hope', 'spend', 'en']"
counsel,"['counselor', 'course', 'courses']"
meant,"['mean', 'meantime', 'mewhat']"
course,"['courses', 'counsel', 'house']"
phrasing,"['rephrasing', 'asking', 'reasoning']"
alternatives,"['literature', 'parties', 'cooperative']"
abrasive,"['passive', 'aggressive', 'raise']"
wrote,"['write', 'route', 'written']"
numbers,"['number', 'names', 'customers']"
getting,"['suggesting', 'thing', 'going']"
suggesting,"['suggestion', 'suggestions', 'suggest']"
loans,"['plans', 'plan', 'long']"
willing,"['writing', 'waiting', 'rolling']"
professional,"['impression', 'personal', 'protection']"
client,"['compliment', 'recipient', 'let']"
program,['performed']
financial,[]
trying,"['staring', 'thing', 'bring']"
certain,"['cooperation', 'consideration']"
typewritten,"['written', 'handwritten', 'write']"
t,['it']
thattake,"['thatto', 'take', 'buttake']"
seems,"['seem', 'see', 'seemed']"
switching,"['switch', 'writing', 'waiting']"
helpful,"['help', 'useful']"
took,['look']
concerned,"['concern', 'wondered', 'convinced']"
motors,"['others', 'doctor', 'most']"
competition,"['cooperation', 'opinion', 'mention']"
seem,"['seems', 'see', 'seemed']"
talk,"['take', 'talking', 'thank']"
building,"['siding', 'willing', 'rebuild']"
elementary,[]
hurt,"['short', 'hours']"
coming,"['forming', 'going', 'doing']"
forming,"['coming', 'working', 'offering']"
drug,[]
weekafter,"['eastern', 'week']"
dozen,"['open', 'doing']"
following,"['rolling', 'willing', 'mulling']"
wellsask,['dwells']
spends,"['spend', 'send', 'end']"
giver,"['give', 'given', 'forgive']"
raised,"['raise', 'based', 'asked']"
venture,[]
afield,"['raised', 'friend', 'friends']"
shaky,"['say', 'stay', 'sake']"
ground,"['proud', 'found', 'respond']"
hedge,"['held', 'schedule']"
odd,[]
irksome,"['wisdom', 'income']"
staring,"['trying', 'wearing', 'warning']"
remembrances,['references']
kinds,"['kind', 'mind', 'friends']"
thanking,"['thinking', 'thinkingi', 'talking']"
chose,"['house', 'course', 'choice']"
deadline,"['dealing', 'line', 'examine']"
reassure,"['assure', 'assume', 'resources']"
obliged,"['oblige', 'lined', 'liked']"
available,"['viable', 'able']"
rephrasing,"['phrasing', 'reasoning', 'preparing']"
came,"['come', 'case', 'care']"
desk,"['ideas', 'grades', 'dwells']"
reasoning,"['responding', 'reasons', 'rephrasing']"
disclaimer,[]
confidence,"['conference', 'convinced', 'continue']"
succeed,"['accepted', 'concerned', 'seemed']"
gratitude,"['attitude', 'grades']"
effort,"['reports', 'sort']"
unwanted,"['wanted', 'want', 'unasked']"
politeness,['possibilities']
sake,"['take', 'make', 'takes']"
sentences,"['consequences', 'references', 'sent']"
tempted,"['reported', 'accepted', 'seemed']"
wisdom,"['irksome', 'wise']"
accumulated,['accepted']
lifetime,"['time', 'life', 'meantime']"
resist,"['persist', 'assist', 'request']"
delete,"['letter', 'let', 'deeper']"
wants,"['want', 'was', 'wanted']"
flexible,[]
found,"['ground', 'find', 'proud']"
fresh,"['friends', 'frame', 'first']"
patronizing,"['warning', 'learning', 'reasoning']"
snow,"['know', 'knows']"
softer,"['other', 'offer', 'others']"
falls,"['call', 'refusals', 'seals']"
dwells,"['dolls', 'wellsask', 'tell']"
deeper,"['delete', 'keep', 'dear']"
sinks,"['business', 'think', 'kinds']"
compliment,"['complaints', 'comments', 'client']"
upbeat,"['subject', 'best']"
frame,"['firm', 'came', 'raise']"
grip,[]
shape,"['sake', 'hope', 'have']"
pull,['public']
said,"['side', 'siding', 'raised']"
names,"['numbers', 'came', 'takes']"
resources,"['sources', 'reassure', 'reinforce']"
recommending,"['recommend', 'responding', 'myrecommendadvice']"
cut,"['put', 'current']"
attribute,"['attitude', 'true']"
unwelcome,"['income', 'become', 'outcome']"
parent,"['present', 'patient', 'party']"
superior,['supervisor']
colleague,"['college', 'colleges', 'acknowledge']"
vice,"['voice', 'advice', 'service']"
respectful,"['useful', 'expect']"
low,"['own', 'law']"
instance,"['distance', 'install', 'state']"
indirect,"['indicate', 'indifferent', 'indicates']"
consolidated,"['consolidate', 'consider', 'unsolicited']"
consolidate,"['consolidated', 'consider', 'consideration']"
intermediate,"['interested', 'interest', 'indicate']"
step,"['steps', 'stop', 'store']"
doctor,"['motors', 'directors', 'collector']"
outlining,"['outline', 'thinking', 'thinkingi']"
health,"['help', 'held', 'hear']"
teacher,"['other', 'reader', 'others']"
child,"['children', 'held', 'chipped']"
defensible,"['responsible', 'flexible']"
references,"['remembrances', 'experience', 'difference']"
sources,"['resources', 'sure', 'courses']"
reinforce,"['resources', 'references', 'ignored']"
protect,"['protection', 'wrote', 'route']"
litigious,[]
protection,"['protect', 'professional', 'attention']"
law,"['low', 'lawyer']"
investing,"['investment', 'visiting', 'giving']"
money,"['one', 'tone', 'move']"
significant,"['indicate', 'indicates']"
consequences,"['conference', 'sentences', 'confidence']"
emphasize,"['easier', 'rephrasing', 'passive']"
outcome,"['come', 'route', 'unwelcome']"
absolution,"['solution', 'situation', 'action']"
recipient,"['repaint', 'equipment', 'client']"
counselor,"['counsel', 'counters', 'consider']"
psychologist,[]
ignored,"['lined', 'assigned', 'income']"
secret,"['set', 'see', 'regret']"
indifferent,"['difference', 'indirect', 'interest']"
persist,"['resist', 'permit', 'person']"
warning,"['wearing', 'learning', 'writing']"
individuals,['indicates']
create,"['great', 'increase', 'secret']"
legal,"['deal', 'seals', 'least']"
recommend,"['recommending', 'comments', 'myrecommendadvice']"
associate,"['social', 'assist', 'appreciate']"
social,"['special', 'associate', 'society']"
perceived,"['received', 'receive', 'decided']"
objective,"['effective', 'subject', 'receive']"
hand,"['had', 'handle', 'band']"
sensitive,"['positive', 'responsive', 'passive']"
indicates,"['indicate', 'intermediate', 'date']"
wordsadvantage,[]
consultf,"['counsel', 'cost', 'consolidate']"
p,[]
c,[]
h,[]
possibilitylook,"['possibilities', 'possible']"
intoas,[]
tobackseat,[]
advicecompare,['advice']
knowconsider,"['consider', 'considering', 'wonder']"
carefullyspeak,['careful']
convinced,"['confidence', 'continue', 'concerned']"
interfere,"['interested', 'interest', 'intermediate']"
buttake,"['take', 'thattake', 'takes']"
amiss,"['raise', 'names', 'issue']"
wayi,"['way', 'wait']"
impression,"['impressed', 'professional', 'intrusion']"
mindthink,"['think', 'mention', 'mind']"
estimation,"['situation', 'stationery', 'situations']"
thinkingi,"['thinking', 'thanking', 'think']"
thatto,"['thattake', 'tact']"
thatweigh,[]
courses,"['course', 'sources', 'counsel']"
actionit,"['action', 'patient', 'activities']"
mewhat,"['meant', 'want', 'wait']"
dojust,"['dusty', 'doubt', 'most']"
myrecommendadvice,"['recommend', 'recommending']"
notkeep,"['note', 'keep']"
lookout,['look']
eye,"['see', 'key']"
ideathis,"['ideas', 'idea']"
major,['more']
raise,"['raised', 'wise', 'case']"
morale,"['more', 'move', 'make']"
mulling,"['willing', 'rolling', 'building']"
weighing,"['switching', 'writing', 'willing']"
considerable,"['consider', 'consideration', 'consolidate']"
sort,"['short', 'sports', 'store']"
considering,"['consider', 'consideration', 'siding']"
switch,"['switching', 'wait']"
technical,['special']
management,['investment']
ladder,"['reader', 'lawyer', 'readers']"
wise,"['wishes', 'write', 'raise']"
comments,"['compliment', 'recommend', 'complaints']"
frank,"['thank', 'frame']"
registering,"['writing', 'staring', 'restructuring']"
kindergarten,"['indifferent', 'indicate']"
waiting,"['writing', 'switching', 'wait']"
presume,"['present', 'reassure', 'resources']"
unerring,"['earrings', 'wearing', 'considering']"
hot,"['short', 'thought']"
rolling,"['following', 'willing', 'mulling']"
schedule,"['shelves', 'hedge']"
interpersonal,"['personal', 'internal', 'interest']"
service,"['vice', 'survive', 'voice']"
providers,"['readers', 'parties', 'improve']"
route,"['wrote', 'protect', 'outline']"
merger,"['message', 'more']"
convenient,"['convinced', 'concerned', 'client']"
early,"['year', 'hear', 'dear']"
profitable,"['problem', 'problems', 'possible']"
evenings,"['evening', 'seeing', 'feeling']"
external,"['internal', 'several', 'general']"
seals,"['sales', 'special', 'shelves']"
drive,"['survive', 'receive', 'give']"
shafts,"['has', 'half']"
install,"['internal', 'instance', 'instrumental']"
internal,"['interpersonal', 'external', 'instrumental']"
pancake,[]
tension,"['attention', 'mention', 'question']"
ranges,['grades']
takes,"['take', 'taken', 'thanks']"
hire,"['third', 'children', 'figure']"
investment,"['investing', 'insistent', 'instrumental']"
restructuring,"['registering', 'staring', 'getting']"
assist,"['basis', 'resist', 'associate']"
exploring,"['explain', 'explaining', 'enclosing']"
strategic,"['state', 'started']"
rebuild,"['required', 'building']"
liquidity,[]
improve,"['move', 'providers', 'impressed']"
shareholders,"['shelves', 'readers']"
newsletter,"['letter', 'letters', 'delete']"
carrying,"['earrings', 'trying', 'wearing']"
subsidize,"['studies', 'side']"
subscription,"['subscriptions', 'suggestion', 'suggestions']"
basis,"['assist', 'business', 'abrasive']"
oblige,"['obliged', 'rolling', 'problem']"
responsive,"['response', 'responsible', 'respond']"
readers,"['reader', 'grades', 'read']"
survive,"['sure', 'service', 'drive']"
income,"['come', 'unwelcome', 'become']"
subscriptions,"['subscription', 'suggestions', 'suggestion']"
necessity,"['necessary', 'city']"
environment,['equipment']
oriented,"['friend', 'friends', 'wrinkled']"
assigned,"['passive', 'ignored', 'lined']"
learning,"['wearing', 'warning', 'earrings']"
sports,"['sort', 'reports', 'short']"
activities,['actionit']
studies,"['students', 'student', 'steps']"
flattered,"['letterhead', 'matter', 'letter']"
choosing,"['coming', 'enclosing', 'looking']"
eastern,"['easier', 'registering', 'least']"
colleges,"['college', 'colleague', 'acknowledge']"
hip,['chipped']
roof,[]
preparing,"['wearing', 'repaint', 'rephrasing']"
inspector,['directors']
permit,"['persist', 'term']"
ideas,"['idea', 'ideathis', 'side']"
started,"['state', 'store', 'postcard']"
develops,[]
suggestions,"['suggestion', 'suggesting', 'suggest']"
jazz,[]
band,"['hand', 'based', 'wanted']"
performed,['program']
population,"['solution', 'cooperation', 'situation']"
instrumental,"['investment', 'internal', 'insistent']"
directors,"['indirect', 'record', 'inspector']"
increase,"['create', 'interested', 'case']"
student,"['students', 'sent', 'studies']"
musicians,['music']
postcard,['started']
distance,"['instance', 'state', 'disappointed']"
forgive,"['give', 'giver', 'given']"
unasked,"['asked', 'unwanted', 'based']"
intrusion,"['interpersonal', 'impression', 'tension']"
affairs,"['fair', 'first']"
less,"['tests', 'sales', 'least']"
visiting,"['visit', 'advising', 'siding']"
jumbled,"['unable', 'number']"
shelves,"['seems', 'seals', 'schedule']"
collector,"['doctor', 'correct', 'college']"
dolls,"['dwells', 'colleges', 'falls']"
dusty,"['dojust', 'stay', 'doubt']"
wrinkled,"['oriented', 'write', 'lined']"
figurines,"['figure', 'friends']"
chipped,"['child', 'choice', 'hip']"
dirty,"['city', 'indirect', 'party']"
seemed,"['seem', 'seems', 'see']"
lined,"['line', 'liked', 'outline']"
counters,"['others', 'course', 'volunteer']"
unfortunate,[]
wondered,"['wonder', 'wonderful', 'concerned']"
aware,"['award', 'care', 'wrote']"
aggressive,"['aggressiveness', 'passive', 'responsive']"
representatives,['present']
en,"['end', 'sent', 'send']"
viable,"['available', 'able', 'value']"
award,"['aware', 'word', 'words']"
flip,[]
side,"['said', 'idea', 'ideas']"
aggressiveness,['aggressive']
reported,"['reports', 'record', 'tempted']"
effective,"['objective', 'affect', 'receive']"
insistent,"['investment', 'instrumental', 'student']"
proud,"['ground', 'products', 'route']"
grades,"['readers', 'reader', 'ranges']"
told,['today']
admire,"['advice', 'examine', 'more']"
life,"['line', 'like', 'lined']"
cigarettes,['create']
mean,"['meant', 'meantime', 'manly']"
subject,"['objective', 'upbeat', 'secret']"
nag,[]
based,"['asked', 'raised', 'unasked']"
knowledge,"['acknowledge', 'college', 'know']"
driving,"['giving', 'writing', 'drive']"
city,"['society', 'it', 'dirty']"
house,"['hours', 'chose', 'use']"
repaint,"['preparing', 'patient', 'explain']"
siding,"['doing', 'visiting', 'building']"
reasons,"['response', 'reasoning', 'respond']"
feeling,"['seeing', 'feel', 'evening']"
move,"['more', 'love', 'improve']"
careful,"['care', 'refusals', 'grateful']"
decided,"['received', 'perceived', 'needed']"
stable,"['able', 'state', 'sales']"
affect,"['effective', 'tact', 'felt']"
manly,"['mean', 'money', 'meant']"
disappointed,"['inappropriate', 'appreciated', 'oriented']"
wearing,"['warning', 'learning', 'earrings']"
relationship,"['reasons', 'actionit']"
