say,"['says', 'way', 'sad']"
pleasure,"['sure', 'gesture', 'assured']"
person,"['personal', 'personalize', 'reason']"
happy,"['happier', 'happiest']"
write,"['writer', 'wrote', 'writing']"
other,"['others', 'father', 'note']"
letter,"['letters', 'lottery', 'letterhead']"
first,"['officers', 'interest', 'front']"
invitations,"['institutions', 'information', 'congratulations']"
see,['service']
have,['shared']
date,"['dates', 'death', 'wanted']"
company,"['many', 'coming', 'complimentary']"
name,"['game', 'number', 'assume']"
look,['books']
enclosed,"['close', 'lose', 'colored']"
want,"['wanted', 'wait', 'warmth']"
do,['done']
time,"['sentiment', 'simple']"
how,[]
let,"['lot', 'letter', 'length']"
tell,"['tells', 'telling']"
come,"['computer', 'close', 'customers']"
writing,"['write', 'thing', 'greeting']"
sure,"['gesture', 'assured', 'pleasure']"
wedding,['sending']
good,"['lovegood', 'goodwill', 'go']"
send,"['sends', 'end', 'second']"
add,"['added', 'sad', 'had']"
personal,"['person', 'personalize', 'personalized']"
mail,"['mailed', 'small', 'smiles']"
include,"['including', 'uncle']"
number,"['member', 'members', 'name']"
stationery,['quotation']
children,['grandchildren']
thank,"['think', 'hand', 'thinking']"
wait,"['want', 'write', 'it']"
letterhead,"['lettersdear', 'letter', 'letters']"
great,"['get', 'read', 'creates']"
appreciate,"['appreciated', 'appropriate']"
office,"['officers', 'official', 'file']"
year,"['years', 'hear', 'bear']"
next,['expect']
month,"['months', 'most', 'tenth']"
work,['worry']
much,"['such', 'touch']"
reception,"['exception', 'greeting', 'receiving']"
best,[]
way,"['say', 'day']"
letters,"['letter', 'lettersdear', 'lottery']"
contributions,"['congratulations', 'conjunction']"
group,['grow']
avoid,"['paid', 'solid']"
calendar,"['called', 'recalled']"
simple,"['smiles', 'example', 'time']"
tips,['stamps']
possible,[]
says,"['say', 'days', 'sales']"
friends,"['sends', 'oriented', 'field']"
go,"['got', 'grow', 'good']"
sentence,"['sentiment', 'sent', 'competence']"
more,"['memories', 'humor', 'memory']"
special,['pencil']
remark,"['mark', 'marks', 'remain']"
complimentary,"['company', 'clients']"
experience,"['references', 'expect', 'competence']"
information,"['notion', 'invitations', 'quotation']"
goodwill,['good']
example,"['simple', 'people', 'expect']"
day,"['days', 'today', 'way']"
receiving,"['received', 'greeting', 'reception']"
sent,"['send', 'tenth', 'sentence']"
case,"['close', 'class', 'cards']"
party,"['art', 'parents', 'separate']"
handwritten,['write']
mailed,"['mail', 'married', 'smiles']"
e,[]
support,"['upper', 'supplier', 'superior']"
telling,"['tell', 'thing', 'tells']"
night,"['right', 'delight']"
including,"['include', 'finding', 'sending']"
read,"['regard', 'lead', 'readers']"
parents,"['party', 'partners', 'points']"
anniversary,['anniversaries']
it,"['wait', 'gift']"
wishes,"['wish', 'wishesgreat', 'uses']"
important,['wishesimportant']
last,"['lost', 'flat', 'class']"
understand,[]
package,['age']
give,"['live', 'negative', 'lived']"
family,"['mail', 'file']"
horses,"['house', 'choose', 'authors']"
love,"['loved', 'lovely', 'lose']"
enjoy,[]
received,"['receiving', 'appreciated', 'referred']"
know,['knows']
appropriate,"['appreciate', 'appreciated', 'prosperity']"
sales,"['smiles', 'uses', 'says']"
gifts,"['gift', 'fifth']"
refer,"['referred', 'references', 'readers']"
hear,"['year', 'hair', 'bear']"
business,"['businesses', 'uses', 'sites']"
cards,"['card', 'postcards', 'case']"
gift,"['gifts', 'it', 'fifth']"
birthday,"['birthdays', 'today']"
congratulations,"['congratulate', 'yousentencescongratulations', 'contributions']"
note,"['notes', 'wrote', 'other']"
close,"['lose', 'enclosed', 'choose']"
exception,"['reception', 'affection', 'collection']"
address,"['added', 'add']"
collection,"['conjunction', 'celebrations', 'reception']"
death,"['health', 'healthy', 'date']"
people,"['couple', 'example', 'open']"
delivery,"['live', 'believes', 'lived']"
get,"['great', 'let', 'got']"
greetings,"['greeting', 'getting', 'reception']"
announcements,[]
dates,"['date', 'days', 'creates']"
occasion,[]
negative,"['relatives', 'give']"
thing,"['think', 'thinking', 'gathering']"
touch,"['such', 'much', 'thoughts']"
one,"['done', 'tongue', 'non']"
sending,"['send', 'wedding', 'serving']"
customers,"['authors', 'uses', 'come']"
suppliers,"['supplier', 'upper', 'supply']"
knows,"['know', 'news', 'bows']"
behalf,['bear']
length,"['tenth', 'let', 'clients']"
availability,[]
called,"['recalled', 'calendar', 'mailed']"
most,"['lost', 'month', 'costs']"
interest,"['internet', 'dinners', 'inserted']"
form,['foursome']
many,"['mean', 'company', 'means']"
messages,"['ages', 'sales', 'means']"
keep,['keeping']
file,"['field', 'smiles', 'simple']"
members,"['member', 'remember', 'remembered']"
appreciated,"['appreciate', 'appropriate', 'received']"
referred,"['refer', 'remembered', 'references']"
returns,"['returned', 'greetings']"
had,"['hand', 'shared', 'sad']"
thinking,"['think', 'thing', 'drinking']"
wanted,"['want', 'hearted', 'wait']"
today,"['day', 'days', 'birthday']"
end,"['send', 'sends', 'second']"
means,"['mean', 'many', 'years']"
beginning,"['abstaining', 'sending', 'finding']"
lettersdear,"['letters', 'letterhead', 'letter']"
others,"['other', 'notes', 'togetherness']"
staff,['stamp']
expect,"['experience', 'example', 'next']"
supply,"['supplier', 'suppliers', 'support']"
few,[]
wonderful,[]
old,"['olds', 'solid', 'older']"
officers,"['office', 'stickers', 'official']"
sorry,"['worry', 'carry']"
products,['productive']
quality,[]
done,"['one', 'do', 'tongue']"
years,"['year', 'readers', 'hear']"
difficulties,['officers']
only,['lovely']
bringing,['drinking']
such,"['much', 'touch']"
continue,"['continued', 'conjunction', 'count']"
small,"['mail', 'sales', 'allow']"
months,"['month', 'points', 'others']"
bills,"['hill', 'tells', 'built']"
keeping,"['keep', 'greeting', 'reception']"
reasonable,"['reason', 'reliable', 'personalize']"
bad,"['board', 'sad', 'had']"
newspaper,"['newspapers', 'news']"
sentiment,"['sentence', 'sending', 'time']"
continued,"['continue', 'considered', 'conjunction']"
loyalty,"['lovely', 'lot']"
services,"['service', 'serving', 'stickers']"
assume,"['assured', 'assurances', 'sure']"
lose,"['close', 'love', 'lost']"
passing,"['depressing', 'blessing']"
memory,"['memories', 'member', 'members']"
wish,['wishes']
computer,"['competence', 'come', 'other']"
big,"['bridge', 'bowling']"
businesses,['business']
gesture,"['sure', 'returned', 'pleasure']"
built,['bills']
question,['quotation']
right,"['night', 'delight', 'write']"
little,"['lottery', 'live', 'line']"
art,"['party', 'warmth', 'bar']"
believes,"['relatives', 'live', 'delivery']"
got,"['go', 'lot', 'get']"
allow,['small']
considered,"['covered', 'inserted', 'continued']"
recalled,"['called', 'read', 'appreciated']"
tells,"['tell', 'telling', 'sites']"
typed,[]
days,"['day', 'says', 'today']"
carry,"['card', 'worry', 'sorry']"
colored,"['covered', 'loved', 'enclosed']"
hope,"['open', 'whole', 'house']"
taken,"['mistaken', 'track', 'thank']"
serving,"['service', 'sending', 'services']"
costs,"['most', 'lost', 'sites']"
non,"['one', 'notion']"
reason,"['reasonable', 'remain', 'person']"
lot,"['lost', 'let', 'got']"
line,"['live', 'like', 'life']"
fact,"['act', 'flat', 'father']"
think,"['thing', 'thank', 'thinking']"
grateful,"['great', 'congratulate']"
going,"['joking', 'coming', 'governing']"
useful,"['successful', 'uses']"
like,"['live', 'line', 'life']"
open,"['hope', 'person', 'pencil']"
wrote,"['write', 'writer', 'note']"
getting,"['greeting', 'greetings', 'thing']"
financial,['official']
coming,"['becoming', 'consuming', 'going']"
superior,"['survivor', 'period', 'support']"
health,"['healthy', 'death', 'twelfth']"
references,"['experience', 'referred', 'refer']"
significant,['signature']
hand,"['had', 'thank', 'wanted']"
service,"['services', 'serving', 'see']"
readers,"['read', 'creates', 'leadership']"
oriented,"['friends', 'returned', 'inserted']"
aware,"['wrote', 'write']"
life,"['live', 'line', 'like']"
mean,"['means', 'many', 'remain']"
house,"['spouse', 'horses', 'choose']"
relationship,"['relatives', 'celebrations']"
greeting,"['greetings', 'getting', 'reception']"
anniversaries,['anniversary']
celebrate,"['celebrated', 'celebrating', 'yearscelebrate']"
card,"['cards', 'carry', 'board']"
age,"['ages', 'get', 'postage']"
memories,"['memory', 'more', 'members']"
live,"['lived', 'love', 'line']"
married,"['marriage', 'mailed', 'marriages']"
remember,"['remembered', 'member', 'members']"
miss,"['wishes', 'smiles']"
commercial,[]
association,"['admiration', 'occasion', 'quotation']"
achievement,[]
spouse,"['house', 'postage', 'focused']"
shared,"['hearted', 'sad', 'had']"
admiration,"['information', 'association']"
warmth,"['art', 'want', 'wait']"
marriage,"['marriages', 'married', 'appropriate']"
olds,"['old', 'solid', 'older']"
act,"['fact', 'art', 'detract']"
gathering,"['thing', 'governing', 'father']"
choose,"['house', 'close', 'horses']"
personalize,"['personalized', 'personal', 'person']"
lost,"['lot', 'most', 'lose']"
sad,"['shared', 'say', 'had']"
columns,"['count', 'coming']"
loved,"['love', 'lived', 'lovegood']"
couple,"['people', 'colored', 'open']"
outstanding,"['sending', 'abstaining']"
tenth,"['length', 'fifteenth', 'twelfth']"
happiness,"['happiest', 'happier']"
happier,"['happiest', 'happiness', 'hair']"
marks,"['mark', 'remark', 'bookmarks']"
productive,"['products', 'attractive']"
congratulate,"['congratulations', 'grateful', 'continue']"
celebrated,"['celebrate', 'celebrating', 'yearscelebrate']"
attractive,"['relatives', 'productive']"
notes,"['note', 'others', 'news']"
signature,"['gesture', 'fixture', 'sure']"
added,"['add', 'died', 'admired']"
finding,"['including', 'sending', 'thinking']"
remembered,"['remember', 'member', 'members']"
birthdays,"['birthday', 'days']"
celebrations,"['celebrating', 'celebrate', 'celebrated']"
anecdote,"['note', 'notes']"
hearted,"['shared', 'hear', 'separate']"
humor,['more']
period,"['periodlook', 'superior', 'person']"
assurances,"['assured', 'assume']"
affection,"['reception', 'exception', 'collection']"
delight,"['right', 'night']"
detract,"['track', 'death', 'act']"
news,"['newsy', 'notes', 'knows']"
remain,"['remark', 'reason', 'premier']"
focused,"['house', 'foursome', 'spouse']"
newsy,"['news', 'notes', 'knows']"
member,"['members', 'remember', 'remembered']"
joking,"['smoking', 'going', 'coming']"
advancing,['abstaining']
incapacity,[]
becoming,"['coming', 'consuming', 'bowling']"
fixture,['signature']
clever,"['letter', 'letters', 'covered']"
cracks,"['track', 'ranks', 'creates']"
evoke,[]
reluctant,[]
smiles,"['sites', 'sales', 'simple']"
bar,"['bear', 'board', 'bad']"
depressing,"['passing', 'blessing']"
hill,['bills']
personalized,"['personalize', 'personal', 'person']"
quotation,"['question', 'notion', 'stationery']"
older,"['old', 'olds', 'whole']"
ages,"['age', 'sales', 'messages']"
grow,"['group', 'go']"
marriages,"['marriage', 'married', 'ages']"
regard,"['read', 'remark', 'readers']"
happiest,"['happiness', 'happier', 'happy']"
partners,"['quarters', 'parents', 'separate']"
consuming,"['coming', 'becoming', 'smoking']"
celebrating,"['celebrations', 'celebrate', 'celebrated']"
upper,"['supplier', 'suppliers', 'support']"
corner,"['one', 'considered', 'covered']"
envelope,"['enclosed', 'evoke']"
covered,"['colored', 'considered', 'loved']"
stamp,"['stamps', 'staff']"
pencil,"['special', 'open']"
flat,"['last', 'fact', 'father']"
inserted,"['hearted', 'considered', 'separate']"
handkerchiefs,[]
bookmarks,"['marks', 'books', 'mark']"
postage,"['postcards', 'spouse', 'age']"
stamps,"['stamp', 'tips', 'says']"
lottery,"['letter', 'letters', 'other']"
tickets,['stickers']
postcards,"['cards', 'postage', 'card']"
dollar,[]
plump,[]
photographs,['photograph']
clippings,['clients']
internet,"['interest', 'sentence', 'inserted']"
sites,"['smiles', 'uses', 'stickers']"
track,"['cracks', 'detract', 'thank']"
mark,"['marks', 'remark', 'marketing']"
creates,"['relatives', 'readers', 'great']"
colleagues,[]
individual,[]
adviser,[]
sends,"['send', 'end', 'second']"
clients,"['clippings', 'points', 'length']"
marketing,"['greeting', 'greetings', 'writing']"
front,"['wrote', 'month', 'first']"
points,"['months', 'parents', 'clients']"
tongue,"['one', 'done']"
cheek,[]
authors,"['customers', 'others', 'horses']"
writer,"['write', 'wrote', 'writing']"
unsold,"['solid', 'old', 'olds']"
books,"['bookmarks', 'look', 'bows']"
returned,"['returns', 'gesture', 'referred']"
abstaining,"['thinking', 'outstanding', 'beginning']"
smoking,"['joking', 'going', 'marketing']"
drinking,"['thinking', 'bringing', 'writing']"
relatives,"['creates', 'negative', 'believes']"
worry,"['sorry', 'work', 'carry']"
mistaken,['taken']
notion,"['information', 'quotation', 'non']"
painful,[]
died,"['admired', 'lived', 'field']"
survivor,['superior']
official,"['office', 'financial', 'officers']"
uses,"['sites', 'sends', 'sales']"
newspapers,"['newspaper', 'suppliers']"
publish,[]
conjunction,"['contributions', 'collection', 'continue']"
wordscelebrationheartfeltmilestoneremembercongratulationshonoredprogressspecialdelightedlandmarkprosperitysuccessfulfuturememorablered,[]
dayuniquehappymemoriesremarkablephrasesall,[]
wishesimportant,"['important', 'wishesgreat']"
dayanticipate,[]
periodlook,['period']
theof,['other']
successnext,"['success', 'successful']"
yearscelebrate,"['celebrate', 'celebrated', 'celebrating']"
youon,['count']
ofconvey,[]
warmestsend,[]
lovegood,"['loved', 'love', 'good']"
wishesgreat,"['wishes', 'great', 'wishesimportant']"
yousentencescongratulations,['congratulations']
prosperity,"['appropriate', 'prompt']"
togetherness,['others']
fifth,"['fifteenth', 'gift', 'gifts']"
thoughts,"['hugs', 'touch', 'house']"
admired,"['died', 'added', 'shared']"
blessing,"['passing', 'depressing', 'bowling']"
prompt,['prosperity']
reliable,"['reasonable', 'recalled']"
knowledgeable,[]
lovely,"['love', 'loved', 'lottery']"
grandchildren,['children']
whole,"['hope', 'wrote', 'older']"
quarters,"['partners', 'dates']"
bows,"['knows', 'books']"
hair,"['hear', 'happier', 'shared']"
bear,"['bar', 'year', 'hear']"
stickers,"['tickets', 'officers', 'sites']"
tiny,"['think', 'thing', 'notion']"
governing,"['going', 'gathering', 'serving']"
board,"['bar', 'bad', 'card']"
headmaster,[]
leadership,['readers']
established,['personalized']
premier,"['remember', 'refer', 'writer']"
ranks,"['cracks', 'track', 'thank']"
institutions,"['invitations', 'contributions']"
assured,"['assume', 'sure', 'assurances']"
fifteenth,"['tenth', 'fifth']"
supplier,"['suppliers', 'upper', 'supply']"
class,"['last', 'case', 'costs']"
competence,"['sentence', 'computer', 'experience']"
paid,"['avoid', 'period', 'mailed']"
hugs,"['hug', 'thoughts', 'house']"
lived,"['live', 'loved', 'love']"
bridge,['big']
golf,['go']
foursome,"['form', 'focused', 'house']"
church,[]
cleaning,"['celebrating', 'sending', 'blessing']"
crew,['corner']
luncheon,['uncle']
bowling,"['going', 'blessing', 'becoming']"
game,"['name', 'assume']"
dinners,['interest']
joyous,[]
healthy,"['health', 'death']"
solid,"['old', 'unsold', 'olds']"
field,"['friends', 'file', 'died']"
architecture,['returned']
count,"['columns', 'conjunction', 'continue']"
designs,[]
dependable,['reasonable']
success,"['successful', 'successnext']"
lead,"['read', 'loved', 'lived']"
successful,"['success', 'successnext', 'useful']"
second,"['send', 'sends', 'end']"
twelfth,"['tenth', 'health']"
father,"['other', 'others', 'gathering']"
uncle,"['include', 'luncheon', 'enclosed']"
separate,"['hearted', 'partners', 'inserted']"
hug,['hugs']
photograph,['photographs']
comfort,[]
