invitation,"['invitations', 'inflation', 'station']"
say,"['way', 'day']"
reply,[]
pleasure,"['pleased', 'pressure', 'release']"
person,"['personal', 'permission', 'son']"
happy,"['ofhappy', 'happened']"
pleased,"['pleasure', 'release', 'releases']"
other,"['brother', 'father', 'note']"
letter,"['letters', 'lettered', 'better']"
first,"['firmas', 'rest', 'fair']"
invitations,"['invitation', 'inflation', 'instructions']"
see,"['serve', 'sense', 'use']"
have,"['waiver', 'hauler', 'charge']"
details,"['retail', 'detailing', 'deaths']"
date,"['dated', 'waste', 'state']"
company,"['many', 'woman', 'coupon']"
name,"['names', 'unnamed', 'frame']"
questions,"['suggestions', 'acquisitions', 'acquisition']"
able,"['unable', 'sales', 'available']"
thanks,"['think', 'banks', 'has']"
enclosed,"['close', 'colored', 'included']"
meeting,"['meetings', 'marketing', 'effecting']"
do,['done']
time,"['triple', 'simple', 'notice']"
how,"['thehow', 'low', 'showing']"
let,"['elect', 'lot', 'letter']"
use,"['uses', 'house', 'sex']"
informal,"['inform', 'formal', 'information']"
tell,"['toll', 'telling', 'recall']"
week,[]
call,"['recall', 'allow']"
help,['held']
come,"['become', 'home', 'cope']"
wedding,"['depending', 'weight']"
expression,"['expansion', 'professional', 'permission']"
part,"['art', 'past', 'partner']"
try,['destroy']
good,['goodwill']
send,"['end', 'sent', 'stand']"
answer,"['transfers', 'easier', 'partner']"
state,"['statement', 'stationery', 'station']"
personal,"['person', 'professional', 'permission']"
mail,"['marital', 'materials', 'retail']"
include,"['includes', 'included', 'including']"
telephone,"['phone', 'television']"
number,"['numbers', 'members', 'name']"
large,"['largest', 'are', 'age']"
check,['shock']
ask,['has']
guidelines,['deadline']
stationery,"['station', 'stating', 'state']"
format,"['formal', 'form', 'forms']"
children,['child']
great,"['greater', 'get', 'regret']"
office,"['offices', 'officers', 'officeat']"
year,"['years', 'yard', 'heart']"
response,"['responsible', 'reason', 'spouses']"
next,[]
month,"['monthly', 'most', 'other']"
sixteenth,"['statement', 'interment', 'sent']"
much,['such']
reception,"['exceptions', 'section', 'directions']"
fair,"['first', 'waiver', 'firmas']"
book,['bottom']
ways,"['way', 'waste']"
way,"['ways', 'say', 'day']"
request,"['rest', 'resumes', 'required']"
letters,"['letter', 'lettered', 'lettersdear']"
heart,"['art', 'year', 'part']"
find,"['finds', 'friend', 'friends']"
place,"['space', 'page', 'package']"
schools,['school']
offers,"['officers', 'offices', 'orders']"
contributions,"['construction', 'instructions', 'contamination']"
needs,"['nieces', 'needed', 'news']"
tax,[]
directions,"['directors', 'director', 'direct']"
home,"['come', 'women', 'phone']"
equipment,"['sentiments', 'retirement', 'request']"
group,['proud']
actions,"['vacation', 'acquisitions', 'station']"
simple,"['sample', 'triple', 'single']"
better,"['letter', 'letters', 'lettered']"
tips,"['tip', 'is', 'triple']"
possible,"['responsible', 'professional']"
make,"['made', 'thatmake', 'taken']"
stock,"['shock', 'store', 'spoke']"
friends,"['friend', 'finds', 'friendship']"
more,"['store', 'order', 'moved']"
mention,"['section', 'meeting', 'resignation']"
required,"['request', 'reported', 'relieved']"
essential,"['potential', 'special', 'central']"
special,"['specializes', 'specific', 'potential']"
enthusiasm,[]
congratulatory,[]
information,"['inflation', 'informal', 'inform']"
goodwill,['good']
decision,"['division', 'television', 'section']"
example,"['sample', 'employees', 'simple']"
phone,"['telephone', 'home', 'done']"
general,"['several', 'funeral', 'federal']"
day,"['way', 'say']"
engraved,"['engaged', 'serve']"
honor,"['hour', 'phone', 'hours']"
sent,"['send', 'rent', 'sense']"
case,"['waste', 'raise', 'increase']"
handwritten,[]
e,[]
formal,"['informal', 'format', 'form']"
words,"['world', 'orders', 'order']"
meet,"['meeting', 'meetings', 'meant']"
telling,"['spelling', 'tell', 'billing']"
become,"['come', 'welcome', 'combine']"
graduation,"['vacation', 'traditional', 'regulations']"
including,"['include', 'includes', 'included']"
read,"['red', 'reader', 'area']"
parents,"['grandparents', 'rent', 'part']"
anniversary,['necessary']
it,['gift']
new,"['news', 'anew', 'nephews']"
director,"['directors', 'direct', 'directions']"
hours,"['hour', 'house', 'sources']"
discussed,"['diluted', 'advised', 'died']"
last,"['past', 'laws', 'largest']"
receive,"['preventive', 'relieved', 'recovery']"
benefits,[]
package,"['packages', 'page', 'space']"
annual,[]
held,"['help', 'child', 'household']"
family,"['facility', 'unfamiliar', 'mail']"
materials,"['memorials', 'bacterial', 'marital']"
appointment,"['interment', 'content', 'appropriate']"
love,"['live', 'moved', 'lower']"
showing,"['using', 'going', 'following']"
corporate,"['reported', 'report', 'private']"
meetings,"['meeting', 'marketing', 'effecting']"
reference,"['referenced', 'preferred']"
know,['known']
order,"['orders', 'reader', 'modern']"
orders,"['order', 'words', 'stores']"
divorce,['direct']
contact,"['contracts', 'content', 'construction']"
appropriate,"['private', 'preprinted', 'appointment']"
sales,"['sample', 'aisles', 'uses']"
payment,"['parents', 'paint', 'meant']"
business,"['businesses', 'uses', 'sadness']"
arrived,"['married', 'unmarried', 'arrival']"
made,"['make', 'reader', 'modern']"
cards,"['card', 'postcards', 'yard']"
gift,"['it', 'fifth']"
note,"['notes', 'notice', 'wrote']"
close,"['enclosed', 'love', 'cost']"
explanations,"['explanation', 'expansion', 'explain']"
memorial,"['memorials', 'materials', 'memo']"
address,"['sadness', 'are']"
notify,"['notified', 'identify', 'notice']"
collection,"['collected', 'section', 'location']"
death,"['deaths', 'debt', 'date']"
follow,"['follows', 'following', 'allow']"
necessary,"['nieces', 'anniversary']"
report,"['reported', 'airport', 'regret']"
people,"['example', 'couples', 'open']"
routine,"['wrote', 'ruling', 'notice']"
printed,"['preprinted', 'printers', 'private']"
agreed,"['red', 'career', 'are']"
several,"['general', 'federal', 'serve']"
get,"['great', 'regret', 'let']"
different,"['interment', 'direct', 'rent']"
is,"['wish', 'tips', 'rise']"
serve,"['service', 'services', 'conserve']"
additional,"['traditional', 'optional', 'adoption']"
announcements,"['announcement', 'henryannouncements', 'announcementhave']"
reader,"['read', 'greater', 'order']"
explain,"['paint', 'explanation', 'explanations']"
appreciation,"['vacation', 'resignation', 'reception']"
statement,"['state', 'sixteenth', 'interment']"
issue,"['rise', 'pressure', 'raise']"
provide,"['proud', 'price', 'prices']"
customers,"['customer', 'stores', 'numbers']"
announcement,"['announcements', 'announcementhave', 'henryannouncements']"
changes,"['change', 'charges', 'changed']"
price,"['prices', 'practice', 'service']"
facilities,"['facility', 'facts', 'affiliations']"
announces,"['announce', 'announced', 'announcements']"
most,"['cost', 'month', 'costs']"
interest,"['interment', 'printers', 'test']"
organization,"['contamination', 'communication', 'obligation']"
preprinted,"['printed', 'reported', 'printers']"
form,"['forms', 'inform', 'former']"
public,"['policy', 'publichappily']"
many,"['mean', 'company', 'woman']"
deceased,"['increased', 'release', 'pleased']"
foldovers,"['flowers', 'orders', 'flyers']"
keep,[]
memo,"['memorial', 'memorials', 'common']"
members,"['numbers', 'mergers', 'memorials']"
catalog,['fatal']
recent,"['rent', 'event', 'reluctant']"
current,"['rent', 'court', 'recent']"
construction,"['instructions', 'contributions', 'contracts']"
customer,"['customers', 'come', 'store']"
making,"['marketing', 'parking', 'matching']"
had,"['hand', 'has', 'husband']"
needed,"['needs', 'intended', 'reduced']"
wanted,"['waste', 'dated', 'acted']"
leaving,"['leasing', 'living', 'savings']"
billing,"['bill', 'telling', 'spelling']"
agreement,"['retirement', 'engagement', 'statement']"
contracts,"['contact', 'construction', 'contributions']"
end,"['send', 'refund', 'red']"
store,"['stores', 'sources', 'more']"
means,"['mean', 'meant', 'margins']"
sample,"['simple', 'example', 'sales']"
lettersdear,"['letters', 'lettered', 'letter']"
paper,"['papers', 'newspaper', 'partner']"
papers,"['paper', 'appears', 'newspapers']"
staff,"['state', 'stand']"
permission,"['person', 'expression', 'personal']"
responsible,"['response', 'possible']"
key,[]
using,"['single', 'ruling', 'stating']"
old,"['world', 'obliged', 'colored']"
officers,"['offices', 'office', 'offers']"
sorry,"['store', 'order']"
regret,"['great', 'report', 'recent']"
policy,"['policies', 'public', 'privacy']"
refund,"['found', 'return', 'red']"
has,"['thanks', 'had', 'ask']"
discount,"['account', 'dissolution', 'division']"
product,['proud']
quality,"['facility', 'quarterly']"
full,['follow']
done,"['phone', 'do', 'monies']"
credit,"['creditors', 'red', 'editors']"
years,"['year', 'flyers', 'yard']"
due,"['use', 'double', 'reduced']"
past,"['part', 'last', 'waste']"
purchased,"['purchases', 'purchasing', 'surcharges']"
such,"['much', 'school']"
terms,"['test', 'systems', 'letters']"
high,"['height', 'sight', 'weight']"
indicate,"['date', 'dated']"
coupon,"['common', 'composting', 'houseon']"
recall,"['call', 'retail', 'special']"
notice,"['note', 'notes', 'notified']"
return,"['refund', 'retirement', 'greater']"
defective,"['effective', 'executive', 'executives']"
free,"['fee', 'fees', 'feel']"
account,"['accounts', 'discount', 'court']"
appears,"['papers', 'years', 'paper']"
bills,"['bill', 'billing']"
errors,"['mergers', 'editors']"
newspaper,"['newspapers', 'paper', 'papers']"
further,"['father', 'brother', 'other']"
services,"['service', 'serve', 'prices']"
happened,"['happiness', 'hand', 'changed']"
passing,"['raising', 'parking', 'leasing']"
employees,['example']
explanation,"['explanations', 'expansion', 'explain']"
wish,"['wewish', 'is', 'weight']"
power,"['lower', 'flowers', 'spoke']"
specific,"['special', 'specializes']"
businesses,"['business', 'illnesses', 'increases']"
reduced,"['reached', 'refund', 'recent']"
easier,"['waiver', 'reader', 'answer']"
little,"['limited', 'live', 'line']"
instructions,"['construction', 'directions', 'contributions']"
cost,"['costs', 'most', 'court']"
art,"['part', 'heart', 'are']"
allow,"['low', 'follow', 'follows']"
sense,"['see', 'uses', 'sent']"
announced,"['announce', 'announces', 'announcethe']"
describes,"['descriptions', 'decided', 'description']"
typed,"['type', 'dated', 'acted']"
stating,"['station', 'savings', 'putting']"
colored,"['enclosed', 'close', 'corporate']"
taken,"['make', 'weakened', 'thatmake']"
type,"['typed', 'triple']"
given,"['live', 'going', 'event']"
page,"['age', 'postage', 'package']"
costs,"['cost', 'most', 'cousins']"
charge,"['charges', 'change', 'changes']"
son,"['reason', 'person', 'station']"
reason,"['response', 'son', 'person']"
lot,"['low', 'let']"
raw,[]
collected,"['collection', 'colleges', 'celebrated']"
procedures,['prices']
line,"['live', 'deadline', 'single']"
bill,"['bills', 'billing']"
limited,"['obligated', 'little']"
weight,"['height', 'sight', 'wewish']"
load,['board']
regulations,"['relationships', 'resignation', 'relatives']"
offices,"['officers', 'office', 'officeat']"
unable,"['able', 'uncles', 'double']"
think,"['ink', 'thanks', 'inks']"
going,"['coming', 'showing', 'ranging']"
friend,"['friends', 'find', 'friendship']"
feel,"['fee', 'free', 'fees']"
school,"['schools', 'such']"
open,"['cope', 'opening', 'women']"
meant,"['mean', 'means', 'sent']"
wrote,"['routine', 'note', 'brother']"
numbers,"['number', 'members', 'names']"
professional,"['expression', 'personal', 'permission']"
financial,[]
certain,"['acceptation', 'retaining', 'reception']"
coming,"['combine', 'composting', 'going']"
following,"['follow', 'follows', 'telling']"
deadline,"['detailing', 'line', 'guidelines']"
obliged,"['obligated', 'joined', 'double']"
available,['able']
found,"['refund', 'find', 'bond']"
fresh,"['rest', 'friendship', 'friends']"
frame,"['former', 'name', 'free']"
names,"['name', 'unnamed', 'numbers']"
low,"['lower', 'allow', 'lot']"
child,"['children', 'held']"
sources,"['stores', 'spouses', 'surcharges']"
hand,"['had', 'husband', 'changed']"
raise,"['rise', 'aisles', 'release']"
considering,"['considers', 'conserve', 'construction']"
service,"['services', 'serve', 'survived']"
merger,"['mergers', 'members', 'more']"
convenient,['content']
subsidize,[]
colleges,"['collected', 'couples']"
suggestions,"['questions', 'section', 'instructions']"
directors,"['director', 'directions', 'direct']"
increase,"['increases', 'increased', 'release']"
postcard,"['postcards', 'postage', 'card']"
reported,"['report', 'preprinted', 'corporate']"
effective,"['defective', 'executive', 'effecting']"
proud,"['provide', 'product', 'promoted']"
mean,"['meant', 'means', 'many']"
based,"['send', 'pleased', 'case']"
house,"['houseon', 'hours', 'use']"
decided,"['died', 'designed', 'deceased']"
card,"['cards', 'yard', 'postcard']"
age,"['page', 'large', 'get']"
live,"['lively', 'love', 'line']"
married,"['unmarried', 'arrived', 'marriage']"
commercial,"['memorial', 'memorials', 'materials']"
marriage,"['married', 'unmarried', 'marital']"
happiness,"['happened', 'sadness', 'changes']"
celebrated,"['unrelated', 'collected']"
notes,"['note', 'notice', 'test']"
news,"['new', 'anew', 'nephews']"
reluctant,"['recent', 'rent']"
inserted,"['printed', 'transferred', 'separate']"
postage,"['page', 'state', 'postcard']"
postcards,"['postcard', 'cards', 'postage']"
sites,"['stores', 'uses', 'test']"
marketing,"['making', 'parking', 'meeting']"
relatives,"['relieved', 'releases', 'regulations']"
died,"['diluted', 'decided', 'advised']"
uses,"['use', 'spouses', 'fetuses']"
newspapers,"['newspaper', 'papers', 'paper']"
fifth,"['gift', 'first', 'birth']"
board,"['boardroom', 'yard', 'load']"
established,[]
paid,"['rapid', 'paint']"
father,"['further', 'other', 'partner']"
separate,"['separation', 'private', 'partner']"
announce,"['announces', 'announced', 'announcethe']"
change,"['changes', 'changed', 'charge']"
birth,"['birthdate', 'brother', 'first']"
garbage,"['marriage', 'large', 'charge']"
baby,['by']
engagement,"['agreement', 'engaged', 'statement']"
event,"['recent', 'sent', 'rent']"
announcing,"['announcingit', 'announcingtake', 'announce']"
policies,"['prices', 'policy', 'offices']"
opening,"['openingof', 'operating', 'depending']"
known,"['know', 'town']"
living,"['listing', 'leaving', 'ruling']"
space,"['place', 'page', 'package']"
inform,"['informal', 'form', 'forms']"
changed,"['change', 'changes', 'charge']"
double,"['unable', 'due', 'obliged']"
release,"['releases', 'pleased', 'relieved']"
sandwiches,['nieces']
landfill,['landfills']
haulers,"['hauler', 'shoulder', 'sales']"
facts,"['infants', 'facilities', 'actions']"
paragraph,[]
increased,"['increase', 'increases', 'deceased']"
partner,"['part', 'separate', 'printers']"
attend,"['dated', 'acted', 'wanted']"
laws,['last']
waiver,"['easier', 'deliver', 'arrived']"
adoption,"['optional', 'station', 'portion']"
hometowns,"['town', 'home']"
woman,"['women', 'warn', 'mean']"
fee,"['free', 'fees', 'feel']"
obituary,[]
section,"['reception', 'station', 'mention']"
achievements,"['agreement', 'announcements', 'improvement']"
town,"['known', 'downtown', 'hometowns']"
includes,"['include', 'included', 'uncles']"
deliver,"['live', 'relieved', 'deadline']"
are,"['area', 'large', 'red']"
executives,"['executive', 'exclusive', 'effective']"
traditional,"['additional', 'station', 'graduation']"
arrival,"['marital', 'arrived', 'marriage']"
rights,"['sight', 'weight', 'height']"
hour,"['hours', 'shoulder', 'house']"
division,"['decision', 'television', 'invitation']"
leasing,"['leaving', 'raising', 'passing']"
operating,"['opening', 'printing', 'granting']"
increases,"['increase', 'increased', 'releases']"
lower,"['flowers', 'power', 'low']"
prices,"['price', 'services', 'printers']"
location,"['vacation', 'inflation', 'station']"
shoulder,"['householder', 'hauler', 'hour']"
parking,"['making', 'marketing', 'pouring']"
portion,"['pouring', 'separation', 'transportation']"
bondholders,"['householder', 'shoulder', 'foldovers']"
hauling,"['ruling', 'using', 'detailing']"
raising,"['retaining', 'ranging', 'passing']"
composting,"['coming', 'clothing', 'operating']"
waste,"['wanted', 'ways', 'past']"
worthy,['monthly']
acceptation,"['vacation', 'reception', 'station']"
henryannouncements,"['announcements', 'announcement', 'thatyourannouncement']"
fewest,"['fees', 'fee', 'request']"
purchasing,"['purchases', 'purchased', 'raising']"
hiring,"['ruling', 'living', 'showing']"
overdue,"['order', 'moved', 'orders']"
marital,"['materials', 'mail', 'arrival']"
practice,"['price', 'prices', 'article']"
executive,"['executives', 'exclusive', 'effective']"
rent,"['recent', 'sent', 'rest']"
resignation,"['regulations', 'inflation', 'organization']"
retirement,"['agreement', 'sentiments', 'improvement']"
subcommittee,[]
purpose,"['response', 'purchases', 'purchased']"
fixed,"['friend', 'friends', 'find']"
by,"['boy', 'baby']"
federal,"['feel', 'several', 'general']"
proxy,['proud']
description,"['descriptions', 'decision', 'section']"
former,"['form', 'order', 'frame']"
clarification,"['vacation', 'location', 'appreciation']"
improvement,"['implementing', 'achievements', 'interment']"
implementing,"['improvement', 'opening', 'mention']"
effecting,"['effective', 'meeting', 'meetings']"
lettered,"['letter', 'letters', 'lettersdear']"
designed,"['sign', 'died', 'decided']"
obvious,[]
unnamed,"['name', 'names', 'unrelated']"
boy,['by']
girl,[]
birthdate,"['birth', 'brother', 'date']"
adopted,"['dated', 'adoption', 'acted']"
siblings,"['savings', 'billing', 'spelling']"
optional,"['adoption', 'portion', 'additional']"
unmarried,"['married', 'arrived', 'marriage']"
single,"['using', 'simple', 'stating']"
couples,"['cope', 'colleges', 'uncles']"
sex,"['use', 'see']"
grandparents,['parents']
height,"['weight', 'high', 'sight']"
sentiments,"['retirement', 'statement', 'interment']"
welcome,"['become', 'come', 'women']"
aunts,"['accounts', 'parents', 'infants']"
uncles,"['includes', 'unable', 'nieces']"
cousins,"['using', 'costs', 'business']"
listing,"['living', 'stating', 'raising']"
forms,"['form', 'inform', 'former']"
ceremonies,['monies']
common,"['coupon', 'coming', 'communication']"
obligation,"['obligated', 'resignation', 'location']"
obligated,"['obliged', 'obligation', 'limited']"
kinder,"['indenture', 'include', 'wide']"
separation,"['separate', 'explanation', 'explanations']"
finalized,"['find', 'specializes']"
resumes,"['request', 'releases', 'increases']"
identify,['notify']
retaining,"['detailing', 'ranging', 'raising']"
privacy,"['private', 'price', 'prices']"
cope,"['open', 'come', 'couples']"
banks,"['thanks', 'inks', 'means']"
accounts,"['account', 'aunts', 'discount']"
creditors,"['editors', 'credit', 'directors']"
deaths,"['death', 'reaches', 'details']"
article,"['price', 'practice', 'triple']"
acquaintances,['maintenance']
notified,"['notify', 'notice', 'note']"
relationships,"['regulations', 'explanations', 'relatives']"
survivors,['survived']
affiliations,"['invitations', 'inflation', 'acquisitions']"
career,"['reader', 'charge', 'are']"
interment,"['interest', 'appointment', 'statement']"
private,"['privacy', 'printed', 'separate']"
flowers,"['lower', 'flyers', 'follows']"
funeral,"['general', 'federal', 'unable']"
unrelated,"['relatives', 'increased', 'celebrated']"
exceptions,"['reception', 'explanations', 'descriptions']"
lengthy,"['energy', 'let']"
descriptions,"['description', 'exceptions', 'decision']"
diluted,"['died', 'included', 'dated']"
longer,"['lower', 'flowers', 'love']"
communication,"['contamination', 'location', 'organization']"
thehow,"['how', 'town']"
rule,"['uncles', 'unable', 'triple']"
thumb,[]
thatyourannouncement,"['announcement', 'henryannouncements', 'announcements']"
reaches,"['reached', 'releases', 'relatives']"
travels,[]
spelling,"['telling', 'opening', 'billing']"
content,"['contact', 'convenient', 'appointment']"
intended,"['needed', 'printed', 'amended']"
combine,"['coming', 'come', 'joined']"
quarterly,"['quality', 'partner', 'further']"
fundraiser,['raise']
programs,['forms']
mergers,"['merger', 'members', 'orders']"
acquisitions,"['acquisition', 'questions', 'actions']"
editors,"['creditors', 'directors', 'director']"
radio,"['read', 'graduation', 'traditional']"
television,"['division', 'decision', 'telephone']"
station,"['stating', 'stationery', 'section']"
triple,"['tip', 'simple', 'article']"
wide,"['wife', 'white', 'waiver']"
margins,"['means', 'materials', 'marketing']"
accuracy,[]
unfamiliar,['family']
releases,"['release', 'relatives', 'increases']"
bottom,['book']
interoffice,"['office', 'offices', 'officers']"
flex,['flyers']
black,"['bulk', 'place', 'banks']"
ink,"['inks', 'think']"
white,"['wife', 'wide', 'wrote']"
cream,"['read', 'area', 'increase']"
matching,"['making', 'marketing', 'stating']"
envelopes,"['development', 'nephews']"
stores,"['store', 'sources', 'sites']"
printers,"['printed', 'interest', 'prices']"
ranging,"['granting', 'retaining', 'raising']"
modern,"['order', 'orders', 'open']"
variety,"['vary', 'art', 'are']"
fonts,"['infants', 'accounts', 'notes']"
inks,"['ink', 'think', 'is']"
wordsannounceinformrevealcelebrateintroducesharedelightedmentionsignalgratifiednoticehappypleasedhonorreportphrasesannounces,[]
ofhappy,['happy']
thatmake,"['make', 'taken', 'state']"
publichappily,['public']
announcenotice,"['announcethe', 'announce', 'announceadvise']"
anew,"['new', 'news', 'wanted']"
subsidiarypublic,[]
announcementhave,"['announcement', 'announcements', 'announcethe']"
announcingtake,"['announcingit', 'announcing', 'announce']"
announcingit,"['announcing', 'announcingtake', 'announcement']"
wewish,"['wish', 'weight', 'news']"
announceadvise,"['announces', 'announced', 'announce']"
yousentencesa,['sentiments']
boardroom,['board']
elect,"['let', 'meet', 'event']"
court,"['hour', 'current', 'cost']"
amended,"['weakened', 'intended', 'happened']"
follows,"['follow', 'following', 'flowers']"
dissolution,"['division', 'discount', 'decision']"
daughter,"['date', 'endanger', 'dated']"
advised,"['died', 'raise', 'based']"
acquisition,"['acquisitions', 'questions', 'actions']"
area,"['are', 'read', 'large']"
specializes,"['special', 'specific', 'sales']"
energy,"['lengthy', 'general', 'elderly']"
development,"['envelopes', 'event', 'achievements']"
sadness,"['address', 'sales', 'business']"
husband,"['hand', 'stand', 'had']"
reached,"['reaches', 'read', 'reduced']"
distributorship,[]
granting,"['ranging', 'printing', 'operating']"
exclusive,"['nonexclusive', 'executive', 'exhaustive']"
ultra,[]
pressure,"['pleasure', 'resumes', 'procedures']"
waterjet,"['interest', 'waste']"
nonexclusive,"['exclusive', 'executive', 'exhaustive']"
rest,"['test', 'rent', 'request']"
airport,"['report', 'reported', 'corporate']"
transfers,"['transferred', 'answer', 'travels']"
included,"['include', 'includes', 'including']"
vacation,"['actions', 'location', 'acceptation']"
packages,"['package', 'page', 'charges']"
motorcoach,[]
transportation,"['station', 'separation', 'portion']"
spouses,"['uses', 'sources', 'spoke']"
canceled,"['changed', 'included', 'enclosed']"
relieved,"['relatives', 'release', 'receive']"
world,"['words', 'old', 'order']"
engaged,"['engraved', 'engagement', 'endanger']"
hosted,"['house', 'household', 'postage']"
attack,[]
friendship,"['friends', 'friend', 'fresh']"
lively,"['live', 'deliver', 'love']"
spoke,"['spouses', 'response', 'store']"
fatal,"['marital', 'catalog', 'facts']"
shock,"['stock', 'spoke', 'check']"
pump,[]
toll,"['tell', 'follow']"
largest,"['large', 'rest', 'last']"
exhaustive,"['executive', 'exclusive', 'executives']"
expansion,"['explanation', 'explanations', 'explain']"
efficient,"['officeat', 'recent', 'office']"
emphasis,[]
interior,"['interoffice', 'printers', 'interest']"
detailing,"['retaining', 'details', 'deadline']"
promoted,"['printed', 'reported', 'wrote']"
retail,"['details', 'retaining', 'recall']"
downtown,"['town', 'adoption']"
rapid,"['read', 'paid', 'raise']"
rise,"['raise', 'price', 'issue']"
labor,"['lower', 'large', 'board']"
finds,"['find', 'friends', 'friend']"
charges,"['charge', 'changes', 'surcharges']"
vary,['variety']
depending,"['opening', 'openingof', 'wedding']"
monthly,"['month', 'worthy']"
preventive,"['receive', 'event', 'relatives']"
maintenance,"['acquaintances', 'intended', 'announce']"
central,"['general', 'potential', 'essential']"
acted,"['dated', 'wanted', 'attend']"
sign,"['using', 'sight', 'designed']"
pouring,"['putting', 'portion', 'parking']"
clothing,"['coming', 'listing', 'composting']"
greater,"['great', 'reader', 'unrelated']"
bulk,['black']
purchases,"['purchased', 'surcharges', 'purchasing']"
manufacture,[]
savings,"['stating', 'leaving', 'using']"
red,"['read', 'refund', 'reader']"
survived,"['survivors', 'service', 'arrived']"
wife,"['wide', 'white', 'waiver']"
brother,"['other', 'further', 'wrote']"
nieces,"['needs', 'uncles', 'prices']"
nephews,"['news', 'needs', 'nieces']"
memorials,"['memorial', 'materials', 'commercial']"
preferred,"['referenced', 'transferred', 'reference']"
moved,"['overdue', 'more', 'love']"
crowded,"['credit', 'red']"
stand,"['station', 'stating', 'send']"
squeeze,['see']
aisles,"['sales', 'raise', 'facilities']"
easy,"['years', 'means', 'reason']"
pleasant,"['pleased', 'past', 'leasing']"
printing,"['granting', 'retaining', 'operating']"
map,[]
paint,"['printed', 'payment', 'past']"
joined,"['routine', 'printed', 'obliged']"
firmas,"['forms', 'first', 'format']"
direct,"['director', 'directors', 'directions']"
frozen,"['friend', 'friends', 'rent']"
discovery,"['recovery', 'deliver']"
bacterial,"['materials', 'bacterium', 'commercial']"
contamination,"['contributions', 'communication', 'organization']"
test,"['rest', 'terms', 'sites']"
containlisteria,[]
monocytogenes,[]
bacterium,['bacterial']
endanger,"['engaged', 'daughter']"
fetuses,"['uses', 'fees', 'fewest']"
infants,"['fonts', 'facts', 'aunts']"
pregnant,"['rent', 'parents', 'resignation']"
women,"['woman', 'welcome', 'open']"
elderly,"['federal', 'reader', 'energy']"
weakened,"['wanted', 'amended', 'happened']"
immune,"['time', 'line']"
systems,"['terms', 'sites', 'stores']"
illnesses,"['businesses', 'increases']"
destroy,['try']
openingof,"['opening', 'operating', 'depending']"
officeat,"['office', 'offices', 'officers']"
houseon,"['house', 'household', 'householder']"
debt,"['death', 'direct', 'deaths']"
referenced,"['reference', 'preferred', 'refund']"
bond,"['found', 'board', 'joined']"
transferred,"['transfers', 'preferred', 'inserted']"
dated,"['date', 'acted', 'wanted']"
monies,"['ceremonies', 'nieces', 'offices']"
doesnotconstitute,[]
indenture,['kinder']
considers,"['considering', 'conserve', 'orders']"
potential,"['essential', 'special', 'content']"
announcethe,"['announce', 'announcementhave', 'announces']"
ruling,"['hauling', 'using', 'recycling']"
conserve,"['serve', 'considers', 'service']"
recovery,"['discovery', 'receive', 'director']"
facility,"['facilities', 'family', 'quality']"
landfills,['landfill']
tip,"['tips', 'triple']"
householder,"['household', 'shoulder', 'houseon']"
inflation,"['information', 'invitation', 'location']"
expenses,"['response', 'releases', 'sense']"
warn,"['woman', 'wanted', 'waiver']"
sight,"['weight', 'rights', 'height']"
legislature,['pleasure']
surcharges,"['charges', 'charge', 'purchases']"
putting,"['stating', 'pouring', 'using']"
fees,"['fee', 'fewest', 'free']"
flyers,"['flowers', 'years', 'offers']"
volume,"['home', 'come']"
hauler,"['haulers', 'shoulder', 'hauling']"
recycling,"['ruling', 'telling']"
yard,"['year', 'card', 'years']"
disposing,"['composting', 'showing', 'raising']"
household,"['householder', 'houseon', 'house']"
hazardous,[]
