invitation,"['situation', 'situations', 'intentions']"
accept,"['accepting', 'acceptance', 'accident']"
say,"['says', 'stray', 'way']"
person,"['personal', 'permission', 'supervisor']"
happy,"['happen', 'happened']"
write,"['written', 'writing', 'wore']"
acceptance,"['accept', 'accepting', 'unacceptable']"
dinner,"['manner', 'deliver', 'none']"
other,"['others', 'bothered', 'note']"
letter,"['letters', 'better', 'newsletter']"
first,"['fish', 'worst', 'forms']"
see,"['serve', 'sense', 'use']"
have,"['save', 'behaved', 'share']"
offer,"['offender', 'office', 'offenders']"
date,"['taste', 'death', 'matter']"
company,"['complaint', 'many', 'copy']"
name,"['same', 'blame', 'am']"
able,"['unable', 'male', 'value']"
look,"['book', 'looking', 'books']"
thanks,"['thank', 'think', 'hands']"
enclosed,['lose']
want,"['meant', 'weaken']"
meeting,"['greeting', 'mention', 'getting']"
job,[]
accepting,"['accept', 'acceptance', 'action']"
do,['done']
time,"['times', 'meantime', 'strike']"
working,"['work', 'writing', 'wearing']"
how,"['shows', 'shower', 'showed']"
let,"['least', 'letter', 'get']"
position,"['positive', 'tosion', 'option']"
use,"['upset', 'house', 'ups']"
tell,"['telling', 'yellow']"
week,"['wheel', 'weaken']"
contract,"['contrite', 'contrition', 'context']"
call,"['calling', 'social']"
writing,"['written', 'working', 'willing']"
repeat,"['react', 'great', 'relevant']"
expression,"['express', 'impression', 'permission']"
part,"['party', 'parts', 'parents']"
take,"['taken', 'talked', 'make']"
try,"['stray', 'factory']"
good,['go']
send,"['end', 'second', 'sued']"
add,"['had', 'did', 'bad']"
personal,"['person', 'permission']"
mail,"['mailed', 'male', 'mailing']"
respond,"['response', 'responses', 'responsible']"
include,['incident']
salary,"['say', 'says']"
telephone,['phone']
number,['name']
large,"['are', 'age', 'area']"
check,['necks']
ask,"['asked', 'has']"
stationery,"['situationangry', 'situation', 'situations']"
same,"['save', 'name', 'samples']"
children,"['child', 'accident']"
thank,"['thanks', 'think', 'take']"
great,"['react', 'get', 'repeat']"
forwe,"['owe', 'forget', 'wore']"
appreciate,"['regretappreciate', 'appropriate', 'inappropriate']"
office,"['offer', 'notice', 'fine']"
year,"['hear', 'learn', 'remark']"
response,"['responses', 'responsible', 'respond']"
speak,"['special', 'spoke']"
next,['context']
month,"['most', 'other', 'meant']"
work,"['wore', 'working', 'worst']"
looking,"['look', 'working', 'fooling']"
best,"['least', 'better']"
book,"['books', 'look']"
way,"['say', 'pay']"
decide,"['did', 'described', 'deliver']"
letters,"['letter', 'better', 'newsletter']"
find,"['friend', 'fine', 'friends']"
place,"['placed', 'replace', 'face']"
express,"['expression', 'expense', 'myselfexpress']"
needs,"['need', 'needed', 'news']"
future,"['fixture', 'turned', 'futureaccept']"
action,"['actions', 'ations', 'infraction']"
actions,"['ations', 'action', 'accusations']"
avoid,"['foravoid', 'said', 'unavoidable']"
suppose,"['opposed', 'upset', 'supplier']"
better,"['letter', 'letters', 'belittle']"
possible,"['responsible', 'visible', 'problem']"
apologize,"['apologizeit', 'apologies', 'apologizing']"
deal,"['real', 'dead', 'dealing']"
says,"['say', 'stray', 'saying']"
make,"['makes', 'marked', 'ismake']"
stock,"['restock', 'track', 'topic']"
friends,"['friend', 'friendship', 'find']"
go,"['good', 'gone']"
saying,"['using', 'taking', 'spring']"
more,"['wore', 'worse', 're']"
mention,"['attention', 'meeting', 'intentions']"
marked,"['make', 'makes', 'asked']"
special,"['social', 'specify', 'specific']"
remark,"['remarks', 'repair', 'marked']"
information,"['infraction', 'inform', 'invitation']"
situations,"['situation', 'situationangry', 'ations']"
example,"['samples', 'employee', 'employees']"
cases,"['case', 'passes', 'caused']"
phone,"['one', 'telephone', 'pointed']"
car,"['cards', 'are', 'carrier']"
third,"['bothered', 'think', 'thing']"
sent,"['send', 'upset', 'shipment']"
case,"['cases', 'caused', 'base']"
convey,"['one', 'lovely', 'context']"
party,"['part', 'parts', 'pay']"
handwritten,"['written', 'write']"
mailed,"['failed', 'male', 'mail']"
e,['re']
words,"['worst', 'worse', 'world']"
research,['react']
apology,"['apologize', 'apologies', 'apologizing']"
admission,"['missing', 'permission', 'discussion']"
telling,"['tell', 'willing', 'filling']"
night,"['right', 'slighted', 'neighbor']"
become,['comment']
read,"['red', 'real', 'lead']"
attention,"['inattention', 'attentionfeel', 'mention']"
parents,"['parts', 'pets', 'part']"
it,"['gift', 'bite']"
new,"['news', 'knew', 'one']"
patient,"['patience', 'payment', 'parents']"
hours,"['hour', 'yours', 'hurts']"
last,"['least', 'taste', 'lapse']"
understand,"['understanding', 'misunderstandings']"
receive,"['corrective', 'defective', 'renege']"
addition,"['ations', 'action', 'admission']"
production,"['product', 'products', 'routine']"
editor,"['credit', 'doctors']"
suggest,['get']
attorney,"['stationery', 'factory', 'actor']"
appointment,"['disappointed', 'pointed', 'disappointing']"
showing,"['hoping', 'knowing', 'using']"
thought,"['bought', 'rough', 'thoughtlessness']"
know,"['knows', 'knew', 'knowing']"
sympathy,"['sympathize', 'party']"
order,"['ordered', 'wore', 'rude']"
acknowledgments,[]
morning,"['working', 'ruining', 'ignoring']"
message,"['damage', 'age']"
need,"['needs', 'needed', 'infected']"
appropriate,"['inappropriate', 'appreciate', 'appointment']"
payment,"['patient', 'parents', 'shipment']"
apologies,"['apologize', 'thatapologies', 'apologizeit']"
hear,"['year', 'heat', 'harm']"
business,"['bunnies', 'rudeness', 'using']"
made,"['male', 'make', 'makes']"
cards,"['car', 'guards', 'notecards']"
meantime,"['meant', 'entire', 'time']"
delay,"['delays', 'delayed', 'deal']"
gift,"['it', 'guilty']"
matter,"['material', 'manner', 'letter']"
reports,"['spots', 'response', 'parts']"
note,"['notice', 'none', 'other']"
merchandise,"['meantime', 'hands']"
explanations,"['relations', 'explain', 'ations']"
responses,"['response', 'responsible', 'respond']"
handled,"['happened', 'hands', 'valued']"
death,"['heat', 'deal', 'dead']"
serious,"['religious', 'delicious', 'dangerous']"
written,"['write', 'handwritten', 'writing']"
people,"['replace', 'problem', 'example']"
routine,"['production', 'continue', 'solutions']"
samples,"['same', 'example', 'suppliers']"
yesterday,['stray']
several,"['serve', 'generaliz', 'shovel']"
delivery,"['deliver', 'believe', 'discover']"
get,"['gets', 'great', 'regret']"
different,[]
replacement,"['replace', 'recent', 'payment']"
is,"['wish', 's', 'fish']"
serve,"['service', 'see', 'several']"
excuse,"['excusing', 'use', 'refuse']"
explain,"['explanations', 'relations', 'expedient']"
statement,"['thatprevent', 'payment', 'patient']"
thing,"['things', 'think', 'thinking']"
involved,['isolated']
asked,"['ask', 'talked', 'marked']"
issue,"['assure', 'sued', 'assured']"
provide,"['promise', 'promises', 'promised']"
one,"['none', 'gone', 'done']"
customers,"['customer', 'customersplease', 'doctors']"
suppliers,"['supplier', 'supervisor', 'suppose']"
complaints,"['complaint', 'company', 'clients']"
knows,"['know', 'news', 'knowing']"
supervisor,"['suppliers', 'person', 'permission']"
most,"['worst', 'month']"
assure,"['assured', 'issue', 'passes']"
mailing,"['making', 'mail', 'willing']"
form,"['forms', 'inform', 'forwe']"
many,"['company', 'meant', 'human']"
keep,[]
continuing,"['continue', 'contrition', 'thinking']"
afternoon,"['attention', 'inattention']"
ribbons,"['ribbon', 'relations', 'ations']"
taking,"['making', 'thing', 'taken']"
shipment,"['sent', 'payment', 'shipping']"
recent,"['react', 'green', 'event']"
property,"['appropriate', 'party']"
value,"['valued', 'male', 'failure']"
customer,"['customers', 'customersplease', 'computer']"
patience,"['patient', 'article', 'place']"
knowing,"['know', 'showing', 'knows']"
making,"['taking', 'mailing', 'saying']"
had,"['hands', 'has', 'bad']"
thinking,"['think', 'thing', 'things']"
needed,"['need', 'needs', 'mended']"
bring,"['brain', 'bringing', 'spring']"
spring,"['serving', 'using', 'bring']"
leaving,"['having', 'wearing', 'serving']"
today,"['stray', 'delay']"
billing,"['willing', 'filling', 'bill']"
problem,"['problems', 'possible', 'people']"
end,"['send', 'mend', 'second']"
employee,"['employees', 'example', 'imply']"
behavior,"['misbehavior', 'behaved', 'favor']"
situation,"['situations', 'situationangry', 'stationery']"
embarrassment,"['embarrassed', 'embarrassing', 'harassment']"
others,"['other', 'bothered', 'tetras']"
unacceptable,"['acceptance', 'unable', 'accept']"
understanding,"['understand', 'misunderstandings', 'misunderstandingdiscover']"
few,['new']
permission,"['person', 'admission', 'missing']"
responsible,"['response', 'responsibility', 'responses']"
expense,"['express', 'sense', 'response']"
begin,"['beg', 'bringing', 'going']"
using,"['pursuing', 'excusing', 'spring']"
old,['world']
forgotten,"['forgetting', 'forget', 'written']"
up,['ups']
error,['errors']
sorry,"['yousorry', 'stray', 'order']"
regret,"['great', 'regretuntil', 'repeat']"
complaint,"['complaints', 'company', 'patient']"
refund,"['found', 'return', 'refuse']"
products,"['product', 'production', 'outs']"
has,"['hands', 'thanks', 'had']"
discount,"['dishonesty', 'discussion', 'account']"
product,"['products', 'production', 'put']"
learn,"['year', 'wearing', 'leaving']"
relations,"['ations', 'explanations', 'actions']"
full,['fault']
done,"['one', 'none', 'gone']"
credit,"['red', 'editor', 'reading']"
happen,"['happened', 'happy', 'appear']"
doing,"['going', 'hoping', 'wrongdoing']"
repair,"['repeat', 'remark', 'reports']"
inconvenience,"['inconvenienced', 'inconvenienceweighs', 'negligence']"
damaged,"['damage', 'damages', 'marked']"
adjustments,"['statement', 'customers']"
bringing,"['bring', 'arranging', 'original']"
dealing,"['deadline', 'deal', 'wearing']"
continue,"['continuing', 'contrite', 'construed']"
believe,"['deliver', 'beliefs', 'delivery']"
blame,"['same', 'name', 'belated']"
imply,['employee']
positive,"['position', 'pointed', 'insensitive']"
wrong,"['wrongdoing', 'writing', 'working']"
dissatisfied,"['satisfied', 'unsatisfied', 'satisfiedmy']"
problems,"['problem', 'promise', 'promises']"
fault,"['adult', 'full']"
replace,"['place', 'replacement', 'placed']"
notice,"['note', 'office', 'entire']"
return,"['turns', 'turned', 'refund']"
ordered,"['order', 'occurred', 'bothered']"
defective,"['ineffective', 'decide', 'corrective']"
free,"['feel', 're', 'green']"
account,"['discount', 'accident', 'accept']"
correction,"['corrective', 'incorrect', 'contrition']"
carrier,"['carried', 'car', 'are']"
incorrect,"['wrongcorrect', 'corrective', 'correction']"
errors,"['error', 'serious', 'reports']"
advises,"['cases', 'advising', 'tardiness']"
bad,"['had', 'add', 'belated']"
worse,"['wore', 'worst', 'words']"
mix,[]
intentions,"['inattention', 'attention', 'instructions']"
damage,"['damages', 'damaged', 'age']"
happened,"['happen', 'appeared', 'handled']"
lose,"['worse', 'lapse', 'house']"
employees,"['employee', 'samples', 'example']"
wish,"['fish', 'is']"
delayed,"['delay', 'delays', 'dead']"
slip,[]
computer,"['customer', 'other']"
human,"['many', 'thank', 'meant']"
irritates,"['inappropriate', 'written', 'appropriate']"
things,"['thing', 'think', 'thinking']"
bound,"['found', 'background', 'youunder']"
true,"['rude', 're', 'untruehow']"
makes,"['make', 'mistakes', 'marked']"
favor,"['factor', 'form', 'factory']"
least,"['last', 'let', 'lead']"
rude,"['true', 'rudeness', 're']"
negligence,[]
lawyer,"['delayed', 'year']"
approach,['appropriate']
specific,"['specify', 'special']"
steps,"['sidestep', 'mistakes', 'times']"
responsibility,"['responsible', 'response', 'responses']"
inconvenienced,"['inconvenience', 'inconvenienceweighs']"
pay,"['party', 'way', 'say']"
wheel,"['week', 'feel', 'whole']"
satisfied,"['unsatisfied', 'satisfiedmy', 'dissatisfied']"
right,"['night', 'oversight', 'slighted']"
failure,"['failed', 'fixture', 'value']"
instructions,"['situations', 'intentions', 'infraction']"
inappropriate,"['appropriate', 'appreciate', 'disappointed']"
solutions,"['situations', 'situation', 'relations']"
manner,"['manager', 'matter', 'mannersadmit']"
sense,"['see', 'ensure', 'sent']"
consult,"['insult', 'confu', 'insulting']"
half,[]
copy,"['company', 'convey']"
amends,"['mend', 'hands', 'mended']"
filling,"['willing', 'billing', 'telling']"
missing,"['admission', 'mailing', 'permission']"
giving,"['going', 'given', 'having']"
rental,"['real', 'recent', 'realize']"
hope,"['whole', 'phone', 'house']"
taken,"['take', 'mistaken', 'weaken']"
dangerous,"['serious', 'manager', 'damages']"
calling,"['call', 'willing', 'telling']"
serving,"['spring', 'wearing', 'service']"
reading,"['proofreading', 'read', 'wearing']"
shipping,"['spring', 'hoping', 'showing']"
appeared,"['appear', 'happened']"
given,"['giving', 'forgive', 'forgiveness']"
apologizing,"['apologizeit', 'apologize', 'apologies']"
regards,"['guards', 'read', 'remarks']"
shows,"['how', 'shower', 'showed']"
share,"['are', 'save', 'same']"
satisfaction,"['unsatisfactory', 'infraction', 'situation']"
ensure,"['sense', 'insurance', 'entire']"
line,"['like', 'life', 'fine']"
bill,['billing']
caused,"['case', 'cases', 'asked']"
re,"['red', 'are', 'wore']"
times,"['time', 'meantime', 'makes']"
damages,"['damage', 'damaged', 'makes']"
insurance,"['utterance', 'ensure', 'sources']"
delays,"['delay', 'delayed', 'says']"
oversight,['right']
turned,"['turns', 'return', 'red']"
unable,"['unusable', 'able', 'unavoidable']"
think,"['thing', 'thank', 'thinking']"
going,"['doing', 'ignoring', 'hoping']"
friend,"['friends', 'find', 'friendship']"
feel,"['free', 'wheel', 'fences']"
college,['oblige']
own,"['owe', 'one', 'how']"
like,"['likely', 'line', 'life']"
put,['product']
advising,"['having', 'admission', 'reading']"
meant,"['meantime', 'want', 'sent']"
course,"['yours', 'worse', 'house']"
getting,"['forgetting', 'greeting', 'meeting']"
willing,"['filling', 'billing', 'writing']"
financial,[]
deadline,"['dealing', 'realize', 'reading']"
effort,"['forget', 'reports', 'form']"
found,"['bound', 'refund', 'find']"
said,"['avoid', 'satisfied', 'saying']"
child,"['children', 'third']"
sources,"['yours', 'hours', 'insurance']"
individuals,[]
legal,"['illegal', 'real', 'lead']"
social,"['special', 'call']"
impression,"['expression', 'permission', 'admission']"
major,"['more', 'humor', 'favor']"
schedule,"['reschedule', 'switched']"
service,"['serve', 'serving', 'strike']"
newsletter,"['letter', 'letters', 'better']"
oblige,"['problem', 'fooling', 'college']"
increase,"['case', 'cases']"
forgive,"['forgiveness', 'forget', 'given']"
unfortunate,['forgotten']
life,"['line', 'like', 'alive']"
house,"['hours', 'use', 'course']"
careful,"['dreadful', 'refuse', 'refund']"
disappointed,"['disappointing', 'pointed', 'appointment']"
wearing,"['writing', 'working', 'serving']"
greeting,"['meeting', 'getting', 'green']"
age,"['large', 'get', 'damage']"
remember,[]
humor,"['more', 'hour', 'major']"
news,"['new', 'knew', 'needs']"
fixture,"['future', 'failure', 'turned']"
track,"['take', 'outbreak', 'contract']"
clients,"['complaints', 'accident', 'complaint']"
books,"['book', 'look', 'boss']"
mistaken,"['mistake', 'mistakes', 'taken']"
lovely,"['shovel', 'likely', 'convey']"
whole,"['wore', 'hope', 'worse']"
assured,"['assure', 'sued', 'issue']"
supplier,"['suppliers', 'suppose']"
luncheon,['neon']
lead,"['read', 'dead', 'legal']"
second,"['send', 'end', 'respond']"
separate,"['part', 'share', 'serve']"
baby,['by']
event,"['recent', 'sent', 'thatprevent']"
inform,"['form', 'forms', 'information']"
deliver,"['delivery', 'believe', 'discover']"
are,"['area', 're', 'share']"
hour,"['hours', 'yours', 'hurts']"
by,['baby']
forms,"['form', 'inform', 'yours']"
common,"['comment', 'company']"
article,"['notice', 'mailed', 'failed']"
funeral,"['generaliz', 'unable', 'female']"
area,"['are', 'real', 'read']"
world,"['words', 'old', 'work']"
friendship,"['friends', 'friend']"
spoke,"['outspoken', 'suppose', 'response']"
red,"['read', 're', 'turned']"
sexual,"['special', 'several', 'example']"
face,"['place', 'placed', 'office']"
upset,"['use', 'ups', 'suppose']"
harassment,"['embarrassment', 'harassed']"
remarks,"['remark', 'regards', 'makes']"
offender,"['offenders', 'offer', 'youunder']"
taste,"['treated', 'take', 'last']"
box,[]
midlothian,['mitigating']
mistakes,"['mistake', 'mistaken', 'makes']"
belated,"['related', 'treated', 'delayed']"
poor,[]
unsatisfactory,"['satisfaction', 'factory', 'unsatisfied']"
insulting,"['insult', 'instructions', 'writing']"
insensitive,"['insensitivity', 'ineffective', 'positive']"
tactless,[]
mistake,"['mistakes', 'mistaken', 'ismake']"
boss,['books']
relevant,"['repeat', 'recent', 'related']"
having,"['leaving', 'thing', 'advising']"
homes,"['hottest', 'hope', 'promises']"
bunnies,['business']
striped,"['strike', 'satisfied', 'described']"
ribbon,['ribbons']
gone,"['one', 'none', 'done']"
infected,"['inspected', 'ineffective', 'pointed']"
aquarium,[]
superglue,[]
absorb,[]
react,"['great', 'repeat', 'recent']"
ethics,"['ethical', 'things', 'pets']"
justice,"['justify', 'strike', 'notice']"
inevitable,"['unavoidable', 'unacceptable', 'unable']"
alive,"['save', 'realize', 'male']"
bothered,"['other', 'others', 'ordered']"
dignity,"['ingenuity', 'guilty']"
ups,"['up', 'upset', 'use']"
misunderstandings,"['understanding', 'misunderstandingdiscover', 'understand']"
ineffective,"['defective', 'infected', 'insensitive']"
parts,"['part', 'parents', 'party']"
misbehavior,['behavior']
rudeness,"['tardiness', 'rude', 'forgiveness']"
ineptness,"['express', 'forgiveness']"
dishonesty,['discount']
forgetting,"['getting', 'forget', 'forgotten']"
betraying,"['bring', 'brain', 'taking']"
pets,"['gets', 'parents', 'upset']"
bite,"['write', 'it', 'belittle']"
bark,"['remark', 'marked']"
drunken,[]
briefly,['likely']
specify,"['specific', 'special', 'security']"
summarize,['sympathize']
disappointing,"['disappointed', 'appointment', 'napping']"
corrective,"['correction', 'incorrect', 'receive']"
shovel,"['shower', 'showed', 'lovely']"
context,"['next', 'contrite', 'contract']"
comment,"['common', 'meant', 'complaint']"
incident,"['accident', 'include', 'clients']"
generaliz,"['several', 'realize', 'funeral']"
ations,"['actions', 'action', 'relations']"
klutz,[]
dramatic,['dream']
dead,"['read', 'lead', 'deal']"
behaved,"['have', 'belated', 'behavior']"
worst,"['worse', 'words', 'work']"
defend,"['refund', 'friend', 'end']"
justify,"['justice', 'stiff']"
sidestep,"['insisted', 'steps', 'sense']"
stiff,['justify']
insult,"['insulting', 'consult', 'insinuate']"
stray,"['try', 'say', 'yesterday']"
ethical,"['ethics', 'tropical', 'rental']"
base,"['case', 'taste', 'lapse']"
accusations,"['actions', 'ations', 'action']"
insinuate,"['insisted', 'investigated', 'insurance']"
ingenuity,"['dignity', 'guilty', 'insensitivity']"
fingerprints,[]
guilty,"['ingenuity', 'gift']"
untruehow,['true']
admit,"['addition', 'adult']"
factor,"['factory', 'actor', 'favor']"
doctors,"['actor', 'customers', 'others']"
sympathize,"['sympathy', 'summarize']"
utterance,['insurance']
hands,"['has', 'had', 'thanks']"
skillful,[]
wrongdoing,"['wrong', 'going', 'doing']"
procrastination,"['position', 'production']"
turns,"['turned', 'return', 'yours']"
infraction,"['information', 'action', 'satisfaction']"
mitigating,"['omitting', 'lighting', 'situation']"
circumstances,['acceptance']
strike,"['striped', 'mistake', 'justice']"
flu,['failure']
outbreak,['track']
weaken,"['taken', 'wearing', 'week']"
truthful,[]
annoys,"['says', 'many']"
hurts,"['hours', 'threats', 'outs']"
adult,"['fault', 'dreadful', 'admit']"
related,"['treated', 'belated', 'relied']"
detailed,"['talked', 'mailed', 'failed']"
likely,"['like', 'lovely', 'briefly']"
higher,['hear']
visible,['possible']
categorized,['carried']
fooling,"['looking', 'filling', 'going']"
threats,"['heat', 'treated', 'react']"
innuendoes,"['ineptness', 'intentions']"
passes,"['pass', 'cases', 'assure']"
illegal,['legal']
construed,"['contrite', 'continue', 'striped']"
requires,[]
heartfelt,"['heat', 'hear']"
real,"['rental', 'read', 'deal']"
opposed,"['suppose', 'promised']"
expedient,"['expression', 'patient', 'explain']"
avert,"['save', 'part', 'have']"
reprimand,"['respond', 'read']"
owed,"['owe', 'showed', 'forwe']"
harassed,"['harassment', 'embarrassed', 'assured']"
exhibiting,"['blighting', 'mitigating']"
contrition,"['contrite', 'convictions', 'correction']"
promise,"['promises', 'promised', 'provide']"
sued,"['send', 'assured', 'presumed']"
offenders,"['offender', 'offer', 'fences']"
pursue,"['pursuing', 'presumed', 'use']"
realize,"['realized', 'relied', 'real']"
harm,"['hear', 'share', 'am']"
contrite,"['contrition', 'contract', 'continue']"
unsatisfied,"['satisfied', 'satisfiedmy', 'dissatisfied']"
pass,"['passes', 'parts', 'cases']"
material,"['matter', 'mail', 'tropical']"
patronage,['manager']
notecards,"['cards', 'others', 'regards']"
overtones,['forgiveness']
manager,"['manner', 'patronage', 'dangerous']"
slighted,"['switched', 'lighting', 'right']"
docked,"['dotted', 'owed', 'done']"
persuasive,"['pursue', 'permission']"
option,"['position', 'tosion', 'solutions']"
s,['is']
n,[]
advisedmisleadingrepaymindedlyaccidentalimperfectmisprintresponsibleacknowledgeimprudentmisquoterestitutionadmitinaccuratemistakenrestoreawkwardinadequatemisunderstand,[]
sheepishingblunderinadvertentmuddleshort,[]
sightedcarelessincompletenegligenceslipcompensateinconsiderateomittedtactlesshow,[]
foravoid,"['avoid', 'afraid', 'favor']"
futureaccept,"['future', 'accept']"
forbreach,[]
mannersadmit,['manner']
wrongcorrect,"['incorrect', 'corrective', 'correction']"
situationangry,"['situation', 'stationery', 'situations']"
myselfexpress,"['express', 'expression', 'myselfi']"
regretappreciate,['appreciate']
attentionfeel,"['attention', 'inattention', 'intentions']"
terrible,['material']
abouttoasleep,[]
excusing,"['using', 'excuse', 'pursuing']"
presumed,"['pursue', 'sued', 'presumedreproach']"
havebuti,"['have', 'avert']"
am,"['same', 'name', 'harm']"
presumedreproach,['presumed']
myselfi,['myselfexpress']
thatprevent,"['statement', 'event']"
recurrencei,[]
investigated,"['insisted', 'insinuate', 'slighted']"
rightslooked,['slighted']
apologizeit,"['apologize', 'apologizing', 'apologies']"
embarrassing,"['embarrassment', 'embarrassed', 'arranging']"
discover,"['deliver', 'discount', 'delivery']"
yousorry,"['sorry', 'yours']"
confu,"['consult', 'continue']"
tosion,"['position', 'option', 'ations']"
distressed,['dissatisfied']
misunderstandingdiscover,"['misunderstandings', 'understanding']"
ismake,"['make', 'mistake', 'makes']"
youunder,"['offender', 'yours', 'order']"
regretuntil,['regret']
satisfiedmy,"['satisfied', 'unsatisfied', 'dissatisfied']"
inconvenienceweighs,"['inconvenience', 'inconvenienced']"
mindowe,"['mended', 'owe']"
customersplease,"['customers', 'customer']"
thatapologies,"['apologies', 'apologize', 'apologizeit']"
aboutsentencesdriveway,[]
pointed,"['disappointed', 'promised', 'positive']"
embarrassed,"['embarrassment', 'embarrassing', 'harassed']"
lapse,"['lose', 'last', 'case']"
outs,"['yours', 'spots', 'products']"
mended,"['mend', 'needed', 'end']"
treated,"['related', 'read', 'threats']"
salesclerk,[]
realized,"['realize', 'relied', 'treated']"
insisted,"['inspected', 'insinuate', 'investigated']"
insensitivity,"['insensitive', 'ingenuity']"
gets,"['get', 'pets', 'great']"
inattention,"['attention', 'intentions', 'attentionfeel']"
shortsightedness,['thoughtlessness']
thoughtlessness,"['shortsightedness', 'thought']"
security,['specify']
guards,"['regards', 'cards']"
unavoidable,"['unable', 'unusable', 'avoid']"
owe,"['owed', 'forwe', 'shower']"
caught,"['bought', 'thought']"
napping,"['shipping', 'accepting', 'taking']"
paragraphswe,[]
fabric,"['article', 'face']"
promised,"['promise', 'promises', 'provide']"
promises,"['promise', 'promised', 'provide']"
renege,"['regret', 'receive', 'reading']"
female,"['male', 'mailed', 'failed']"
relied,"['realized', 'related', 'realize']"
green,"['greeting', 'recent', 'free']"
wore,"['worse', 'work', 'more']"
necks,"['news', 'needs', 'check']"
none,"['one', 'note', 'gone']"
knew,"['new', 'news', 'know']"
neighbor,['night']
switched,"['slighted', 'schedule', 'write']"
yellow,['tell']
polka,"['spoke', 'place']"
dotted,"['docked', 'treated', 'pointed']"
male,"['mailed', 'female', 'make']"
rabbits,[]
lighting,"['blighting', 'writing', 'mitigating']"
described,"['decide', 'striped', 'ordered']"
original,['bringing']
label,"['able', 'place', 'legal']"
inspected,"['infected', 'insisted', 'expected']"
factory,"['factor', 'actor', 'unsatisfactory']"
rough,"['bought', 'thought', 'wrong']"
spots,"['suppose', 'reports', 'pets']"
fine,"['line', 'find', 'office']"
guarantee,[]
occurred,"['ordered', 'carried']"
dream,"['real', 'read', 'deal']"
shower,"['showed', 'shows', 'shovel']"
tardiness,"['rudeness', 'advises', 'forgiveness']"
placed,"['place', 'replace', 'related']"
refuse,"['use', 'refund', 'prefer']"
neon,"['none', 'luncheon', 'second']"
tetras,"['others', 'threats', 'letters']"
bought,"['thought', 'rough', 'caught']"
ich,[]
entire,"['meantime', 'notice', 'ensure']"
tropical,"['topic', 'ethical', 'material']"
fish,"['wish', 'is', 'first']"
enthusiasts,[]
isolated,"['related', 'belated', 'slighted']"
restock,['stock']
valued,"['value', 'talked', 'mailed']"
dreadful,"['real', 'read', 'deal']"
ruining,"['writing', 'morning', 'arguing']"
arguing,"['arranging', 'wearing', 'ruining']"
did,"['decide', 'add']"
save,"['same', 'have', 'share']"
ignoring,"['going', 'working', 'morning']"
pursuing,"['using', 'pursue', 'ruining']"
talked,"['take', 'taken', 'asked']"
attempted,['treated']
mend,"['end', 'mended', 'amends']"
fences,"['offenders', 'friends', 'news']"
delicious,"['religious', 'serious']"
delightful,[]
blighting,"['lighting', 'mitigating', 'writing']"
omitting,"['mitigating', 'writing', 'missing']"
hottest,"['homes', 'others', 'dotted']"
actor,"['factor', 'factory', 'action']"
proofreading,['reading']
eyes,"['needs', 'employees', 'fences']"
failed,"['mailed', 'failure', 'detailed']"
brain,"['bring', 'betraying', 'reading']"
expected,"['inspected', 'expense', 'infected']"
appear,"['appeared', 'happen', 'year']"
automobile,[]
accident,"['incident', 'accept', 'patient']"
notifying,"['continuing', 'knowing']"
arranging,"['arguing', 'bringing', 'embarrassing']"
forget,"['forgive', 'forgetting', 'forwe']"
reschedule,['schedule']
background,['bound']
submitted,"['resubmit', 'sued', 'bite']"
unusable,"['unable', 'able', 'unavoidable']"
showed,"['shower', 'owed', 'shows']"
resubmit,"['submitted', 'presumed']"
familiar,['failure']
topic,"['tropical', 'stock']"
prefer,"['refuse', 'free']"
beg,['begin']
forgiveness,"['forgive', 'friends', 'rudeness']"
outspoken,"['spoke', 'outs']"
religious,"['delicious', 'relations', 'serious']"
convictions,"['contrition', 'invitation', 'correction']"
afraid,"['foravoid', 'friend', 'failed']"
carried,"['carrier', 'occurred', 'categorized']"
heat,"['hear', 'threats', 'react']"
discussion,"['admission', 'discount', 'permission']"
beliefs,"['believe', 'belittle', 'relied']"
belittle,"['better', 'bite', 'believe']"
yours,"['amyours', 'hours', 'course']"
hoping,"['showing', 'thing', 'going']"
amyours,"['yours', 'hours', 'course']"
