invitation,"['administration', 'violation', 'situation']"
say,"['way', 'salary', 'summary']"
person,"['personalize', 'interpersonal', 'supervisor']"
happy,"['apply', 'applying', 'sharp']"
pleased,"['placed', 'learned', 'pleasant']"
other,"['further', 'computer', 'wrote']"
letter,"['letters', 'latter', 'better']"
first,"['rest', 'list', 'interest']"
see,"['seek', 'sheet', 'use']"
have,"['save', 'leave', 'heavy']"
offer,"['offered', 'office', 'refer']"
discuss,"['discussion', 'discussing']"
date,"['dates', 'daytime', 'state']"
company,"['companies', 'many', 'copy']"
name,"['same', 'number', 'manage']"
questions,"['suggestion', 'reservations', 'resolution']"
look,['looking']
enclosed,"['close', 'closer', 'employed']"
want,"['anti', 'agents']"
meeting,"['marketing', 'setting', 'seeking']"
job,[]
do,[]
time,"['daytime', 'yourtime', 'title']"
working,"['boring', 'work', 'writing']"
how,"['orhow', 'own', 'low']"
position,"['positiongood', 'situation', 'consideration']"
use,"['useful', 'sex', 'set']"
tell,"['tells', 'teller', 'awell']"
kind,"['find', 'friend']"
application,"['applications', 'applicant', 'publications']"
week,"['seek', 'weekday']"
call,"['small', 'awell', 'taller']"
help,['held']
come,"['comes', 'com', 'home']"
writing,"['underwriting', 'written', 'working']"
franchise,"['branch', 'precise', 'machine']"
duties,"['dates', 'tickets', 'routine']"
part,"['past', 'parties', 'print']"
take,"['make', 'thank', 'state']"
good,['food']
send,"['end', 'second', 'sued']"
brief,"['refer', 'bring']"
state,"['statement', 'take', 'stationery']"
mail,"['mailing', 'small', 'material']"
include,"['includes', 'including', 'clue']"
salary,"['say', 'alarms', 'summary']"
telephone,['phone']
number,"['numerous', 'summer', 'name']"
check,['checking']
ask,"['asks', 'asked']"
guidelines,['delinquent']
stationery,"['situation', 'stating', 'state']"
same,"['save', 'name', 'state']"
children,[]
thank,"['think', 'take']"
letterhead,"['lettersdear', 'letter', 'letters']"
great,"['get', 'seat', 'rest']"
requested,"['request', 'interested', 'require']"
appreciate,"['private', 'precise', 'applicant']"
office,"['voice', 'offer', 'efficient']"
year,"['years', 'dear', 'learn']"
response,"['responsible', 'responsibilities', 'purpose']"
speak,"['special', 'seek', 'seat']"
next,[]
work,"['worked', 'working', 'workers']"
much,"['such', 'match', 'lunch']"
looking,"['look', 'long', 'working']"
best,"['rest', 'result', 'oldest']"
ways,['way']
way,"['ways', 'say', 'weekday']"
request,"['requested', 'rest', 'require']"
letters,"['letter', 'lettersdear', 'latter']"
find,"['friend', 'kind', 'fine']"
place,"['placed', 'space', 'player']"
schools,"['school', 'chosen']"
clubs,"['clue', 'includes', 'focus']"
precise,"['present', 'appreciate', 'prospective']"
assistance,"['assistant', 'assisting', 'insurance']"
particular,[]
needs,"['need', 'nearest', 'eyes']"
directions,"['perfection', 'addition', 'reservations']"
home,"['come', 'phone', 'comes']"
equipment,"['requirements', 'employment', 'department']"
list,"['last', 'it', 'is']"
future,"['picture', 'further', 'mute']"
action,"['addition', 'application', 'violation']"
avoid,"['said', 'voice', 'valid']"
manage,"['manager', 'managing', 'language']"
reservations,"['restoration', 'presentation', 'operations']"
better,"['letter', 'letters', 'belittle']"
tips,"['is', 'duties']"
possible,"['responsible', 'pile', 'suitable']"
deal,"['detail', 'real', 'dear']"
make,"['take', 'asked', 'marketing']"
employers,"['employer', 'employed', 'employment']"
sentence,"['science', 'convenience']"
more,"['move', 'store', 'moved']"
mention,"['mentioned', 'mentioning', 'attention']"
special,"['specialized', 'specify', 'specific']"
offered,"['offer', 'worked', 'office']"
applicant,"['applicants', 'application', 'applications']"
chosen,"['close', 'closer', 'counseling']"
experience,"['experienced', 'criteriaexperience', 'references']"
interview,"['interest', 'invite', 'interested']"
information,"['violation', 'operations', 'invitation']"
employment,"['employer', 'employed', 'employers']"
example,"['employer', 'employed', 'employers']"
parties,"['part', 'dates', 'companies']"
phone,"['one', 'telephone', 'home']"
case,"['base', 'close', 'class']"
language,"['manage', 'manager', 'gauge']"
formal,"['floral', 'oral', 'form']"
senior,"['supervisor', 'mention', 'send']"
research,['refer']
plan,"['placing', 'pleasant', 'place']"
support,"['spot', 'short', 'surety']"
room,[]
admission,"['discussion', 'addition', 'administration']"
volunteer,[]
record,"['records', 'second', 'seconds']"
player,"['lawyer', 'place', 'paper']"
including,"['include', 'includes', 'indicating']"
read,"['reader', 'real', 'head']"
attention,"['mention', 'mentioned', 'action']"
detail,"['detailed', 'deal', 'tailor']"
it,"['unit', 'list', 'city']"
education,"['educational', 'situation', 'publications']"
assistant,"['assistance', 'assisting', 'assignments']"
community,"['communication', 'communications', 'company']"
responsibilities,"['responsible', 'response', 'abilities']"
last,"['past', 'list', 'laws']"
understand,"['understanding', 'understood', 'underwriting']"
receive,"['received', 'precise', 'prospective']"
addition,"['action', 'admission', 'directions']"
held,"['hold', 'help', 'head']"
self,"['useful', 'seller']"
give,"['negative', 'invite', 'driver']"
draft,"['date', 'great', 'dates']"
family,"['mail', 'fill', 'file']"
suggest,"['suggestion', 'surety', 'set']"
materials,"['material', 'medical', 'mail']"
set,"['seat', 'sheet', 'use']"
appointment,"['assignments', 'point', 'applicant']"
ticket,"['tickets', 'time', 'take']"
corporate,"['private', 'comfort', 'coordinator']"
students,"['student', 'strengths', 'resident']"
received,"['receive', 'exceed', 'precise']"
know,"['known', 'knowledge']"
sympathy,['match']
confirm,"['consider', 'confident', 'com']"
morning,"['majoring', 'moving', 'boring']"
message,"['manage', 'age']"
contact,['contractor']
need,"['needs', 'exceed', 'denied']"
sales,"['save', 'same', 'suitable']"
refer,"['reader', 'career', 'references']"
business,['businesslike']
meantime,"['mentioned', 'time', 'mention']"
close,"['closer', 'enclosed', 'chosen']"
address,"['arrest', 'access', 'are']"
collection,"['collector', 'convention', 'complexion']"
written,"['writer', 'writing', 'wrote']"
necessary,[]
people,"['example', 'complex', 'pile']"
applicants,"['applicant', 'applications', 'application']"
applications,"['application', 'publications', 'applicants']"
routine,"['outlined', 'resolution', 'yourtime']"
numerous,['number']
yesterday,"['veterinary', 'weekday', 'lettersdear']"
several,"['overall', 'federal', 'level']"
delivery,"['driver', 'believe', 'designer']"
get,"['great', 'set', 'agents']"
advertisement,"['advertisementten', 'advertised', 'advertising']"
arrange,"['arrangements', 'clearance', 'manage']"
process,"['professional', 'access']"
short,"['shorter', 'shorten', 'support']"
is,"['tips', 'list']"
present,"['presenting', 'resident', 'presentation']"
consideration,"['considering', 'consider', 'considerable']"
oral,"['formal', 'floral', 'real']"
dates,"['date', 'duties', 'parties']"
describe,"['describing', 'desire', 'designer']"
reader,"['leader', 'read', 'refer']"
statement,"['state', 'advertisement', 'mostrecent']"
negative,"['conservative', 'give', 'meantime']"
asked,"['ask', 'take', 'sued']"
asks,"['ask', 'class', 'asked']"
provide,[]
department,"['equipment', 'advertisement', 'government']"
one,"['phone', 'own', 'non']"
supervisor,"['services', 'senior', 'person']"
domestic,"['optic', 'comes', 'compensation']"
requirements,"['equipment', 'require', 'arrangements']"
fax,['faxing']
most,"['ms', 'oldest', 'months']"
mailing,"['mail', 'dealing', 'managing']"
immediate,"['dedicated', 'medical', 'date']"
résumés,['résumé']
interest,"['interested', 'nearest', 'withinterested']"
form,"['forms', 'formal', 'storm']"
fill,"['full', 'file', 'field']"
indicating,"['invitation', 'catering', 'underwriting']"
public,['publications']
many,"['company', 'fancy', 'manage']"
records,"['record', 'seconds', 'second']"
keep,['deep']
file,"['pile', 'fine', 'fill']"
mentioned,"['mention', 'mentioning', 'meantime']"
presentation,"['presenting', 'restoration', 'representative']"
storm,"['store', 'history', 'form']"
customer,"['come', 'computer', 'storm']"
had,"['head', 'ad', 'heard']"
bring,"['boring', 'writing', 'working']"
leaving,"['leading', 'placing', 'hearing']"
today,"['told', 'study']"
contractor,"['contact', 'control', 'coordinator']"
end,"['send', 'second', 'friend']"
long,"['longer', 'looking', 'young']"
describing,"['describe', 'advertising', 'underwriting']"
visits,['list']
store,"['storm', 'shorter', 'shorten']"
situation,"['stating', 'stationery', 'invitation']"
experienced,"['experience', 'criteriaexperience', 'references']"
résumé,['résumés']
lettersdear,"['letters', 'letterhead', 'letter']"
medical,"['material', 'clerical', 'technical']"
leave,"['level', 'levels', 'leader']"
paper,"['player', 'part', 'page']"
understanding,"['understand', 'outstanding', 'underwriting']"
responsible,"['response', 'responsibilities', 'possible']"
complex,"['complexion', 'complies', 'come']"
up,[]
claims,"['class', 'alarms', 'list']"
learn,"['learned', 'clear', 'leader']"
quality,['qualifies']
full,"['fill', 'useful', 'floral']"
credit,"['rest', 'read', 'city']"
years,"['year', 'nearest', 'eyes']"
past,"['part', 'last', 'pleasant']"
only,[]
such,"['much', 'lunch', 'school']"
dealing,"['deal', 'mailing', 'leaving']"
continue,"['routine', 'convention', 'concise']"
terms,"['team', 'systems', 'letters']"
believe,"['level', 'leave', 'delivery']"
high,"['height', 'weight', 'slight']"
voice,"['office', 'device', 'service']"
appeal,"['apply', 'appreciate', 'special']"
companies,"['complies', 'accompanied', 'company']"
small,"['mail', 'call', 'sales']"
months,['most']
control,"['contractor', 'conventional', 'school']"
dear,"['year', 'deal', 'years']"
machine,"['match', 'franchise', 'manage']"
powerful,['power']
errors,['records']
further,"['other', 'writer', 'future']"
services,"['service', 'device', 'supervisor']"
focus,"['occur', 'forms', 'clubs']"
latter,"['letter', 'letters', 'player']"
vague,"['age', 'page', 'language']"
power,"['powerful', 'poor', 'employer']"
computer,"['mute', 'complex', 'come']"
mentioning,"['mention', 'maintaining', 'mentioned']"
lawyer,"['player', 'leader', 'law']"
approach,[]
specific,"['specify', 'special', 'specialized']"
codified,['field']
managing,"['maintaining', 'manage', 'morning']"
similar,"['withsimilar', 'military', 'salary']"
benefit,[]
point,"['print', 'spot', 'appointment']"
considered,"['consider', 'considerable', 'considering']"
tells,"['tell', 'teller', 'terms']"
typed,['type']
sheet,"['set', 'see', 'seek']"
copy,['company']
stating,"['setting', 'situation', 'spacing']"
print,"['point', 'private', 'present']"
design,"['designer', 'desire', 'describing']"
young,"['long', 'rough']"
interested,"['interest', 'withinterested', 'nearest']"
hearing,"['leaving', 'leading', 'dealing']"
type,['typed']
page,"['age', 'vague', 'space']"
non,"['known', 'own', 'one']"
satisfaction,"['satisfactory', 'situation', 'action']"
food,['good']
ensure,"['surety', 'insurance', 'desire']"
top,[]
weight,"['height', 'slight', 'high']"
insurance,"['ensure', 'race']"
fiber,"['fine', 'file', 'refer']"
deep,"['keep', 'device', 'desire']"
think,['thank']
friend,"['find', 'field', 'oriented']"
school,"['schools', 'control', 'such']"
college,"['colleges', 'knowledge', 'collector']"
useful,"['use', 'self', 'full']"
suggestion,"['suggest', 'questions', 'situation']"
own,"['known', 'one', 'low']"
unsolicited,['solicited']
consider,"['considered', 'considering', 'considerable']"
like,['ticket']
open,"['opening', 'openings', 'person']"
wrote,"['writer', 'written', 'routine']"
getting,"['setting', 'stating', 'meeting']"
professional,"['perfection', 'process', 'personalize']"
financial,[]
elementary,['employment']
following,"['looking', 'long', 'whenfilling']"
obliged,"['outlined', 'solicited', 'double']"
available,['favorable']
desk,"['dates', 'oldest', 'duties']"
said,"['side', 'valid', 'avoid']"
low,"['own', 'law', 'how']"
references,"['experience', 'refer', 'experienced']"
law,"['laws', 'low', 'lawyer']"
emphasize,['phases']
legal,"['real', 'deal', 'clerical']"
considerable,"['considered', 'consider', 'consideration']"
considering,"['consider', 'consideration', 'counseling']"
technical,"['technician', 'electrical', 'special']"
interpersonal,"['international', 'personalize', 'interest']"
service,"['services', 'device', 'voice']"
oriented,"['friend', 'related', 'experienced']"
activities,"['abilities', 'universities', 'invite']"
colleges,"['college', 'complies', 'comes']"
student,"['students', 'study', 'resident']"
collector,"['collection', 'color', 'contractor']"
side,"['said', 'resident', 'consider']"
effective,"['perfection', 'receive', 'perfect']"
told,"['hold', 'today', 'oldest']"
knowledge,"['college', 'know']"
city,"['security', 'it', 'community']"
move,"['moved', 'more', 'cover']"
age,"['page', 'vague', 'gauge']"
achievement,['statement']
personalize,"['person', 'persuasive', 'interpersonal']"
outstanding,"['understanding', 'stating']"
tickets,"['ticket', 'duties']"
individual,[]
marketing,"['telemarketing', 'meeting', 'majoring']"
writer,"['written', 'wrote', 'driver']"
hair,"['sharp', 'heard', 'tailor']"
class,"['claims', 'laws', 'last']"
field,"['friend', 'held', 'fine']"
second,"['seconds', 'send', 'secondary']"
comfort,"['color', 'corporate', 'com']"
opening,"['openings', 'open', 'morning']"
known,"['know', 'own', 'non']"
space,"['place', 'placed', 'spacing']"
double,"['obliged', 'indulge']"
laws,"['law', 'last', 'class']"
includes,"['include', 'including', 'clue']"
are,"['area', 'career', 'arrest']"
hour,"['short', 'occur']"
purpose,"['response', 'use']"
federal,"['deal', 'several', 'reader']"
sex,"['use', 'set', 'see']"
height,"['weight', 'high', 'slight']"
forms,"['form', 'formal', 'informed']"
accounts,['accomplishments']
relationships,"['reservations', 'resolution', 'operations']"
career,"['forcareer', 'refer', 'reader']"
private,"['appreciate', 'print', 'writer']"
longer,"['long', 'one', 'closer']"
communication,"['communications', 'combination', 'community']"
spelling,"['spacing', 'setting', 'seeking']"
area,"['are', 'real', 'read']"
rest,"['result', 'arrest', 'best']"
transportation,"['restoration', 'information', 'reservations']"
efficient,"['office', 'enforcement']"
promoted,"['wrote', 'moved']"
moved,"['move', 'more', 'promoted']"
easy,"['years', 'heavy']"
pleasant,"['present', 'pleased', 'plan']"
systems,['terms']
bond,"['broad', 'sounds', 'second']"
poor,"['power', 'color']"
relevant,"['related', 'present', 'resident']"
specify,"['specific', 'special', 'security']"
base,"['case', 'asked', 'phases']"
factor,"['satisfactory', 'action', 'contractor']"
related,"['read', 'oriented', 'great']"
detailed,"['detail', 'denied', 'deal']"
real,"['rely', 'read', 'oral']"
sued,"['suited', 'send', 'smudged']"
material,"['materials', 'medical', 'mail']"
manager,"['manage', 'managing', 'language']"
persuasive,"['persuade', 'personalize']"
security,"['surety', 'specify', 'city']"
neighbor,[]
lighting,"['slight', 'writing', 'getting']"
rough,"['thorough', 'young']"
fine,"['find', 'file', 'field']"
placed,"['place', 'pleased', 'space']"
save,"['same', 'have', 'state']"
pursuing,"['presenting', 'issuing', 'print']"
eyes,"['years', 'needs', 'employers']"
background,[]
discussion,"['discussing', 'discuss', 'admission']"
belittle,"['better', 'believe', 'title']"
employer,"['employers', 'employed', 'employment']"
apply,"['happy', 'applying', 'appeal']"
prospective,"['receive', 'project', 'precise']"
cover,"['closer', 'overall', 'move']"
skills,"['skillshow', 'fill', 'asks']"
seeking,"['seek', 'setting', 'meeting']"
library,"['military', 'salary']"
advertised,"['advertisement', 'advertising', 'advertisementten']"
candidate,"['candidates', 'date']"
setting,"['stating', 'getting', 'seeking']"
applying,"['apply', 'applicant', 'placing']"
engineer,"['genuine', 'designer']"
employed,"['employer', 'employers', 'employment']"
branch,"['franchise', 'race']"
travel,"['tell', 'take', 'save']"
goals,"['oral', 'sales', 'legal']"
pile,"['file', 'title', 'possible']"
universities,"['generalities', 'activities']"
abilities,"['activities', 'qualifies', 'generalities']"
accomplishments,"['complies', 'accounts']"
match,"['tomatch', 'much', 'machine']"
counseling,"['considering', 'spelling', 'answering']"
publications,"['applications', 'application', 'qualifications']"
project,"['perfect', 'prospective']"
coordinator,"['contractor', 'combination', 'corporate']"
floral,"['formal', 'oral', 'favorable']"
designer,"['design', 'desire', 'engineer']"
worked,"['work', 'workers', 'working']"
advertising,"['advertised', 'advertisement', 'verifying']"
head,"['heard', 'had', 'read']"
teller,"['taller', 'seller', 'tell']"
lunch,"['such', 'much']"
driver,"['delivery', 'writer', 'receive']"
result,"['rest', 'arrest', 'resolution']"
representative,"['presentation', 'presenting', 'present']"
industry,['history']
surgery,"['surety', 'summer', 'ensure']"
scheduler,['seller']
degree,"['desire', 'deep', 'dear']"
operations,"['reservations', 'compensation', 'perfection']"
science,"['sentence', 'convenience', 'clearance']"
international,"['conventional', 'invitation', 'interpersonal']"
nearest,"['interest', 'arrest', 'rest']"
perfection,"['perfect', 'operations', 'directions']"
whenfilling,"['spelling', 'following']"
persuade,"['persuasive', 'personalize']"
invite,"['definite', 'invitation', 'activities']"
submit,"['suited', 'unit']"
businesslike,['business']
summary,"['summer', 'surety', 'salary']"
educational,"['education', 'international', 'publications']"
history,"['storm', 'store', 'industry']"
accompanied,"['companies', 'company', 'command']"
combination,"['compensation', 'communication', 'discrimination']"
shorter,"['shorten', 'short', 'store']"
broadcast,['broad']
clue,"['include', 'includes', 'clubs']"
comes,"['come', 'complies', 'com']"
solicited,"['unsolicited', 'suited', 'obliged']"
definite,"['invite', 'denied', 'fine']"
conventional,"['convention', 'international', 'convenience']"
organizations,"['organizationshow', 'operations', 'communications']"
rely,"['real', 'travel', 'surety']"
gauge,"['age', 'page', 'language']"
overall,"['oral', 'several', 'cover']"
command,"['company', 'accompanied', 'companies']"
attract,['latter']
hold,"['told', 'held', 'school']"
candidates,"['candidate', 'dates', 'handicaps']"
taller,"['teller', 'tailor', 'seller']"
seller,"['teller', 'taller', 'see']"
secondary,"['second', 'seconds', 'send']"
organizationshow,"['organizations', 'operations', 'communications']"
verifying,"['advertising', 'overseeing', 'describing']"
title,"['time', 'pile', 'file']"
checking,"['check', 'seeking', 'hearing']"
daytime,"['time', 'date', 'yourtime']"
discussing,"['discussion', 'discuss', 'issuing']"
indulge,['double']
generalities,"['universities', 'abilities', 'generic']"
gimmicks,[]
fancy,"['agency', 'many']"
device,"['service', 'voice', 'services']"
backfire,[]
conservative,"['consideration', 'negative', 'considerable']"
boring,"['bring', 'working', 'morning']"
heavy,"['head', 'have', 'easy']"
fashion,"['admission', 'faxing', 'action']"
aspects,"['phases', 'agents', 'set']"
ad,"['had', 'said', 'read']"
sounds,"['seconds', 'second', 'sued']"
confident,"['consider', 'considering', 'consideration']"
concise,"['continue', 'consider', 'close']"
verbs,"['years', 'terms', 'cover']"
tailor,"['taller', 'detail', 'stationery']"
spot,"['support', 'short', 'point']"
generic,"['generalities', 'agency']"
boilerplate,"['birthplace', 'corporate']"
seconds,"['second', 'sounds', 'secondary']"
critical,"['clerical', 'electrical']"
presenting,"['present', 'presentation', 'setting']"
clear,"['learn', 'leader', 'closer']"
picture,"['aptitude', 'future']"
couched,[]
determine,['veterinary']
understood,"['understand', 'understanding', 'interested']"
grammar,[]
smudged,"['sued', 'suited']"
spacing,"['placing', 'stating', 'spelling']"
resolution,"['restoration', 'routine', 'reservations']"
sharp,"['hair', 'short', 'heard']"
study,"['sued', 'student', 'students']"
graduating,"['graduate', 'education', 'indicating']"
orhow,['how']
seek,"['see', 'week', 'seeking']"
require,"['requirements', 'request', 'requested']"
specialized,"['special', 'personalize', 'specific']"
familiarize,"['military', 'abilities']"
anti,"['want', 'meantime', 'attention']"
discrimination,"['combination', 'administration', 'compensation']"
race,"['space', 'place', 'insurance']"
color,"['closer', 'collector', 'poor']"
complexion,"['complex', 'compensation', 'collection']"
birthplace,"['place', 'boilerplate', 'placed']"
attendance,"['attention', 'assistance']"
arrest,"['rest', 'nearest', 'result']"
military,"['similar', 'library', 'familiarize']"
discharge,['dispatcher']
workers,"['worked', 'work', 'writer']"
compensation,"['combination', 'mention', 'operations']"
surety,"['surgery', 'security', 'set']"
government,"['advertisement', 'overseeing', 'department']"
clearance,"['learned', 'learn', 'clear']"
denied,"['detailed', 'definite', 'mentioned']"
arrangements,"['arrange', 'requirements', 'agents']"
handicaps,['candidates']
memberships,[]
hobbies,[]
heard,"['head', 'had', 'year']"
complies,"['companies', 'complex', 'comes']"
faxing,"['fax', 'stating', 'spacing']"
yourtime,"['time', 'routine', 'daytime']"
discussconveniencemeet,['convenience']
exceed,"['excel', 'received', 'receive']"
criteriaexperience,"['experience', 'experienced']"
qualifies,"['qualifications', 'abilities', 'quality']"
forserious,"['reservations', 'operations']"
extensive,['receive']
withsimilar,['similar']
mostrecent,"['strengths', 'statement']"
positiongood,['position']
tomatch,['match']
advertisementten,"['advertisement', 'advertised', 'advertising']"
withinterested,"['interested', 'interest']"
awell,"['tell', 'call', 'tells']"
suited,"['sued', 'suitable', 'submit']"
forcareer,"['career', 'enforcement']"
withsentencesaccording,[]
restoration,"['reservations', 'presentation', 'resolution']"
analog,"['manage', 'manager', 'analyst']"
leader,"['reader', 'leave', 'learn']"
haul,[]
optic,"['domestic', 'voice']"
communications,"['communication', 'combination', 'community']"
dedicated,"['immediate', 'device', 'denied']"
administrative,"['administration', 'conservative']"
informed,"['form', 'information', 'enforcement']"
veterinary,"['yesterday', 'determine', 'elementary']"
technician,['technical']
analyst,['analog']
openings,"['opening', 'presenting', 'operations']"
occur,"['hour', 'focus']"
underwriting,"['writing', 'understanding', 'understand']"
microbiologist,[]
suitable,"['suited', 'possible', 'title']"
clerical,"['electrical', 'critical', 'medical']"
software,"['store', 'state']"
outlined,"['routine', 'obliged', 'yourtime']"
perfect,"['perfection', 'project', 'effective']"
bookstores,['store']
catering,"['answering', 'stating', 'indicating']"
valid,"['said', 'avoid']"
license,['ensure']
moving,"['morning', 'majoring', 'boring']"
violation,"['invitation', 'information', 'situation']"
resident,"['present', 'student', 'side']"
suburbs,[]
delinquent,"['equipment', 'guidelines']"
unit,"['it', 'community', 'suited']"
levels,"['level', 'leave', 'several']"
maintaining,"['mentioning', 'managing', 'mailing']"
leading,"['leaving', 'placing', 'hearing']"
dispatcher,"['space', 'discharge']"
ophthalmology,[]
administration,"['administrative', 'invitation', 'admission']"
satisfactory,"['satisfaction', 'factor', 'stationery']"
clinic,['science']
closer,"['close', 'cover', 'color']"
shorten,"['shorter', 'short', 'store']"
com,"['come', 'comes', 'confirm']"
mute,"['computer', 'suited', 'future']"
weekday,"['week', 'yesterday', 'way']"
answering,"['catering', 'considering', 'counseling']"
learned,"['learn', 'clearance', 'pleased']"
broad,"['broadcast', 'read', 'bond']"
access,"['process', 'address', 'race']"
alarms,"['salary', 'claims', 'laws']"
aa,['area']
enforcement,"['informed', 'forcareer', 'efficient']"
favorable,"['formal', 'floral', 'available']"
electrical,"['clerical', 'critical', 'technical']"
agency,"['fancy', 'agents', 'age']"
placing,"['spacing', 'plan', 'leaving']"
ms,['most']
qualifications,"['publications', 'applications', 'application']"
telemarketing,"['marketing', 'stating', 'seeking']"
convention,"['conventional', 'convenience', 'compensation']"
strengths,"['students', 'strong', 'mostrecent']"
skillshow,['skills']
aptitude,"['picture', 'title']"
team,['terms']
majoring,"['morning', 'moving', 'boring']"
summer,"['summary', 'number', 'surgery']"
slight,"['lighting', 'weight', 'height']"
genuine,"['engineer', 'mentioned', 'ensure']"
strong,"['strengths', 'stating', 'setting']"
desire,"['designer', 'describe', 'ensure']"
excel,"['exceed', 'level']"
hundreds,['needs']
oldest,"['told', 'rest', 'most']"
level,"['levels', 'leave', 'several']"
overseeing,"['seeking', 'advertising', 'verifying']"
agents,"['assignments', 'get', 'arrangements']"
graduate,"['graduating', 'date', 'great']"
phases,"['emphasize', 'pleased', 'parties']"
issuing,"['discussing', 'pursuing', 'including']"
seat,"['set', 'state', 'speak']"
assignments,"['agents', 'appointment', 'arrangements']"
assisting,"['assistant', 'assistance', 'writing']"
assembly,[]
thorough,['rough']
tariffs,[]
convenience,"['convention', 'conventional', 'science']"
