accept,"['acceptances', 'tact', 'face']"
say,"['way', 'salary', 'day']"
pleasure,"['place', 'leave', 'learn']"
person,"['personal', 'reason', 'persuading']"
happy,[]
write,"['writing', 'typewritten', 'handwritten']"
other,"['others', 'note', 'hear']"
letter,"['letters', 'letterhead', 'lettersdear']"
first,"['firm', 'interest', 'visit']"
invitations,"['situations', 'indication', 'situation']"
see,"['use', 'set', 'seeing']"
have,"['leave', 'change']"
offer,"['office', 'offices', 'refer']"
discuss,"['discussion', 'discussing']"
date,"['dates', 'debate', 'late']"
company,['many']
questions,"['requesting', 'situations', 'request']"
able,"['unable', 'sales', 'available']"
look,"['looking', 'tolooking']"
thanks,"['thank', 'thinks', 'think']"
enclosed,"['enclose', 'close', 'enjoyed']"
want,"['wanting', 'plant']"
meeting,"['meetings', 'ablemeeting', 'seeing']"
job,[]
do,"['drop', 'done']"
time,"['times', 'timeset', 'longtime']"
how,['show']
let,"['set', 'letter', 'length']"
acceptances,['accept']
position,"['postpone', 'positive', 'situation']"
use,"['house', 'set', 'see']"
tell,['sell']
asking,"['making', 'using', 'thanking']"
application,"['applications', 'appreciation', 'complicationof']"
week,[]
contract,"['contracts', 'contact', 'contacts']"
call,['cancel']
come,"['home', 'complex', 'customer']"
writing,"['wanting', 'wrong', 'write']"
repeat,"['repeated', 'report', 'request']"
contribution,"['contributions', 'confirmation', 'combination']"
expression,"['express', 'president', 'reason']"
part,"['past', 'plant', 'report']"
take,"['make', 'thank', 'state']"
evening,"['seeing', 'sending', 'meeting']"
send,"['sending', 'seeing', 'listed']"
brief,"['bridge', 'write', 'refer']"
answer,['lawyer']
word,"['work', 'order']"
state,"['strategy', 'estimate', 'take']"
personal,['person']
mail,"['materials', 'making', 'formal']"
salary,['say']
telephone,['phone']
number,[]
large,"['are', 'late', 'arrange']"
ask,['asking']
secretary,['secure']
thank,"['thanks', 'think', 'thanking']"
letterhead,"['lettersdear', 'letter', 'letters']"
requested,"['request', 'requesting', 'repeated']"
appreciate,"['appreciation', 'appropriate', 'projected']"
office,"['offices', 'offer', 'efficient']"
response,"['reason', 'responsibilities', 'purpose']"
speak,['special']
next,[]
work,['word']
much,[]
looking,"['tolooking', 'look', 'following']"
way,"['say', 'day']"
request,"['requested', 'requesting', 'requirements']"
letters,"['letter', 'lettersdear', 'letterhead']"
place,"['places', 'plastic', 'late']"
contributions,"['contribution', 'confirmation', 'contracts']"
express,"['expression', 'progress', 'expertise']"
agreeing,"['seeing', 'requesting', 'meeting']"
needs,"['need', 'ness', 'interest']"
home,"['hope', 'come', 'phone']"
equipment,"['requirements', 'request']"
seeing,"['sending', 'meeting', 'evening']"
future,"['cultured', 'tour', 'free']"
action,"['application', 'situation', 'satisfaction']"
avoid,['video']
busy,[]
stop,['stone']
simple,"['samples', 'complex', 'time']"
possible,['positive']
late,"['latest', 'date', 'state']"
apologize,['apology']
deal,"['equal', 'delay', 'debate']"
make,"['take', 'made', 'making']"
more,"['order', 'moment', 'forget']"
mention,"['invention', 'intention', 'meeting']"
listed,"['limited', 'little', 'interested']"
special,"['speak', 'specifics']"
interview,"['interviews', 'interest', 'review']"
information,"['confirmation', 'indication', 'invitations']"
situations,"['situation', 'invitations', 'position']"
cases,"['sets', 'aspects', 'sales']"
phone,"['telephone', 'hope', 'home']"
day,"['days', 'delay', 'way']"
handwritten,"['typewritten', 'write']"
e,[]
formal,"['freemay', 'mail', 'firm']"
apology,"['apologize', 'genealogy']"
meet,"['timeset', 'meeting', 'meetings']"
estimate,"['state', 'investigated', 'time']"
it,"['sit', 'omit']"
new,['few']
assistant,['persistent']
director,[]
enjoyed,['enclosed']
responsibilities,"['response', 'disabilities']"
understand,"['understanding', 'interested']"
minutes,"['minute', 'interest', 'months']"
give,['gained']
production,"['product', 'position', 'appreciation']"
suggest,"['set', 'get']"
materials,['mail']
set,"['sets', 'use', 'sit']"
appointment,"['appointments', 'appropriate', 'intention']"
meetings,"['meeting', 'ablemeeting', 'seeing']"
thought,['out']
refusals,"['refusing', 'reflects', 'rebuttal']"
received,['repeated']
know,"['unknown', 'no']"
confirmation,"['confirming', 'information', 'confirm']"
order,"['word', 'more', 'sorry']"
acknowledgments,[]
confirm,"['confirmed', 'confirming', 'confirmation']"
message,[]
contact,"['contract', 'contacts', 'contracts']"
need,"['needs', 'increased', 'gained']"
appropriate,"['appreciate', 'appointment', 'appreciation']"
sales,"['samples', 'sets', 'able']"
refer,"['references', 'free', 'reflects']"
previous,['dateprevious']
hear,"['hearing', 'years', 'other']"
business,"['businesses', 'ness', 'using']"
made,['make']
cards,"['years', 'cases', 'areas']"
delay,"['day', 'deal', 'days']"
note,"['other', 'no', 'others']"
close,"['enclose', 'enclosed', 'cost']"
handled,"['scheduled', 'harangued', 'gained']"
address,"['areas', 'are']"
follow,['following']
report,"['repeat', 'part']"
evaluated,['late']
people,"['couple', 'complex', 'hope']"
applications,"['application', 'appreciation', 'complicationof']"
interviews,"['interview', 'interest', 'interested']"
copies,"['couple', 'offices', 'complex']"
samples,"['sales', 'simple', 'places']"
yesterday,['lettersdear']
several,"['level', 'see']"
delivery,"['believe', 'delay']"
review,"['interview', 'interviews', 'service']"
get,"['set', 'let', 'got']"
arrange,"['arranged', 'harangued', 'arrangements']"
present,"['president', 'persistent', 'representative']"
dates,"['date', 'latest', 'debate']"
explain,"['replacing', 'playing', 'plant']"
appreciation,"['appreciate', 'application', 'applications']"
confirming,"['confirm', 'confirmation', 'confirmed']"
sending,"['seeing', 'reminding', 'send']"
confirmed,"['confirm', 'confirming', 'informed']"
requirements,"['equipment', 'refreshments', 'arrangements']"
length,"['tenth', 'let']"
fax,[]
immediate,"['indicate', 'medication', 'limited']"
interest,"['interested', 'interviews', 'interview']"
organization,"['confirmation', 'communications', 'information']"
many,"['company', 'allenmany', 'making']"
unknown,['know']
keep,[]
memo,[]
concerns,"['contacts', 'cover']"
catalog,[]
property,"['appropriate', 'proposed', 'upper']"
current,['secure']
customer,"['come', 'stronger', 'computer']"
progress,"['program', 'express']"
making,"['asking', 'thanking', 'managing']"
had,['handled']
glad,['gained']
contracts,"['contract', 'contacts', 'contact']"
employee,[]
situation,"['situations', 'position', 'invitations']"
résumé,[]
qualified,"['satisfied', 'limited']"
lettersdear,"['letters', 'letterhead', 'letter']"
leave,"['level', 'late', 'have']"
others,"['other', 'months', 'letters']"
understanding,"['understand', 'outstanding', 'persuading']"
few,['new']
using,"['refusing', 'tubing', 'seeing']"
complex,"['couple', 'come', 'computer']"
appointments,"['appointment', 'appropriate']"
up,[]
sorry,['order']
product,"['production', 'projected', 'out']"
learn,"['hearing', 'hear', 'wearying']"
done,"['stone', 'phone', 'doses']"
years,"['hear', 'learn', 'cards']"
past,"['part', 'plastic', 'plant']"
inconvenience,"['convenient', 'commitmentsconvenient', 'invention']"
continue,"['discontinuing', 'longtime', 'contribution']"
believe,"['level', 'leave', 'delivery']"
positive,"['position', 'postpone', 'possible']"
indicate,"['indication', 'immediate', 'invited']"
wrong,"['writing', 'wearying', 'stronger']"
free,"['freemay', 'refer', 'review']"
months,"['others', 'moment', 'minutes']"
sell,['tell']
refusing,"['requesting', 'using', 'refusals']"
services,"['service', 'vice', 'interviews']"
substitute,[]
wish,[]
computer,"['complex', 'come', 'customer']"
effect,"['effective', 'reflects', 'efficient']"
lawyer,"['answer', 'late']"
businesses,['business']
strategy,"['state', 'estimate']"
managing,"['engaging', 'changing', 'making']"
satisfied,"['satisfaction', 'qualified']"
little,"['listed', 'limited', 'line']"
benefit,['benefiting']
cost,"['close', 'curiosity', 'copies']"
got,"['out', 'get']"
firm,"['confirm', 'first', 'confirmed']"
typed,[]
amends,"['samples', 'send']"
days,"['day', 'delay', 'dates']"
colored,"['enclosed', 'cultured', 'close']"
hope,"['home', 'phone', 'house']"
replacing,"['preparing', 'playing', 'explain']"
interested,"['interest', 'increased', 'interviews']"
hearing,"['wearying', 'regarding', 'preparing']"
requesting,"['request', 'refusing', 'requested']"
reason,"['areas', 'response', 'person']"
visit,"['visiting', 'sit', 'division']"
satisfaction,"['situation', 'satisfied', 'action']"
plant,"['plansmeet', 'want', 'playing']"
line,"['like', 'minute', 'little']"
limited,"['listed', 'invited', 'qualified']"
times,"['time', 'timeset', 'longtime']"
offices,"['office', 'offer', 'efficient']"
unable,"['able', 'trouble', 'doubles']"
think,"['thinks', 'thank', 'thanks']"
tact,"['contact', 'state', 'contract']"
like,"['line', 'little', 'listed']"
alternatives,"['alternative', 'assertive', 'decorative']"
getting,"['putting', 'meeting', 'meetings']"
program,['progress']
typewritten,"['persistent', 'persistence', 'handwritten']"
helpful,[]
following,"['follow', 'tolooking', 'looking']"
thanking,"['thank', 'changing', 'thanks']"
obliged,"['listed', 'bridge']"
available,['able']
vice,"['service', 'video', 'services']"
references,"['reflects', 'refer']"
management,"['arrangements', 'managing', 'engagementmove']"
schedule,"['schedules', 'scheduled']"
service,"['services', 'vice', 'interview']"
convenient,"['inconvenience', 'commitmentsconvenient']"
preparing,"['replacing', 'regarding', 'hearing']"
visiting,"['visit', 'writing', 'position']"
effective,"['effect', 'decorative']"
house,"['use', 'hour', 'hope']"
couple,"['complex', 'people', 'copies']"
outstanding,"['understanding', 'sending', 'putting']"
tenth,['length']
upper,"['supplier', 'property']"
photographs,[]
supplier,['upper']
bridge,"['brief', 'obliged']"
change,"['changing', 'harangued', 'cancel']"
increased,"['interested', 'sincere', 'crafted']"
town,"['toan', 'stone', 'action']"
are,"['area', 'large', 'areas']"
hour,"['tour', 'occur', 'house']"
division,"['discussion', 'invitations', 'visiting']"
purchasing,"['using', 'changing', 'preparing']"
purpose,"['proposed', 'response', 'promised']"
identify,[]
daughter,"['date', 'dates']"
area,"['areas', 'are', 'acreage']"
efficient,"['office', 'effect', 'offices']"
emphasis,[]
putting,"['getting', 'using', 'outstanding']"
face,"['place', 'places', 'office']"
investigated,"['invited', 'estimate', 'interested']"
promised,"['proposed', 'purpose', 'accomplished']"
neighbor,[]
original,[]
forget,"['get', 'more', 'free']"
afraid,['area']
discussion,"['discussing', 'discuss', 'division']"
cover,"['overlap', 'come', 'customer']"
goals,['sales']
representative,"['present', 'repeated', 'refreshments']"
combination,"['complicationof', 'communications', 'confirmation']"
discussing,"['discussion', 'discuss', 'discontinuing']"
aspects,"['sets', 'cases', 'specifics']"
arrangements,"['arrange', 'management', 'arranged']"
communications,"['combination', 'complicationof', 'confirmation']"
informed,"['confirmed', 'information', 'hired']"
occur,"['tour', 'hour']"
software,['state']
level,"['leave', 'several', 'believe']"
canceling,"['cancel', 'changing', 'wanting']"
cancel,"['canceling', 'change', 'face']"
plastic,"['past', 'plant', 'place']"
tubing,"['using', 'writing', 'wanting']"
arranged,"['arrange', 'harangued', 'arrangements']"
changing,"['thanking', 'managing', 'change']"
areas,"['area', 'are', 'reason']"
postponing,"['postpone', 'position', 'outstanding']"
postpone,"['postponing', 'stone', 'position']"
tour,"['hour', 'occur', 'future']"
stone,"['stronger', 'postpone', 'town']"
allenmany,['many']
altering,"['wanting', 'hearing', 'alternative']"
reminding,"['sending', 'regarding', 'writing']"
persuading,"['understanding', 'regarding', 'preparing']"
secure,"['see', 'secretary', 'sincere']"
crafted,"['repeated', 'increased']"
places,"['place', 'latest', 'samples']"
specifics,"['special', 'aspects']"
alternative,"['alternatives', 'assertive', 'decorative']"
proposed,"['purpose', 'promised', 'response']"
accomplished,"['complex', 'promised']"
enclose,"['enclosed', 'close']"
contacts,"['contracts', 'contact', 'contract']"
intention,"['invention', 'mention', 'invitations']"
omit,"['it', 'committed', 'moment']"
invited,"['investigated', 'limited', 'indicate']"
refreshments,"['requirements', 'arrangements', 'references']"
video,"['vice', 'avoid']"
assertive,"['alternative', 'alternatives', 'decorative']"
sets,"['set', 'aspects', 'sales']"
persistent,"['persistence', 'president', 'present']"
wanting,"['want', 'writing', 'wearying']"
determined,['letterhead']
genealogy,['apology']
playing,"['replacing', 'explain', 'wearying']"
equal,"['deal', 'refusals', 'rebuttal']"
doses,"['sets', 'doubles', 'done']"
ness,"['needs', 'business']"
persistence,"['persistent', 'typewritten', 'president']"
no,"['note', 'know']"
moment,"['months', 'management', 'mention']"
minute,"['minutes', 'limited', 'invited']"
rebuttal,"['refusals', 'equal']"
engaging,"['managing', 'regarding', 'sending']"
wearying,"['hearing', 'regarding', 'preparing']"
debate,"['date', 'dates', 'decorative']"
harangued,"['arranged', 'arrange', 'change']"
repeated,"['repeat', 'requested', 'unexpected']"
doubles,"['trouble', 'doses', 'schedules']"
pique,['unique']
curiosity,['cost']
thinks,"['think', 'thanks', 'thank']"
gained,"['invited', 'handled', 'need']"
sincere,"['interest', 'interview', 'increased']"
out,"['got', 'thought', 'product']"
regarding,"['preparing', 'hearing', 'wearying']"
stronger,"['stone', 'postpone', 'customer']"
indication,"['medication', 'indicate', 'invitations']"
committed,"['limited', 'omit', 'come']"
plansmeet,"['plant', 'plastic', 'past']"
engagementmove,['management']
toan,"['town', 'thank', 'stone']"
unexpected,"['repeated', 'projected', 'expertise']"
complicationof,"['combination', 'application', 'communications']"
dateprevious,['previous']
commitmentsconvenient,"['inconvenience', 'convenient']"
timeset,"['times', 'time', 'meet']"
dateintroduce,[]
tolooking,"['looking', 'following', 'look']"
ablemeeting,"['meeting', 'meetings', 'benefiting']"
freemay,"['free', 'repeat', 'formal']"
invention,"['intention', 'mention', 'invitations']"
medication,"['indication', 'mention', 'complicationof']"
reflects,"['effect', 'references', 'refer']"
drop,['do']
latest,"['late', 'dates', 'places']"
ill,[]
academic,[]
paragraphsafter,[]
expertise,"['unexpected', 'persistent', 'express']"
overlap,['cover']
acreage,"['area', 'arrange', 'large']"
sit,"['it', 'visit', 'set']"
scheduled,"['schedule', 'schedules', 'handled']"
show,['how']
unique,['pique']
decorative,"['alternative', 'alternatives', 'effective']"
brick,['brief']
lightweight,[]
cultured,"['future', 'colored']"
benefiting,"['benefit', 'meeting', 'meetings']"
trouble,"['doubles', 'unable', 'couple']"
disabilities,['responsibilities']
hired,['informed']
energetic,[]
longtime,"['time', 'continue', 'times']"
discontinuing,"['discussing', 'continue', 'contribution']"
president,"['present', 'persistent', 'expression']"
manufacturers,['minutes']
data,"['date', 'dates', 'debate']"
projected,"['unexpected', 'appreciate', 'product']"
schedules,"['schedule', 'scheduled', 'doubles']"
